Timing Analyzer report for finalproject
Sat Sep 12 17:33:46 2026
Quartus Prime Version 25.1std.0 Build 1129 10/21/2025 SC Lite Edition


---------------------
; Table of Contents ;
---------------------
  1. Legal Notice
  2. Timing Analyzer Summary
  3. Parallel Compilation
  4. Clocks
  5. Slow 1200mV 85C Model Fmax Summary
  6. Timing Closure Recommendations
  7. Slow 1200mV 85C Model Setup Summary
  8. Slow 1200mV 85C Model Hold Summary
  9. Slow 1200mV 85C Model Recovery Summary
 10. Slow 1200mV 85C Model Removal Summary
 11. Slow 1200mV 85C Model Minimum Pulse Width Summary
 12. Slow 1200mV 85C Model Setup: 'Clock'
 13. Slow 1200mV 85C Model Hold: 'Clock'
 14. Slow 1200mV 85C Model Metastability Summary
 15. Slow 1200mV 0C Model Fmax Summary
 16. Slow 1200mV 0C Model Setup Summary
 17. Slow 1200mV 0C Model Hold Summary
 18. Slow 1200mV 0C Model Recovery Summary
 19. Slow 1200mV 0C Model Removal Summary
 20. Slow 1200mV 0C Model Minimum Pulse Width Summary
 21. Slow 1200mV 0C Model Setup: 'Clock'
 22. Slow 1200mV 0C Model Hold: 'Clock'
 23. Slow 1200mV 0C Model Metastability Summary
 24. Fast 1200mV 0C Model Setup Summary
 25. Fast 1200mV 0C Model Hold Summary
 26. Fast 1200mV 0C Model Recovery Summary
 27. Fast 1200mV 0C Model Removal Summary
 28. Fast 1200mV 0C Model Minimum Pulse Width Summary
 29. Fast 1200mV 0C Model Setup: 'Clock'
 30. Fast 1200mV 0C Model Hold: 'Clock'
 31. Fast 1200mV 0C Model Metastability Summary
 32. Multicorner Timing Analysis Summary
 33. Board Trace Model Assignments
 34. Input Transition Times
 35. Signal Integrity Metrics (Slow 1200mv 0c Model)
 36. Signal Integrity Metrics (Slow 1200mv 85c Model)
 37. Signal Integrity Metrics (Fast 1200mv 0c Model)
 38. Setup Transfers
 39. Hold Transfers
 40. Report TCCS
 41. Report RSKM
 42. Unconstrained Paths Summary
 43. Clock Status Summary
 44. Unconstrained Input Ports
 45. Unconstrained Output Ports
 46. Unconstrained Input Ports
 47. Unconstrained Output Ports
 48. Timing Analyzer Messages



----------------
; Legal Notice ;
----------------
Copyright (C) 2025  Altera Corporation. All rights reserved.
Your use of Altera Corporation's design tools, logic functions 
and other software and tools, and any partner logic 
functions, and any output files from any of the foregoing 
(including device programming or simulation files), and any 
associated documentation or information are expressly subject 
to the terms and conditions of the Altera Program License 
Subscription Agreement, the Altera Quartus Prime License Agreement,
the Altera IP License Agreement, or other applicable license
agreement, including, without limitation, that your use is for
the sole purpose of programming logic devices manufactured by
Altera and sold by Altera or its authorized distributors.  Please
refer to the Altera Software License Subscription Agreements 
on the Quartus Prime software download page.



+---------------------------------------------------------------------------------+
; Timing Analyzer Summary                                                         ;
+-----------------------+---------------------------------------------------------+
; Quartus Prime Version ; Version 25.1std.0 Build 1129 10/21/2025 SC Lite Edition ;
; Timing Analyzer       ; Legacy Timing Analyzer                                  ;
; Revision Name         ; finalproject                                            ;
; Device Family         ; Cyclone IV E                                            ;
; Device Name           ; EP4CE6E22C6                                             ;
; Timing Models         ; Final                                                   ;
; Delay Model           ; Combined                                                ;
; Rise/Fall Delays      ; Enabled                                                 ;
+-----------------------+---------------------------------------------------------+


+------------------------------------------+
; Parallel Compilation                     ;
+----------------------------+-------------+
; Processors                 ; Number      ;
+----------------------------+-------------+
; Number detected on machine ; 20          ;
; Maximum allowed            ; 16          ;
;                            ;             ;
; Average used               ; 1.09        ;
; Maximum used               ; 16          ;
;                            ;             ;
; Usage by Processor         ; % Time Used ;
;     Processor 1            ; 100.0%      ;
;     Processors 2-16        ;   0.6%      ;
+----------------------------+-------------+


+-----------------------------------------------------------------------------------------------------------------------------------------------------------------------------------+
; Clocks                                                                                                                                                                            ;
+------------+------+--------+------------+-------+-------+------------+-----------+-------------+-------+--------+-----------+------------+----------+--------+--------+-----------+
; Clock Name ; Type ; Period ; Frequency  ; Rise  ; Fall  ; Duty Cycle ; Divide by ; Multiply by ; Phase ; Offset ; Edge List ; Edge Shift ; Inverted ; Master ; Source ; Targets   ;
+------------+------+--------+------------+-------+-------+------------+-----------+-------------+-------+--------+-----------+------------+----------+--------+--------+-----------+
; Clock      ; Base ; 1.000  ; 1000.0 MHz ; 0.000 ; 0.500 ;            ;           ;             ;       ;        ;           ;            ;          ;        ;        ; { Clock } ;
+------------+------+--------+------------+-------+-------+------------+-----------+-------------+-------+--------+-----------+------------+----------+--------+--------+-----------+


+--------------------------------------------------+
; Slow 1200mV 85C Model Fmax Summary               ;
+------------+-----------------+------------+------+
; Fmax       ; Restricted Fmax ; Clock Name ; Note ;
+------------+-----------------+------------+------+
; 151.98 MHz ; 151.98 MHz      ; Clock      ;      ;
+------------+-----------------+------------+------+
This panel reports FMAX for every clock in the design, regardless of the user-specified clock periods.  FMAX is only computed for paths where the source and destination registers or ports are driven by the same clock.  Paths of different clocks, including generated clocks, are ignored.  For paths between a clock and its inversion, FMAX is computed as if the rising and falling edges are scaled along with FMAX, such that the duty cycle (in terms of a percentage) is maintained. Altera recommends that you always use clock constraints and other slack reports for sign-off analysis.


----------------------------------
; Timing Closure Recommendations ;
----------------------------------
HTML report is unavailable in plain text report export.


+-------------------------------------+
; Slow 1200mV 85C Model Setup Summary ;
+-------+--------+--------------------+
; Clock ; Slack  ; End Point TNS      ;
+-------+--------+--------------------+
; Clock ; -3.763 ; -30.992            ;
+-------+--------+--------------------+


+------------------------------------+
; Slow 1200mV 85C Model Hold Summary ;
+-------+-------+--------------------+
; Clock ; Slack ; End Point TNS      ;
+-------+-------+--------------------+
; Clock ; 0.358 ; 0.000              ;
+-------+-------+--------------------+


------------------------------------------
; Slow 1200mV 85C Model Recovery Summary ;
------------------------------------------
No paths to report.


-----------------------------------------
; Slow 1200mV 85C Model Removal Summary ;
-----------------------------------------
No paths to report.


+---------------------------------------------------+
; Slow 1200mV 85C Model Minimum Pulse Width Summary ;
+-------+--------+----------------------------------+
; Clock ; Slack  ; End Point TNS                    ;
+-------+--------+----------------------------------+
; Clock ; -3.000 ; -37.000                          ;
+-------+--------+----------------------------------+


+----------------------------------------------------------------------------------------------------------------------------+
; Slow 1200mV 85C Model Setup: 'Clock'                                                                                       ;
+--------+-----------------------+---------------------+--------------+-------------+--------------+------------+------------+
; Slack  ; From Node             ; To Node             ; Launch Clock ; Latch Clock ; Relationship ; Clock Skew ; Data Delay ;
+--------+-----------------------+---------------------+--------------+-------------+--------------+------------+------------+
; -3.763 ; latch1:inst2|Q[2]     ; ALU:inst3|Result[7] ; Clock        ; Clock       ; 1.000        ; 0.262      ; 5.020      ;
; -3.612 ; latch1:inst|Q[1]      ; ALU:inst3|Result[7] ; Clock        ; Clock       ; 1.000        ; 0.262      ; 4.869      ;
; -3.594 ; latch1:inst|Q[0]      ; ALU:inst3|Result[7] ; Clock        ; Clock       ; 1.000        ; 0.262      ; 4.851      ;
; -3.573 ; latch1:inst|Q[2]      ; ALU:inst3|Result[3] ; Clock        ; Clock       ; 1.000        ; 0.260      ; 4.828      ;
; -3.523 ; latch1:inst|Q[2]      ; ALU:inst3|Result[5] ; Clock        ; Clock       ; 1.000        ; 0.262      ; 4.780      ;
; -3.484 ; latch1:inst2|Q[3]     ; ALU:inst3|Result[7] ; Clock        ; Clock       ; 1.000        ; 0.262      ; 4.741      ;
; -3.471 ; latch1:inst2|Q[1]     ; ALU:inst3|Result[7] ; Clock        ; Clock       ; 1.000        ; 0.262      ; 4.728      ;
; -3.470 ; latch1:inst2|Q[0]     ; ALU:inst3|Result[7] ; Clock        ; Clock       ; 1.000        ; 0.262      ; 4.727      ;
; -3.463 ; latch1:inst|Q[2]      ; ALU:inst3|Result[6] ; Clock        ; Clock       ; 1.000        ; 0.262      ; 4.720      ;
; -3.432 ; latch1:inst|Q[2]      ; ALU:inst3|Result[7] ; Clock        ; Clock       ; 1.000        ; 0.262      ; 4.689      ;
; -3.377 ; latch1:inst|Q[5]      ; ALU:inst3|Result[7] ; Clock        ; Clock       ; 1.000        ; 0.262      ; 4.634      ;
; -3.375 ; latch1:inst2|Q[4]     ; ALU:inst3|Result[7] ; Clock        ; Clock       ; 1.000        ; 0.262      ; 4.632      ;
; -3.351 ; latch1:inst|Q[1]      ; ALU:inst3|Result[2] ; Clock        ; Clock       ; 1.000        ; 0.260      ; 4.606      ;
; -3.349 ; latch1:inst|Q[3]      ; ALU:inst3|Result[7] ; Clock        ; Clock       ; 1.000        ; 0.262      ; 4.606      ;
; -3.335 ; latch1:inst|Q[2]      ; ALU:inst3|Result[4] ; Clock        ; Clock       ; 1.000        ; 0.262      ; 4.592      ;
; -3.245 ; latch1:inst|Q[0]      ; ALU:inst3|Result[2] ; Clock        ; Clock       ; 1.000        ; 0.260      ; 4.500      ;
; -3.236 ; latch1:inst|Q[4]      ; ALU:inst3|Result[7] ; Clock        ; Clock       ; 1.000        ; 0.262      ; 4.493      ;
; -3.236 ; latch1:inst2|Q[5]     ; ALU:inst3|Result[7] ; Clock        ; Clock       ; 1.000        ; 0.262      ; 4.493      ;
; -3.210 ; latch1:inst2|Q[1]     ; ALU:inst3|Result[2] ; Clock        ; Clock       ; 1.000        ; 0.260      ; 4.465      ;
; -3.169 ; latch1:inst|Q[7]      ; ALU:inst3|Result[7] ; Clock        ; Clock       ; 1.000        ; 0.258      ; 4.422      ;
; -3.126 ; latch1:inst2|Q[0]     ; ALU:inst3|Result[2] ; Clock        ; Clock       ; 1.000        ; 0.260      ; 4.381      ;
; -3.123 ; latch1:inst2|Q[2]     ; ALU:inst3|Result[5] ; Clock        ; Clock       ; 1.000        ; 0.262      ; 4.380      ;
; -3.120 ; latch1:inst|Q[6]      ; ALU:inst3|Result[7] ; Clock        ; Clock       ; 1.000        ; 0.262      ; 4.377      ;
; -3.119 ; latch1:inst2|Q[6]     ; ALU:inst3|Result[7] ; Clock        ; Clock       ; 1.000        ; 0.262      ; 4.376      ;
; -3.103 ; latch1:inst2|Q[2]     ; ALU:inst3|Result[3] ; Clock        ; Clock       ; 1.000        ; 0.260      ; 4.358      ;
; -3.067 ; latch1:inst2|Q[2]     ; ALU:inst3|Result[2] ; Clock        ; Clock       ; 1.000        ; 0.260      ; 4.322      ;
; -3.057 ; latch1:inst2|Q[7]     ; ALU:inst3|Result[7] ; Clock        ; Clock       ; 1.000        ; 0.262      ; 4.314      ;
; -3.031 ; latch1:inst|Q[2]      ; ALU:inst3|Result[2] ; Clock        ; Clock       ; 1.000        ; 0.260      ; 4.286      ;
; -2.972 ; latch1:inst|Q[1]      ; ALU:inst3|Result[5] ; Clock        ; Clock       ; 1.000        ; 0.262      ; 4.229      ;
; -2.960 ; latch1:inst|Q[0]      ; ALU:inst3|Result[1] ; Clock        ; Clock       ; 1.000        ; 0.260      ; 4.215      ;
; -2.954 ; latch1:inst|Q[0]      ; ALU:inst3|Result[5] ; Clock        ; Clock       ; 1.000        ; 0.262      ; 4.211      ;
; -2.952 ; latch1:inst|Q[1]      ; ALU:inst3|Result[3] ; Clock        ; Clock       ; 1.000        ; 0.260      ; 4.207      ;
; -2.934 ; latch1:inst|Q[0]      ; ALU:inst3|Result[3] ; Clock        ; Clock       ; 1.000        ; 0.260      ; 4.189      ;
; -2.900 ; latch1:inst2|Q[2]     ; ALU:inst3|Result[6] ; Clock        ; Clock       ; 1.000        ; 0.262      ; 4.157      ;
; -2.868 ; latch1:inst|Q[1]      ; ALU:inst3|Result[6] ; Clock        ; Clock       ; 1.000        ; 0.262      ; 4.125      ;
; -2.844 ; latch1:inst2|Q[3]     ; ALU:inst3|Result[5] ; Clock        ; Clock       ; 1.000        ; 0.262      ; 4.101      ;
; -2.840 ; latch1:inst2|Q[2]     ; ALU:inst3|Result[4] ; Clock        ; Clock       ; 1.000        ; 0.262      ; 4.097      ;
; -2.836 ; latch1:inst2|Q[0]     ; ALU:inst3|Result[1] ; Clock        ; Clock       ; 1.000        ; 0.260      ; 4.091      ;
; -2.831 ; latch1:inst2|Q[1]     ; ALU:inst3|Result[5] ; Clock        ; Clock       ; 1.000        ; 0.262      ; 4.088      ;
; -2.830 ; latch1:inst2|Q[0]     ; ALU:inst3|Result[5] ; Clock        ; Clock       ; 1.000        ; 0.262      ; 4.087      ;
; -2.830 ; latch1:inst2|Q[0]     ; ALU:inst3|Result[3] ; Clock        ; Clock       ; 1.000        ; 0.260      ; 4.085      ;
; -2.811 ; latch1:inst2|Q[1]     ; ALU:inst3|Result[3] ; Clock        ; Clock       ; 1.000        ; 0.260      ; 4.066      ;
; -2.793 ; latch1:inst|Q[1]      ; ALU:inst3|Result[4] ; Clock        ; Clock       ; 1.000        ; 0.262      ; 4.050      ;
; -2.790 ; machine:inst4|yfsm.s1 ; ALU:inst3|Result[3] ; Clock        ; Clock       ; 0.500        ; -0.005     ; 3.280      ;
; -2.761 ; latch1:inst|Q[0]      ; ALU:inst3|Result[6] ; Clock        ; Clock       ; 1.000        ; 0.262      ; 4.018      ;
; -2.735 ; latch1:inst2|Q[4]     ; ALU:inst3|Result[5] ; Clock        ; Clock       ; 1.000        ; 0.262      ; 3.992      ;
; -2.725 ; latch1:inst2|Q[3]     ; ALU:inst3|Result[6] ; Clock        ; Clock       ; 1.000        ; 0.262      ; 3.982      ;
; -2.715 ; latch1:inst2|Q[0]     ; ALU:inst3|Result[6] ; Clock        ; Clock       ; 1.000        ; 0.262      ; 3.972      ;
; -2.712 ; latch1:inst2|Q[1]     ; ALU:inst3|Result[6] ; Clock        ; Clock       ; 1.000        ; 0.262      ; 3.969      ;
; -2.712 ; machine:inst4|yfsm.s1 ; ALU:inst3|Result[6] ; Clock        ; Clock       ; 0.500        ; -0.003     ; 3.204      ;
; -2.710 ; machine:inst4|yfsm.s1 ; ALU:inst3|Result[4] ; Clock        ; Clock       ; 0.500        ; -0.003     ; 3.202      ;
; -2.709 ; latch1:inst|Q[3]      ; ALU:inst3|Result[5] ; Clock        ; Clock       ; 1.000        ; 0.262      ; 3.966      ;
; -2.687 ; latch1:inst|Q[0]      ; ALU:inst3|Result[4] ; Clock        ; Clock       ; 1.000        ; 0.262      ; 3.944      ;
; -2.670 ; machine:inst4|yfsm.s5 ; ALU:inst3|Result[3] ; Clock        ; Clock       ; 0.500        ; -0.005     ; 3.160      ;
; -2.665 ; latch1:inst2|Q[3]     ; ALU:inst3|Result[4] ; Clock        ; Clock       ; 1.000        ; 0.262      ; 3.922      ;
; -2.658 ; machine:inst4|yfsm.s1 ; ALU:inst3|Result[5] ; Clock        ; Clock       ; 0.500        ; -0.003     ; 3.150      ;
; -2.652 ; latch1:inst2|Q[1]     ; ALU:inst3|Result[4] ; Clock        ; Clock       ; 1.000        ; 0.262      ; 3.909      ;
; -2.652 ; machine:inst4|yfsm.s1 ; ALU:inst3|Result[1] ; Clock        ; Clock       ; 0.500        ; -0.005     ; 3.142      ;
; -2.636 ; latch1:inst|Q[5]      ; ALU:inst3|Result[6] ; Clock        ; Clock       ; 1.000        ; 0.262      ; 3.893      ;
; -2.615 ; latch1:inst2|Q[4]     ; ALU:inst3|Result[6] ; Clock        ; Clock       ; 1.000        ; 0.262      ; 3.872      ;
; -2.612 ; latch1:inst|Q[5]      ; ALU:inst3|Result[5] ; Clock        ; Clock       ; 1.000        ; 0.262      ; 3.869      ;
; -2.604 ; latch1:inst|Q[3]      ; ALU:inst3|Result[6] ; Clock        ; Clock       ; 1.000        ; 0.262      ; 3.861      ;
; -2.596 ; latch1:inst|Q[4]      ; ALU:inst3|Result[5] ; Clock        ; Clock       ; 1.000        ; 0.262      ; 3.853      ;
; -2.592 ; machine:inst4|yfsm.s5 ; ALU:inst3|Result[6] ; Clock        ; Clock       ; 0.500        ; -0.003     ; 3.084      ;
; -2.590 ; machine:inst4|yfsm.s5 ; ALU:inst3|Result[4] ; Clock        ; Clock       ; 0.500        ; -0.003     ; 3.082      ;
; -2.587 ; latch1:inst2|Q[0]     ; ALU:inst3|Result[4] ; Clock        ; Clock       ; 1.000        ; 0.262      ; 3.844      ;
; -2.577 ; machine:inst4|yfsm.s4 ; ALU:inst3|Result[2] ; Clock        ; Clock       ; 0.500        ; -0.005     ; 3.067      ;
; -2.574 ; latch1:inst2|Q[5]     ; ALU:inst3|Result[5] ; Clock        ; Clock       ; 1.000        ; 0.262      ; 3.831      ;
; -2.538 ; machine:inst4|yfsm.s5 ; ALU:inst3|Result[5] ; Clock        ; Clock       ; 0.500        ; -0.003     ; 3.030      ;
; -2.533 ; latch1:inst|Q[1]      ; ALU:inst3|Result[1] ; Clock        ; Clock       ; 1.000        ; 0.260      ; 3.788      ;
; -2.532 ; machine:inst4|yfsm.s5 ; ALU:inst3|Result[1] ; Clock        ; Clock       ; 0.500        ; -0.005     ; 3.022      ;
; -2.530 ; latch1:inst|Q[3]      ; ALU:inst3|Result[4] ; Clock        ; Clock       ; 1.000        ; 0.262      ; 3.787      ;
; -2.529 ; machine:inst4|yfsm.s5 ; ALU:inst3|Result[2] ; Clock        ; Clock       ; 0.500        ; -0.005     ; 3.019      ;
; -2.513 ; machine:inst4|yfsm.s4 ; ALU:inst3|Result[3] ; Clock        ; Clock       ; 0.500        ; -0.005     ; 3.003      ;
; -2.511 ; machine:inst4|yfsm.s3 ; ALU:inst3|Result[3] ; Clock        ; Clock       ; 0.500        ; -0.005     ; 3.001      ;
; -2.506 ; machine:inst4|yfsm.s1 ; ALU:inst3|Result[2] ; Clock        ; Clock       ; 0.500        ; -0.005     ; 2.996      ;
; -2.477 ; latch1:inst2|Q[5]     ; ALU:inst3|Result[6] ; Clock        ; Clock       ; 1.000        ; 0.262      ; 3.734      ;
; -2.456 ; machine:inst4|yfsm.s4 ; ALU:inst3|Result[1] ; Clock        ; Clock       ; 0.500        ; -0.005     ; 2.946      ;
; -2.433 ; machine:inst4|yfsm.s3 ; ALU:inst3|Result[6] ; Clock        ; Clock       ; 0.500        ; -0.003     ; 2.925      ;
; -2.431 ; machine:inst4|yfsm.s3 ; ALU:inst3|Result[4] ; Clock        ; Clock       ; 0.500        ; -0.003     ; 2.923      ;
; -2.429 ; machine:inst4|yfsm.s7 ; ALU:inst3|Neg       ; Clock        ; Clock       ; 0.500        ; -0.706     ; 2.218      ;
; -2.408 ; latch1:inst|Q[4]      ; ALU:inst3|Result[6] ; Clock        ; Clock       ; 1.000        ; 0.262      ; 3.665      ;
; -2.402 ; machine:inst4|yfsm.s7 ; ALU:inst3|Result[0] ; Clock        ; Clock       ; 0.500        ; -0.381     ; 2.516      ;
; -2.390 ; machine:inst4|yfsm.s4 ; ALU:inst3|Result[5] ; Clock        ; Clock       ; 0.500        ; -0.003     ; 2.882      ;
; -2.389 ; latch1:inst2|Q[3]     ; ALU:inst3|Result[3] ; Clock        ; Clock       ; 1.000        ; 0.260      ; 3.644      ;
; -2.385 ; latch1:inst2|Q[1]     ; ALU:inst3|Result[1] ; Clock        ; Clock       ; 1.000        ; 0.260      ; 3.640      ;
; -2.384 ; machine:inst4|yfsm.s3 ; ALU:inst3|Result[5] ; Clock        ; Clock       ; 0.500        ; -0.003     ; 2.876      ;
; -2.373 ; machine:inst4|yfsm.s3 ; ALU:inst3|Result[1] ; Clock        ; Clock       ; 0.500        ; -0.005     ; 2.863      ;
; -2.369 ; machine:inst4|yfsm.s4 ; ALU:inst3|Result[6] ; Clock        ; Clock       ; 0.500        ; -0.003     ; 2.861      ;
; -2.362 ; machine:inst4|yfsm.s4 ; ALU:inst3|Result[4] ; Clock        ; Clock       ; 0.500        ; -0.003     ; 2.854      ;
; -2.348 ; machine:inst4|yfsm.s1 ; ALU:inst3|Result[7] ; Clock        ; Clock       ; 0.500        ; -0.003     ; 2.840      ;
; -2.339 ; machine:inst4|yfsm.s4 ; ALU:inst3|Result[7] ; Clock        ; Clock       ; 0.500        ; -0.003     ; 2.831      ;
; -2.333 ; machine:inst4|yfsm.s3 ; ALU:inst3|Result[0] ; Clock        ; Clock       ; 0.500        ; -0.004     ; 2.824      ;
; -2.254 ; latch1:inst|Q[3]      ; ALU:inst3|Result[3] ; Clock        ; Clock       ; 1.000        ; 0.260      ; 3.509      ;
; -2.228 ; machine:inst4|yfsm.s5 ; ALU:inst3|Result[7] ; Clock        ; Clock       ; 0.500        ; -0.003     ; 2.720      ;
; -2.227 ; machine:inst4|yfsm.s3 ; ALU:inst3|Result[2] ; Clock        ; Clock       ; 0.500        ; -0.005     ; 2.717      ;
; -2.222 ; machine:inst4|yfsm.s3 ; ALU:inst3|Result[7] ; Clock        ; Clock       ; 0.500        ; -0.003     ; 2.714      ;
; -2.190 ; machine:inst4|yfsm.s2 ; ALU:inst3|Result[5] ; Clock        ; Clock       ; 0.500        ; -0.003     ; 2.682      ;
; -2.149 ; machine:inst4|yfsm.s1 ; ALU:inst3|Result[0] ; Clock        ; Clock       ; 0.500        ; -0.004     ; 2.640      ;
; -2.140 ; latch1:inst2|Q[4]     ; ALU:inst3|Result[4] ; Clock        ; Clock       ; 1.000        ; 0.262      ; 3.397      ;
+--------+-----------------------+---------------------+--------------+-------------+--------------+------------+------------+


+-----------------------------------------------------------------------------------------------------------------------------+
; Slow 1200mV 85C Model Hold: 'Clock'                                                                                         ;
+-------+-----------------------+-----------------------+--------------+-------------+--------------+------------+------------+
; Slack ; From Node             ; To Node               ; Launch Clock ; Latch Clock ; Relationship ; Clock Skew ; Data Delay ;
+-------+-----------------------+-----------------------+--------------+-------------+--------------+------------+------------+
; 0.358 ; ALU:inst3|Neg         ; ALU:inst3|Neg         ; Clock        ; Clock       ; 0.000        ; 0.062      ; 0.577      ;
; 0.535 ; machine:inst4|yfsm.s1 ; machine:inst4|yfsm.s2 ; Clock        ; Clock       ; 0.000        ; 0.063      ; 0.755      ;
; 0.537 ; machine:inst4|yfsm.s4 ; machine:inst4|yfsm.s5 ; Clock        ; Clock       ; 0.000        ; 0.063      ; 0.757      ;
; 0.548 ; machine:inst4|yfsm.s5 ; machine:inst4|yfsm.s6 ; Clock        ; Clock       ; 0.000        ; 0.063      ; 0.768      ;
; 0.557 ; machine:inst4|yfsm.s3 ; machine:inst4|yfsm.s4 ; Clock        ; Clock       ; 0.000        ; 0.063      ; 0.777      ;
; 0.840 ; machine:inst4|yfsm.s8 ; machine:inst4|yfsm.s0 ; Clock        ; Clock       ; 0.000        ; 0.066      ; 1.063      ;
; 0.904 ; machine:inst4|yfsm.s7 ; machine:inst4|yfsm.s8 ; Clock        ; Clock       ; 0.000        ; -0.299     ; 0.762      ;
; 0.922 ; machine:inst4|yfsm.s6 ; machine:inst4|yfsm.s7 ; Clock        ; Clock       ; 0.000        ; 0.440      ; 1.519      ;
; 0.951 ; latch1:inst|Q[4]      ; ALU:inst3|Result[4]   ; Clock        ; Clock       ; 0.000        ; 0.401      ; 1.509      ;
; 1.037 ; latch1:inst|Q[5]      ; ALU:inst3|Result[5]   ; Clock        ; Clock       ; 0.000        ; 0.401      ; 1.595      ;
; 1.084 ; machine:inst4|yfsm.s2 ; machine:inst4|yfsm.s3 ; Clock        ; Clock       ; 0.000        ; 0.063      ; 1.304      ;
; 1.108 ; latch1:inst|Q[3]      ; ALU:inst3|Result[3]   ; Clock        ; Clock       ; 0.000        ; 0.400      ; 1.665      ;
; 1.145 ; latch1:inst|Q[1]      ; ALU:inst3|Result[1]   ; Clock        ; Clock       ; 0.000        ; 0.400      ; 1.702      ;
; 1.149 ; latch1:inst2|Q[4]     ; ALU:inst3|Result[4]   ; Clock        ; Clock       ; 0.000        ; 0.401      ; 1.707      ;
; 1.160 ; latch1:inst|Q[7]      ; ALU:inst3|Result[7]   ; Clock        ; Clock       ; 0.000        ; 0.397      ; 1.714      ;
; 1.193 ; machine:inst4|yfsm.s5 ; ALU:inst3|Result[0]   ; Clock        ; Clock       ; -0.500       ; 0.136      ; 1.006      ;
; 1.215 ; latch1:inst2|Q[1]     ; ALU:inst3|Result[1]   ; Clock        ; Clock       ; 0.000        ; 0.400      ; 1.772      ;
; 1.230 ; latch1:inst2|Q[2]     ; ALU:inst3|Result[2]   ; Clock        ; Clock       ; 0.000        ; 0.400      ; 1.787      ;
; 1.238 ; latch1:inst|Q[2]      ; ALU:inst3|Result[2]   ; Clock        ; Clock       ; 0.000        ; 0.400      ; 1.795      ;
; 1.242 ; latch1:inst2|Q[3]     ; ALU:inst3|Result[3]   ; Clock        ; Clock       ; 0.000        ; 0.400      ; 1.799      ;
; 1.269 ; latch1:inst2|Q[5]     ; ALU:inst3|Result[5]   ; Clock        ; Clock       ; 0.000        ; 0.401      ; 1.827      ;
; 1.321 ; latch1:inst2|Q[7]     ; ALU:inst3|Result[7]   ; Clock        ; Clock       ; 0.000        ; 0.401      ; 1.879      ;
; 1.348 ; latch1:inst|Q[0]      ; ALU:inst3|Result[0]   ; Clock        ; Clock       ; 0.000        ; 0.400      ; 1.905      ;
; 1.364 ; latch1:inst2|Q[7]     ; ALU:inst3|Neg         ; Clock        ; Clock       ; 0.000        ; 0.061      ; 1.582      ;
; 1.417 ; machine:inst4|yfsm.s0 ; machine:inst4|yfsm.s1 ; Clock        ; Clock       ; 0.000        ; 0.060      ; 1.634      ;
; 1.455 ; latch1:inst2|Q[0]     ; ALU:inst3|Result[0]   ; Clock        ; Clock       ; 0.000        ; 0.400      ; 2.012      ;
; 1.527 ; latch1:inst|Q[6]      ; ALU:inst3|Result[6]   ; Clock        ; Clock       ; 0.000        ; 0.401      ; 2.085      ;
; 1.539 ; machine:inst4|yfsm.s7 ; ALU:inst3|Result[6]   ; Clock        ; Clock       ; -0.500       ; -0.225     ; 0.991      ;
; 1.540 ; machine:inst4|yfsm.s7 ; ALU:inst3|Result[4]   ; Clock        ; Clock       ; -0.500       ; -0.225     ; 0.992      ;
; 1.544 ; machine:inst4|yfsm.s7 ; ALU:inst3|Result[7]   ; Clock        ; Clock       ; -0.500       ; -0.225     ; 0.996      ;
; 1.544 ; machine:inst4|yfsm.s7 ; ALU:inst3|Result[5]   ; Clock        ; Clock       ; -0.500       ; -0.225     ; 0.996      ;
; 1.544 ; machine:inst4|yfsm.s8 ; ALU:inst3|Result[3]   ; Clock        ; Clock       ; -0.500       ; 0.136      ; 1.357      ;
; 1.544 ; machine:inst4|yfsm.s8 ; ALU:inst3|Result[2]   ; Clock        ; Clock       ; -0.500       ; 0.136      ; 1.357      ;
; 1.544 ; machine:inst4|yfsm.s8 ; ALU:inst3|Result[1]   ; Clock        ; Clock       ; -0.500       ; 0.136      ; 1.357      ;
; 1.662 ; latch1:inst2|Q[6]     ; ALU:inst3|Neg         ; Clock        ; Clock       ; 0.000        ; 0.061      ; 1.880      ;
; 1.713 ; machine:inst4|yfsm.s7 ; ALU:inst3|Result[3]   ; Clock        ; Clock       ; -0.500       ; -0.226     ; 1.164      ;
; 1.717 ; machine:inst4|yfsm.s7 ; ALU:inst3|Result[2]   ; Clock        ; Clock       ; -0.500       ; -0.226     ; 1.168      ;
; 1.717 ; machine:inst4|yfsm.s7 ; ALU:inst3|Result[1]   ; Clock        ; Clock       ; -0.500       ; -0.226     ; 1.168      ;
; 1.738 ; latch1:inst2|Q[6]     ; ALU:inst3|Result[6]   ; Clock        ; Clock       ; 0.000        ; 0.401      ; 2.296      ;
; 1.739 ; latch1:inst|Q[6]      ; ALU:inst3|Neg         ; Clock        ; Clock       ; 0.000        ; 0.061      ; 1.957      ;
; 1.777 ; latch1:inst|Q[5]      ; ALU:inst3|Neg         ; Clock        ; Clock       ; 0.000        ; 0.061      ; 1.995      ;
; 1.789 ; latch1:inst|Q[7]      ; ALU:inst3|Neg         ; Clock        ; Clock       ; 0.000        ; 0.057      ; 2.003      ;
; 1.802 ; machine:inst4|yfsm.s1 ; ALU:inst3|Result[2]   ; Clock        ; Clock       ; -0.500       ; 0.136      ; 1.615      ;
; 1.813 ; machine:inst4|yfsm.s1 ; ALU:inst3|Result[1]   ; Clock        ; Clock       ; -0.500       ; 0.136      ; 1.626      ;
; 1.854 ; latch1:inst2|Q[3]     ; ALU:inst3|Neg         ; Clock        ; Clock       ; 0.000        ; 0.061      ; 2.072      ;
; 1.864 ; machine:inst4|yfsm.s8 ; ALU:inst3|Result[0]   ; Clock        ; Clock       ; -0.500       ; 0.136      ; 1.677      ;
; 1.885 ; machine:inst4|yfsm.s2 ; ALU:inst3|Result[5]   ; Clock        ; Clock       ; -0.500       ; 0.137      ; 1.699      ;
; 1.889 ; machine:inst4|yfsm.s4 ; ALU:inst3|Result[0]   ; Clock        ; Clock       ; -0.500       ; 0.136      ; 1.702      ;
; 1.891 ; latch1:inst|Q[3]      ; ALU:inst3|Neg         ; Clock        ; Clock       ; 0.000        ; 0.061      ; 2.109      ;
; 1.900 ; latch1:inst2|Q[2]     ; ALU:inst3|Neg         ; Clock        ; Clock       ; 0.000        ; 0.061      ; 2.118      ;
; 1.935 ; machine:inst4|yfsm.s2 ; ALU:inst3|Result[7]   ; Clock        ; Clock       ; -0.500       ; 0.137      ; 1.749      ;
; 1.954 ; machine:inst4|yfsm.s1 ; ALU:inst3|Result[3]   ; Clock        ; Clock       ; -0.500       ; 0.136      ; 1.767      ;
; 1.966 ; latch1:inst|Q[2]      ; ALU:inst3|Neg         ; Clock        ; Clock       ; 0.000        ; 0.061      ; 2.184      ;
; 1.969 ; latch1:inst2|Q[4]     ; ALU:inst3|Neg         ; Clock        ; Clock       ; 0.000        ; 0.061      ; 2.187      ;
; 1.971 ; machine:inst4|yfsm.s6 ; ALU:inst3|Result[2]   ; Clock        ; Clock       ; -0.500       ; 0.136      ; 1.784      ;
; 1.978 ; machine:inst4|yfsm.s1 ; ALU:inst3|Result[4]   ; Clock        ; Clock       ; -0.500       ; 0.137      ; 1.792      ;
; 1.982 ; machine:inst4|yfsm.s1 ; ALU:inst3|Result[6]   ; Clock        ; Clock       ; -0.500       ; 0.137      ; 1.796      ;
; 1.983 ; machine:inst4|yfsm.s6 ; ALU:inst3|Result[1]   ; Clock        ; Clock       ; -0.500       ; 0.136      ; 1.796      ;
; 1.985 ; latch1:inst|Q[1]      ; ALU:inst3|Neg         ; Clock        ; Clock       ; 0.000        ; 0.061      ; 2.203      ;
; 2.003 ; latch1:inst2|Q[1]     ; ALU:inst3|Neg         ; Clock        ; Clock       ; 0.000        ; 0.061      ; 2.221      ;
; 2.033 ; latch1:inst|Q[0]      ; ALU:inst3|Neg         ; Clock        ; Clock       ; 0.000        ; 0.061      ; 2.251      ;
; 2.047 ; machine:inst4|yfsm.s2 ; ALU:inst3|Result[2]   ; Clock        ; Clock       ; -0.500       ; 0.136      ; 1.860      ;
; 2.055 ; machine:inst4|yfsm.s2 ; ALU:inst3|Result[0]   ; Clock        ; Clock       ; -0.500       ; 0.136      ; 1.868      ;
; 2.057 ; machine:inst4|yfsm.s2 ; ALU:inst3|Result[1]   ; Clock        ; Clock       ; -0.500       ; 0.136      ; 1.870      ;
; 2.088 ; machine:inst4|yfsm.s1 ; ALU:inst3|Neg         ; Clock        ; Clock       ; -0.500       ; -0.203     ; 1.562      ;
; 2.113 ; machine:inst4|yfsm.s2 ; ALU:inst3|Result[3]   ; Clock        ; Clock       ; -0.500       ; 0.136      ; 1.926      ;
; 2.116 ; machine:inst4|yfsm.s1 ; ALU:inst3|Result[0]   ; Clock        ; Clock       ; -0.500       ; 0.136      ; 1.929      ;
; 2.123 ; machine:inst4|yfsm.s8 ; ALU:inst3|Result[7]   ; Clock        ; Clock       ; -0.500       ; 0.137      ; 1.937      ;
; 2.123 ; machine:inst4|yfsm.s8 ; ALU:inst3|Result[6]   ; Clock        ; Clock       ; -0.500       ; 0.137      ; 1.937      ;
; 2.123 ; machine:inst4|yfsm.s8 ; ALU:inst3|Result[5]   ; Clock        ; Clock       ; -0.500       ; 0.137      ; 1.937      ;
; 2.123 ; machine:inst4|yfsm.s8 ; ALU:inst3|Result[4]   ; Clock        ; Clock       ; -0.500       ; 0.137      ; 1.937      ;
; 2.123 ; machine:inst4|yfsm.s6 ; ALU:inst3|Result[3]   ; Clock        ; Clock       ; -0.500       ; 0.136      ; 1.936      ;
; 2.144 ; machine:inst4|yfsm.s3 ; ALU:inst3|Result[5]   ; Clock        ; Clock       ; -0.500       ; 0.137      ; 1.958      ;
; 2.147 ; machine:inst4|yfsm.s6 ; ALU:inst3|Result[4]   ; Clock        ; Clock       ; -0.500       ; 0.137      ; 1.961      ;
; 2.151 ; machine:inst4|yfsm.s6 ; ALU:inst3|Result[6]   ; Clock        ; Clock       ; -0.500       ; 0.137      ; 1.965      ;
; 2.167 ; machine:inst4|yfsm.s3 ; ALU:inst3|Result[2]   ; Clock        ; Clock       ; -0.500       ; 0.136      ; 1.980      ;
; 2.170 ; machine:inst4|yfsm.s2 ; ALU:inst3|Result[4]   ; Clock        ; Clock       ; -0.500       ; 0.137      ; 1.984      ;
; 2.176 ; machine:inst4|yfsm.s2 ; ALU:inst3|Result[6]   ; Clock        ; Clock       ; -0.500       ; 0.137      ; 1.990      ;
; 2.179 ; machine:inst4|yfsm.s3 ; ALU:inst3|Result[1]   ; Clock        ; Clock       ; -0.500       ; 0.136      ; 1.992      ;
; 2.194 ; machine:inst4|yfsm.s3 ; ALU:inst3|Result[7]   ; Clock        ; Clock       ; -0.500       ; 0.137      ; 2.008      ;
; 2.206 ; machine:inst4|yfsm.s3 ; ALU:inst3|Result[0]   ; Clock        ; Clock       ; -0.500       ; 0.136      ; 2.019      ;
; 2.222 ; machine:inst4|yfsm.s3 ; ALU:inst3|Neg         ; Clock        ; Clock       ; -0.500       ; -0.203     ; 1.696      ;
; 2.231 ; machine:inst4|yfsm.s1 ; ALU:inst3|Result[7]   ; Clock        ; Clock       ; -0.500       ; 0.137      ; 2.045      ;
; 2.248 ; latch1:inst|Q[4]      ; ALU:inst3|Neg         ; Clock        ; Clock       ; 0.000        ; 0.061      ; 2.466      ;
; 2.256 ; machine:inst4|yfsm.s4 ; ALU:inst3|Neg         ; Clock        ; Clock       ; -0.500       ; -0.203     ; 1.730      ;
; 2.259 ; machine:inst4|yfsm.s8 ; ALU:inst3|Neg         ; Clock        ; Clock       ; -0.500       ; -0.203     ; 1.733      ;
; 2.260 ; machine:inst4|yfsm.s5 ; ALU:inst3|Result[7]   ; Clock        ; Clock       ; -0.500       ; 0.137      ; 2.074      ;
; 2.319 ; machine:inst4|yfsm.s3 ; ALU:inst3|Result[3]   ; Clock        ; Clock       ; -0.500       ; 0.136      ; 2.132      ;
; 2.320 ; machine:inst4|yfsm.s1 ; ALU:inst3|Result[5]   ; Clock        ; Clock       ; -0.500       ; 0.137      ; 2.134      ;
; 2.337 ; latch1:inst2|Q[5]     ; ALU:inst3|Neg         ; Clock        ; Clock       ; 0.000        ; 0.061      ; 2.555      ;
; 2.343 ; machine:inst4|yfsm.s3 ; ALU:inst3|Result[4]   ; Clock        ; Clock       ; -0.500       ; 0.137      ; 2.157      ;
; 2.347 ; machine:inst4|yfsm.s3 ; ALU:inst3|Result[6]   ; Clock        ; Clock       ; -0.500       ; 0.137      ; 2.161      ;
; 2.373 ; machine:inst4|yfsm.s5 ; ALU:inst3|Result[2]   ; Clock        ; Clock       ; -0.500       ; 0.136      ; 2.186      ;
; 2.374 ; machine:inst4|yfsm.s2 ; ALU:inst3|Neg         ; Clock        ; Clock       ; -0.500       ; -0.203     ; 1.848      ;
; 2.394 ; machine:inst4|yfsm.s7 ; ALU:inst3|Result[0]   ; Clock        ; Clock       ; -0.500       ; -0.226     ; 1.845      ;
; 2.400 ; machine:inst4|yfsm.s6 ; ALU:inst3|Result[7]   ; Clock        ; Clock       ; -0.500       ; 0.137      ; 2.214      ;
; 2.407 ; latch1:inst2|Q[0]     ; ALU:inst3|Neg         ; Clock        ; Clock       ; 0.000        ; 0.061      ; 2.625      ;
; 2.442 ; latch1:inst2|Q[6]     ; ALU:inst3|Result[7]   ; Clock        ; Clock       ; 0.000        ; 0.401      ; 3.000      ;
; 2.458 ; latch1:inst2|Q[5]     ; ALU:inst3|Result[7]   ; Clock        ; Clock       ; 0.000        ; 0.401      ; 3.016      ;
; 2.461 ; latch1:inst|Q[6]      ; ALU:inst3|Result[7]   ; Clock        ; Clock       ; 0.000        ; 0.401      ; 3.019      ;
+-------+-----------------------+-----------------------+--------------+-------------+--------------+------------+------------+


-----------------------------------------------
; Slow 1200mV 85C Model Metastability Summary ;
-----------------------------------------------
No synchronizer chains to report.


+--------------------------------------------------+
; Slow 1200mV 0C Model Fmax Summary                ;
+------------+-----------------+------------+------+
; Fmax       ; Restricted Fmax ; Clock Name ; Note ;
+------------+-----------------+------------+------+
; 171.06 MHz ; 171.06 MHz      ; Clock      ;      ;
+------------+-----------------+------------+------+
This panel reports FMAX for every clock in the design, regardless of the user-specified clock periods.  FMAX is only computed for paths where the source and destination registers or ports are driven by the same clock.  Paths of different clocks, including generated clocks, are ignored.  For paths between a clock and its inversion, FMAX is computed as if the rising and falling edges are scaled along with FMAX, such that the duty cycle (in terms of a percentage) is maintained. Altera recommends that you always use clock constraints and other slack reports for sign-off analysis.


+------------------------------------+
; Slow 1200mV 0C Model Setup Summary ;
+-------+--------+-------------------+
; Clock ; Slack  ; End Point TNS     ;
+-------+--------+-------------------+
; Clock ; -3.264 ; -26.453           ;
+-------+--------+-------------------+


+-----------------------------------+
; Slow 1200mV 0C Model Hold Summary ;
+-------+-------+-------------------+
; Clock ; Slack ; End Point TNS     ;
+-------+-------+-------------------+
; Clock ; 0.311 ; 0.000             ;
+-------+-------+-------------------+


-----------------------------------------
; Slow 1200mV 0C Model Recovery Summary ;
-----------------------------------------
No paths to report.


----------------------------------------
; Slow 1200mV 0C Model Removal Summary ;
----------------------------------------
No paths to report.


+--------------------------------------------------+
; Slow 1200mV 0C Model Minimum Pulse Width Summary ;
+-------+--------+---------------------------------+
; Clock ; Slack  ; End Point TNS                   ;
+-------+--------+---------------------------------+
; Clock ; -3.000 ; -37.000                         ;
+-------+--------+---------------------------------+


+----------------------------------------------------------------------------------------------------------------------------+
; Slow 1200mV 0C Model Setup: 'Clock'                                                                                        ;
+--------+-----------------------+---------------------+--------------+-------------+--------------+------------+------------+
; Slack  ; From Node             ; To Node             ; Launch Clock ; Latch Clock ; Relationship ; Clock Skew ; Data Delay ;
+--------+-----------------------+---------------------+--------------+-------------+--------------+------------+------------+
; -3.264 ; latch1:inst2|Q[2]     ; ALU:inst3|Result[7] ; Clock        ; Clock       ; 1.000        ; 0.245      ; 4.504      ;
; -3.135 ; latch1:inst|Q[2]      ; ALU:inst3|Result[3] ; Clock        ; Clock       ; 1.000        ; 0.244      ; 4.374      ;
; -3.100 ; latch1:inst|Q[0]      ; ALU:inst3|Result[7] ; Clock        ; Clock       ; 1.000        ; 0.245      ; 4.340      ;
; -3.100 ; latch1:inst|Q[1]      ; ALU:inst3|Result[7] ; Clock        ; Clock       ; 1.000        ; 0.245      ; 4.340      ;
; -3.093 ; latch1:inst|Q[2]      ; ALU:inst3|Result[5] ; Clock        ; Clock       ; 1.000        ; 0.245      ; 4.333      ;
; -2.985 ; latch1:inst2|Q[3]     ; ALU:inst3|Result[7] ; Clock        ; Clock       ; 1.000        ; 0.245      ; 4.225      ;
; -2.982 ; latch1:inst|Q[2]      ; ALU:inst3|Result[6] ; Clock        ; Clock       ; 1.000        ; 0.245      ; 4.222      ;
; -2.979 ; latch1:inst2|Q[0]     ; ALU:inst3|Result[7] ; Clock        ; Clock       ; 1.000        ; 0.245      ; 4.219      ;
; -2.975 ; latch1:inst2|Q[1]     ; ALU:inst3|Result[7] ; Clock        ; Clock       ; 1.000        ; 0.245      ; 4.215      ;
; -2.971 ; latch1:inst|Q[2]      ; ALU:inst3|Result[7] ; Clock        ; Clock       ; 1.000        ; 0.245      ; 4.211      ;
; -2.905 ; latch1:inst2|Q[4]     ; ALU:inst3|Result[7] ; Clock        ; Clock       ; 1.000        ; 0.245      ; 4.145      ;
; -2.897 ; latch1:inst|Q[5]      ; ALU:inst3|Result[7] ; Clock        ; Clock       ; 1.000        ; 0.245      ; 4.137      ;
; -2.872 ; latch1:inst|Q[2]      ; ALU:inst3|Result[4] ; Clock        ; Clock       ; 1.000        ; 0.245      ; 4.112      ;
; -2.870 ; latch1:inst|Q[3]      ; ALU:inst3|Result[7] ; Clock        ; Clock       ; 1.000        ; 0.245      ; 4.110      ;
; -2.839 ; latch1:inst|Q[1]      ; ALU:inst3|Result[2] ; Clock        ; Clock       ; 1.000        ; 0.244      ; 4.078      ;
; -2.776 ; latch1:inst|Q[4]      ; ALU:inst3|Result[7] ; Clock        ; Clock       ; 1.000        ; 0.245      ; 4.016      ;
; -2.773 ; latch1:inst2|Q[5]     ; ALU:inst3|Result[7] ; Clock        ; Clock       ; 1.000        ; 0.245      ; 4.013      ;
; -2.747 ; latch1:inst|Q[0]      ; ALU:inst3|Result[2] ; Clock        ; Clock       ; 1.000        ; 0.244      ; 3.986      ;
; -2.734 ; latch1:inst|Q[7]      ; ALU:inst3|Result[7] ; Clock        ; Clock       ; 1.000        ; 0.241      ; 3.970      ;
; -2.714 ; latch1:inst2|Q[1]     ; ALU:inst3|Result[2] ; Clock        ; Clock       ; 1.000        ; 0.244      ; 3.953      ;
; -2.699 ; latch1:inst2|Q[2]     ; ALU:inst3|Result[5] ; Clock        ; Clock       ; 1.000        ; 0.245      ; 3.939      ;
; -2.676 ; latch1:inst2|Q[6]     ; ALU:inst3|Result[7] ; Clock        ; Clock       ; 1.000        ; 0.245      ; 3.916      ;
; -2.676 ; latch1:inst|Q[6]      ; ALU:inst3|Result[7] ; Clock        ; Clock       ; 1.000        ; 0.245      ; 3.916      ;
; -2.668 ; latch1:inst2|Q[2]     ; ALU:inst3|Result[3] ; Clock        ; Clock       ; 1.000        ; 0.244      ; 3.907      ;
; -2.664 ; latch1:inst2|Q[7]     ; ALU:inst3|Result[7] ; Clock        ; Clock       ; 1.000        ; 0.245      ; 3.904      ;
; -2.644 ; latch1:inst2|Q[0]     ; ALU:inst3|Result[2] ; Clock        ; Clock       ; 1.000        ; 0.244      ; 3.883      ;
; -2.588 ; latch1:inst2|Q[2]     ; ALU:inst3|Result[2] ; Clock        ; Clock       ; 1.000        ; 0.244      ; 3.827      ;
; -2.572 ; latch1:inst|Q[2]      ; ALU:inst3|Result[2] ; Clock        ; Clock       ; 1.000        ; 0.244      ; 3.811      ;
; -2.535 ; latch1:inst|Q[0]      ; ALU:inst3|Result[5] ; Clock        ; Clock       ; 1.000        ; 0.245      ; 3.775      ;
; -2.535 ; latch1:inst|Q[1]      ; ALU:inst3|Result[5] ; Clock        ; Clock       ; 1.000        ; 0.245      ; 3.775      ;
; -2.533 ; latch1:inst|Q[0]      ; ALU:inst3|Result[1] ; Clock        ; Clock       ; 1.000        ; 0.244      ; 3.772      ;
; -2.504 ; latch1:inst|Q[0]      ; ALU:inst3|Result[3] ; Clock        ; Clock       ; 1.000        ; 0.244      ; 3.743      ;
; -2.479 ; latch1:inst|Q[1]      ; ALU:inst3|Result[3] ; Clock        ; Clock       ; 1.000        ; 0.244      ; 3.718      ;
; -2.460 ; latch1:inst2|Q[2]     ; ALU:inst3|Result[6] ; Clock        ; Clock       ; 1.000        ; 0.245      ; 3.700      ;
; -2.439 ; latch1:inst2|Q[0]     ; ALU:inst3|Result[3] ; Clock        ; Clock       ; 1.000        ; 0.244      ; 3.678      ;
; -2.436 ; latch1:inst|Q[1]      ; ALU:inst3|Result[6] ; Clock        ; Clock       ; 1.000        ; 0.245      ; 3.676      ;
; -2.423 ; machine:inst4|yfsm.s1 ; ALU:inst3|Result[3] ; Clock        ; Clock       ; 0.500        ; -0.006     ; 2.912      ;
; -2.420 ; latch1:inst2|Q[3]     ; ALU:inst3|Result[5] ; Clock        ; Clock       ; 1.000        ; 0.245      ; 3.660      ;
; -2.416 ; latch1:inst2|Q[2]     ; ALU:inst3|Result[4] ; Clock        ; Clock       ; 1.000        ; 0.245      ; 3.656      ;
; -2.414 ; latch1:inst2|Q[0]     ; ALU:inst3|Result[5] ; Clock        ; Clock       ; 1.000        ; 0.245      ; 3.654      ;
; -2.412 ; latch1:inst2|Q[0]     ; ALU:inst3|Result[1] ; Clock        ; Clock       ; 1.000        ; 0.244      ; 3.651      ;
; -2.410 ; latch1:inst2|Q[1]     ; ALU:inst3|Result[5] ; Clock        ; Clock       ; 1.000        ; 0.245      ; 3.650      ;
; -2.374 ; machine:inst4|yfsm.s1 ; ALU:inst3|Result[6] ; Clock        ; Clock       ; 0.500        ; -0.005     ; 2.864      ;
; -2.373 ; machine:inst4|yfsm.s1 ; ALU:inst3|Result[4] ; Clock        ; Clock       ; 0.500        ; -0.005     ; 2.863      ;
; -2.372 ; latch1:inst|Q[1]      ; ALU:inst3|Result[4] ; Clock        ; Clock       ; 1.000        ; 0.245      ; 3.612      ;
; -2.354 ; latch1:inst2|Q[1]     ; ALU:inst3|Result[3] ; Clock        ; Clock       ; 1.000        ; 0.244      ; 3.593      ;
; -2.343 ; latch1:inst|Q[0]      ; ALU:inst3|Result[6] ; Clock        ; Clock       ; 1.000        ; 0.245      ; 3.583      ;
; -2.341 ; machine:inst4|yfsm.s1 ; ALU:inst3|Result[5] ; Clock        ; Clock       ; 0.500        ; -0.005     ; 2.831      ;
; -2.340 ; latch1:inst2|Q[4]     ; ALU:inst3|Result[5] ; Clock        ; Clock       ; 1.000        ; 0.245      ; 3.580      ;
; -2.319 ; machine:inst4|yfsm.s5 ; ALU:inst3|Result[3] ; Clock        ; Clock       ; 0.500        ; -0.006     ; 2.808      ;
; -2.316 ; machine:inst4|yfsm.s1 ; ALU:inst3|Result[1] ; Clock        ; Clock       ; 0.500        ; -0.006     ; 2.805      ;
; -2.305 ; latch1:inst|Q[3]      ; ALU:inst3|Result[5] ; Clock        ; Clock       ; 1.000        ; 0.245      ; 3.545      ;
; -2.297 ; latch1:inst2|Q[3]     ; ALU:inst3|Result[6] ; Clock        ; Clock       ; 1.000        ; 0.245      ; 3.537      ;
; -2.287 ; latch1:inst2|Q[1]     ; ALU:inst3|Result[6] ; Clock        ; Clock       ; 1.000        ; 0.245      ; 3.527      ;
; -2.286 ; latch1:inst2|Q[0]     ; ALU:inst3|Result[6] ; Clock        ; Clock       ; 1.000        ; 0.245      ; 3.526      ;
; -2.280 ; latch1:inst|Q[0]      ; ALU:inst3|Result[4] ; Clock        ; Clock       ; 1.000        ; 0.245      ; 3.520      ;
; -2.270 ; machine:inst4|yfsm.s5 ; ALU:inst3|Result[6] ; Clock        ; Clock       ; 0.500        ; -0.005     ; 2.760      ;
; -2.269 ; machine:inst4|yfsm.s5 ; ALU:inst3|Result[4] ; Clock        ; Clock       ; 0.500        ; -0.005     ; 2.759      ;
; -2.265 ; machine:inst4|yfsm.s4 ; ALU:inst3|Result[2] ; Clock        ; Clock       ; 0.500        ; -0.006     ; 2.754      ;
; -2.257 ; latch1:inst2|Q[3]     ; ALU:inst3|Result[4] ; Clock        ; Clock       ; 1.000        ; 0.245      ; 3.497      ;
; -2.247 ; latch1:inst2|Q[1]     ; ALU:inst3|Result[4] ; Clock        ; Clock       ; 1.000        ; 0.245      ; 3.487      ;
; -2.241 ; latch1:inst|Q[5]      ; ALU:inst3|Result[5] ; Clock        ; Clock       ; 1.000        ; 0.245      ; 3.481      ;
; -2.237 ; machine:inst4|yfsm.s5 ; ALU:inst3|Result[5] ; Clock        ; Clock       ; 0.500        ; -0.005     ; 2.727      ;
; -2.235 ; latch1:inst|Q[5]      ; ALU:inst3|Result[6] ; Clock        ; Clock       ; 1.000        ; 0.245      ; 3.475      ;
; -2.228 ; machine:inst4|yfsm.s5 ; ALU:inst3|Result[2] ; Clock        ; Clock       ; 0.500        ; -0.006     ; 2.717      ;
; -2.212 ; machine:inst4|yfsm.s5 ; ALU:inst3|Result[1] ; Clock        ; Clock       ; 0.500        ; -0.006     ; 2.701      ;
; -2.211 ; latch1:inst|Q[4]      ; ALU:inst3|Result[5] ; Clock        ; Clock       ; 1.000        ; 0.245      ; 3.451      ;
; -2.205 ; latch1:inst|Q[3]      ; ALU:inst3|Result[6] ; Clock        ; Clock       ; 1.000        ; 0.245      ; 3.445      ;
; -2.201 ; latch1:inst2|Q[4]     ; ALU:inst3|Result[6] ; Clock        ; Clock       ; 1.000        ; 0.245      ; 3.441      ;
; -2.188 ; machine:inst4|yfsm.s4 ; ALU:inst3|Result[3] ; Clock        ; Clock       ; 0.500        ; -0.006     ; 2.677      ;
; -2.181 ; latch1:inst|Q[1]      ; ALU:inst3|Result[1] ; Clock        ; Clock       ; 1.000        ; 0.244      ; 3.420      ;
; -2.177 ; latch1:inst2|Q[0]     ; ALU:inst3|Result[4] ; Clock        ; Clock       ; 1.000        ; 0.245      ; 3.417      ;
; -2.177 ; latch1:inst2|Q[5]     ; ALU:inst3|Result[5] ; Clock        ; Clock       ; 1.000        ; 0.245      ; 3.417      ;
; -2.175 ; machine:inst4|yfsm.s1 ; ALU:inst3|Result[2] ; Clock        ; Clock       ; 0.500        ; -0.006     ; 2.664      ;
; -2.174 ; machine:inst4|yfsm.s3 ; ALU:inst3|Result[3] ; Clock        ; Clock       ; 0.500        ; -0.006     ; 2.663      ;
; -2.170 ; machine:inst4|yfsm.s4 ; ALU:inst3|Result[1] ; Clock        ; Clock       ; 0.500        ; -0.006     ; 2.659      ;
; -2.150 ; machine:inst4|yfsm.s7 ; ALU:inst3|Neg       ; Clock        ; Clock       ; 0.500        ; -0.640     ; 2.005      ;
; -2.142 ; latch1:inst|Q[3]      ; ALU:inst3|Result[4] ; Clock        ; Clock       ; 1.000        ; 0.245      ; 3.382      ;
; -2.125 ; machine:inst4|yfsm.s3 ; ALU:inst3|Result[6] ; Clock        ; Clock       ; 0.500        ; -0.005     ; 2.615      ;
; -2.124 ; machine:inst4|yfsm.s3 ; ALU:inst3|Result[4] ; Clock        ; Clock       ; 0.500        ; -0.005     ; 2.614      ;
; -2.116 ; machine:inst4|yfsm.s4 ; ALU:inst3|Result[5] ; Clock        ; Clock       ; 0.500        ; -0.005     ; 2.606      ;
; -2.112 ; machine:inst4|yfsm.s7 ; ALU:inst3|Result[0] ; Clock        ; Clock       ; 0.500        ; -0.339     ; 2.268      ;
; -2.096 ; machine:inst4|yfsm.s4 ; ALU:inst3|Result[6] ; Clock        ; Clock       ; 0.500        ; -0.005     ; 2.586      ;
; -2.092 ; machine:inst4|yfsm.s3 ; ALU:inst3|Result[5] ; Clock        ; Clock       ; 0.500        ; -0.005     ; 2.582      ;
; -2.091 ; machine:inst4|yfsm.s4 ; ALU:inst3|Result[4] ; Clock        ; Clock       ; 0.500        ; -0.005     ; 2.581      ;
; -2.085 ; latch1:inst2|Q[5]     ; ALU:inst3|Result[6] ; Clock        ; Clock       ; 1.000        ; 0.245      ; 3.325      ;
; -2.067 ; machine:inst4|yfsm.s3 ; ALU:inst3|Result[1] ; Clock        ; Clock       ; 0.500        ; -0.006     ; 2.556      ;
; -2.066 ; machine:inst4|yfsm.s4 ; ALU:inst3|Result[7] ; Clock        ; Clock       ; 0.500        ; -0.005     ; 2.556      ;
; -2.054 ; latch1:inst2|Q[1]     ; ALU:inst3|Result[1] ; Clock        ; Clock       ; 1.000        ; 0.244      ; 3.293      ;
; -2.043 ; machine:inst4|yfsm.s1 ; ALU:inst3|Result[7] ; Clock        ; Clock       ; 0.500        ; -0.005     ; 2.533      ;
; -2.040 ; latch1:inst2|Q[3]     ; ALU:inst3|Result[3] ; Clock        ; Clock       ; 1.000        ; 0.244      ; 3.279      ;
; -2.038 ; latch1:inst|Q[4]      ; ALU:inst3|Result[6] ; Clock        ; Clock       ; 1.000        ; 0.245      ; 3.278      ;
; -2.037 ; machine:inst4|yfsm.s3 ; ALU:inst3|Result[0] ; Clock        ; Clock       ; 0.500        ; -0.006     ; 2.526      ;
; -1.929 ; machine:inst4|yfsm.s3 ; ALU:inst3|Result[2] ; Clock        ; Clock       ; 0.500        ; -0.006     ; 2.418      ;
; -1.929 ; machine:inst4|yfsm.s5 ; ALU:inst3|Result[7] ; Clock        ; Clock       ; 0.500        ; -0.005     ; 2.419      ;
; -1.927 ; latch1:inst|Q[3]      ; ALU:inst3|Result[3] ; Clock        ; Clock       ; 1.000        ; 0.244      ; 3.166      ;
; -1.923 ; machine:inst4|yfsm.s3 ; ALU:inst3|Result[7] ; Clock        ; Clock       ; 0.500        ; -0.005     ; 2.413      ;
; -1.894 ; machine:inst4|yfsm.s2 ; ALU:inst3|Result[5] ; Clock        ; Clock       ; 0.500        ; -0.005     ; 2.384      ;
; -1.891 ; machine:inst4|yfsm.s6 ; ALU:inst3|Neg       ; Clock        ; Clock       ; 0.500        ; -0.307     ; 2.079      ;
; -1.873 ; machine:inst4|yfsm.s1 ; ALU:inst3|Result[0] ; Clock        ; Clock       ; 0.500        ; -0.006     ; 2.362      ;
+--------+-----------------------+---------------------+--------------+-------------+--------------+------------+------------+


+-----------------------------------------------------------------------------------------------------------------------------+
; Slow 1200mV 0C Model Hold: 'Clock'                                                                                          ;
+-------+-----------------------+-----------------------+--------------+-------------+--------------+------------+------------+
; Slack ; From Node             ; To Node               ; Launch Clock ; Latch Clock ; Relationship ; Clock Skew ; Data Delay ;
+-------+-----------------------+-----------------------+--------------+-------------+--------------+------------+------------+
; 0.311 ; ALU:inst3|Neg         ; ALU:inst3|Neg         ; Clock        ; Clock       ; 0.000        ; 0.056      ; 0.511      ;
; 0.483 ; machine:inst4|yfsm.s1 ; machine:inst4|yfsm.s2 ; Clock        ; Clock       ; 0.000        ; 0.056      ; 0.683      ;
; 0.484 ; machine:inst4|yfsm.s4 ; machine:inst4|yfsm.s5 ; Clock        ; Clock       ; 0.000        ; 0.056      ; 0.684      ;
; 0.494 ; machine:inst4|yfsm.s5 ; machine:inst4|yfsm.s6 ; Clock        ; Clock       ; 0.000        ; 0.056      ; 0.694      ;
; 0.498 ; machine:inst4|yfsm.s3 ; machine:inst4|yfsm.s4 ; Clock        ; Clock       ; 0.000        ; 0.056      ; 0.698      ;
; 0.766 ; machine:inst4|yfsm.s8 ; machine:inst4|yfsm.s0 ; Clock        ; Clock       ; 0.000        ; 0.059      ; 0.969      ;
; 0.807 ; machine:inst4|yfsm.s7 ; machine:inst4|yfsm.s8 ; Clock        ; Clock       ; 0.000        ; -0.264     ; 0.687      ;
; 0.852 ; machine:inst4|yfsm.s6 ; machine:inst4|yfsm.s7 ; Clock        ; Clock       ; 0.000        ; 0.389      ; 1.385      ;
; 0.855 ; latch1:inst|Q[4]      ; ALU:inst3|Result[4]   ; Clock        ; Clock       ; 0.000        ; 0.370      ; 1.369      ;
; 0.927 ; latch1:inst|Q[5]      ; ALU:inst3|Result[5]   ; Clock        ; Clock       ; 0.000        ; 0.370      ; 1.441      ;
; 0.998 ; machine:inst4|yfsm.s2 ; machine:inst4|yfsm.s3 ; Clock        ; Clock       ; 0.000        ; 0.056      ; 1.198      ;
; 1.005 ; latch1:inst|Q[3]      ; ALU:inst3|Result[3]   ; Clock        ; Clock       ; 0.000        ; 0.368      ; 1.517      ;
; 1.024 ; latch1:inst2|Q[4]     ; ALU:inst3|Result[4]   ; Clock        ; Clock       ; 0.000        ; 0.370      ; 1.538      ;
; 1.037 ; latch1:inst|Q[1]      ; ALU:inst3|Result[1]   ; Clock        ; Clock       ; 0.000        ; 0.368      ; 1.549      ;
; 1.050 ; latch1:inst|Q[7]      ; ALU:inst3|Result[7]   ; Clock        ; Clock       ; 0.000        ; 0.366      ; 1.560      ;
; 1.103 ; latch1:inst2|Q[1]     ; ALU:inst3|Result[1]   ; Clock        ; Clock       ; 0.000        ; 0.368      ; 1.615      ;
; 1.111 ; latch1:inst2|Q[2]     ; ALU:inst3|Result[2]   ; Clock        ; Clock       ; 0.000        ; 0.368      ; 1.623      ;
; 1.116 ; latch1:inst2|Q[3]     ; ALU:inst3|Result[3]   ; Clock        ; Clock       ; 0.000        ; 0.368      ; 1.628      ;
; 1.120 ; latch1:inst|Q[2]      ; ALU:inst3|Result[2]   ; Clock        ; Clock       ; 0.000        ; 0.368      ; 1.632      ;
; 1.125 ; machine:inst4|yfsm.s5 ; ALU:inst3|Result[0]   ; Clock        ; Clock       ; -0.500       ; 0.120      ; 0.909      ;
; 1.142 ; latch1:inst2|Q[5]     ; ALU:inst3|Result[5]   ; Clock        ; Clock       ; 0.000        ; 0.370      ; 1.656      ;
; 1.201 ; latch1:inst2|Q[7]     ; ALU:inst3|Result[7]   ; Clock        ; Clock       ; 0.000        ; 0.370      ; 1.715      ;
; 1.215 ; latch1:inst|Q[0]      ; ALU:inst3|Result[0]   ; Clock        ; Clock       ; 0.000        ; 0.369      ; 1.728      ;
; 1.248 ; latch1:inst2|Q[7]     ; ALU:inst3|Neg         ; Clock        ; Clock       ; 0.000        ; 0.055      ; 1.447      ;
; 1.268 ; machine:inst4|yfsm.s0 ; machine:inst4|yfsm.s1 ; Clock        ; Clock       ; 0.000        ; 0.053      ; 1.465      ;
; 1.297 ; latch1:inst2|Q[0]     ; ALU:inst3|Result[0]   ; Clock        ; Clock       ; 0.000        ; 0.369      ; 1.810      ;
; 1.389 ; latch1:inst|Q[6]      ; ALU:inst3|Result[6]   ; Clock        ; Clock       ; 0.000        ; 0.370      ; 1.903      ;
; 1.427 ; machine:inst4|yfsm.s7 ; ALU:inst3|Result[6]   ; Clock        ; Clock       ; -0.500       ; -0.199     ; 0.892      ;
; 1.428 ; machine:inst4|yfsm.s7 ; ALU:inst3|Result[4]   ; Clock        ; Clock       ; -0.500       ; -0.199     ; 0.893      ;
; 1.432 ; machine:inst4|yfsm.s7 ; ALU:inst3|Result[7]   ; Clock        ; Clock       ; -0.500       ; -0.199     ; 0.897      ;
; 1.432 ; machine:inst4|yfsm.s7 ; ALU:inst3|Result[5]   ; Clock        ; Clock       ; -0.500       ; -0.199     ; 0.897      ;
; 1.457 ; machine:inst4|yfsm.s8 ; ALU:inst3|Result[3]   ; Clock        ; Clock       ; -0.500       ; 0.119      ; 1.240      ;
; 1.457 ; machine:inst4|yfsm.s8 ; ALU:inst3|Result[2]   ; Clock        ; Clock       ; -0.500       ; 0.119      ; 1.240      ;
; 1.457 ; machine:inst4|yfsm.s8 ; ALU:inst3|Result[1]   ; Clock        ; Clock       ; -0.500       ; 0.119      ; 1.240      ;
; 1.510 ; latch1:inst2|Q[6]     ; ALU:inst3|Neg         ; Clock        ; Clock       ; 0.000        ; 0.055      ; 1.709      ;
; 1.563 ; latch1:inst|Q[6]      ; ALU:inst3|Neg         ; Clock        ; Clock       ; 0.000        ; 0.055      ; 1.762      ;
; 1.590 ; latch1:inst2|Q[6]     ; ALU:inst3|Result[6]   ; Clock        ; Clock       ; 0.000        ; 0.370      ; 2.104      ;
; 1.598 ; latch1:inst|Q[5]      ; ALU:inst3|Neg         ; Clock        ; Clock       ; 0.000        ; 0.055      ; 1.797      ;
; 1.601 ; machine:inst4|yfsm.s7 ; ALU:inst3|Result[3]   ; Clock        ; Clock       ; -0.500       ; -0.201     ; 1.064      ;
; 1.604 ; machine:inst4|yfsm.s7 ; ALU:inst3|Result[1]   ; Clock        ; Clock       ; -0.500       ; -0.201     ; 1.067      ;
; 1.605 ; latch1:inst|Q[7]      ; ALU:inst3|Neg         ; Clock        ; Clock       ; 0.000        ; 0.051      ; 1.800      ;
; 1.605 ; machine:inst4|yfsm.s7 ; ALU:inst3|Result[2]   ; Clock        ; Clock       ; -0.500       ; -0.201     ; 1.068      ;
; 1.666 ; latch1:inst2|Q[3]     ; ALU:inst3|Neg         ; Clock        ; Clock       ; 0.000        ; 0.055      ; 1.865      ;
; 1.667 ; machine:inst4|yfsm.s1 ; ALU:inst3|Result[2]   ; Clock        ; Clock       ; -0.500       ; 0.119      ; 1.450      ;
; 1.676 ; machine:inst4|yfsm.s1 ; ALU:inst3|Result[1]   ; Clock        ; Clock       ; -0.500       ; 0.119      ; 1.459      ;
; 1.699 ; latch1:inst|Q[3]      ; ALU:inst3|Neg         ; Clock        ; Clock       ; 0.000        ; 0.055      ; 1.898      ;
; 1.712 ; latch1:inst2|Q[2]     ; ALU:inst3|Neg         ; Clock        ; Clock       ; 0.000        ; 0.055      ; 1.911      ;
; 1.743 ; machine:inst4|yfsm.s2 ; ALU:inst3|Result[5]   ; Clock        ; Clock       ; -0.500       ; 0.121      ; 1.528      ;
; 1.752 ; machine:inst4|yfsm.s8 ; ALU:inst3|Result[0]   ; Clock        ; Clock       ; -0.500       ; 0.120      ; 1.536      ;
; 1.757 ; latch1:inst|Q[2]      ; ALU:inst3|Neg         ; Clock        ; Clock       ; 0.000        ; 0.055      ; 1.956      ;
; 1.773 ; machine:inst4|yfsm.s2 ; ALU:inst3|Result[7]   ; Clock        ; Clock       ; -0.500       ; 0.121      ; 1.558      ;
; 1.777 ; latch1:inst2|Q[4]     ; ALU:inst3|Neg         ; Clock        ; Clock       ; 0.000        ; 0.055      ; 1.976      ;
; 1.777 ; latch1:inst|Q[1]      ; ALU:inst3|Neg         ; Clock        ; Clock       ; 0.000        ; 0.055      ; 1.976      ;
; 1.777 ; machine:inst4|yfsm.s4 ; ALU:inst3|Result[0]   ; Clock        ; Clock       ; -0.500       ; 0.120      ; 1.561      ;
; 1.797 ; machine:inst4|yfsm.s1 ; ALU:inst3|Result[3]   ; Clock        ; Clock       ; -0.500       ; 0.119      ; 1.580      ;
; 1.810 ; latch1:inst2|Q[1]     ; ALU:inst3|Neg         ; Clock        ; Clock       ; 0.000        ; 0.055      ; 2.009      ;
; 1.815 ; latch1:inst|Q[0]      ; ALU:inst3|Neg         ; Clock        ; Clock       ; 0.000        ; 0.055      ; 2.014      ;
; 1.841 ; machine:inst4|yfsm.s1 ; ALU:inst3|Result[4]   ; Clock        ; Clock       ; -0.500       ; 0.121      ; 1.626      ;
; 1.844 ; machine:inst4|yfsm.s1 ; ALU:inst3|Result[6]   ; Clock        ; Clock       ; -0.500       ; 0.121      ; 1.629      ;
; 1.859 ; machine:inst4|yfsm.s6 ; ALU:inst3|Result[2]   ; Clock        ; Clock       ; -0.500       ; 0.119      ; 1.642      ;
; 1.867 ; machine:inst4|yfsm.s6 ; ALU:inst3|Result[1]   ; Clock        ; Clock       ; -0.500       ; 0.119      ; 1.650      ;
; 1.882 ; machine:inst4|yfsm.s2 ; ALU:inst3|Result[0]   ; Clock        ; Clock       ; -0.500       ; 0.120      ; 1.666      ;
; 1.893 ; machine:inst4|yfsm.s2 ; ALU:inst3|Result[2]   ; Clock        ; Clock       ; -0.500       ; 0.119      ; 1.676      ;
; 1.902 ; machine:inst4|yfsm.s2 ; ALU:inst3|Result[1]   ; Clock        ; Clock       ; -0.500       ; 0.119      ; 1.685      ;
; 1.930 ; machine:inst4|yfsm.s2 ; ALU:inst3|Result[3]   ; Clock        ; Clock       ; -0.500       ; 0.119      ; 1.713      ;
; 1.952 ; machine:inst4|yfsm.s1 ; ALU:inst3|Result[0]   ; Clock        ; Clock       ; -0.500       ; 0.120      ; 1.736      ;
; 1.957 ; machine:inst4|yfsm.s1 ; ALU:inst3|Neg         ; Clock        ; Clock       ; -0.500       ; -0.194     ; 1.427      ;
; 1.976 ; machine:inst4|yfsm.s3 ; ALU:inst3|Result[5]   ; Clock        ; Clock       ; -0.500       ; 0.121      ; 1.761      ;
; 1.988 ; machine:inst4|yfsm.s6 ; ALU:inst3|Result[3]   ; Clock        ; Clock       ; -0.500       ; 0.119      ; 1.771      ;
; 1.989 ; machine:inst4|yfsm.s8 ; ALU:inst3|Result[7]   ; Clock        ; Clock       ; -0.500       ; 0.121      ; 1.774      ;
; 1.989 ; machine:inst4|yfsm.s8 ; ALU:inst3|Result[6]   ; Clock        ; Clock       ; -0.500       ; 0.121      ; 1.774      ;
; 1.989 ; machine:inst4|yfsm.s8 ; ALU:inst3|Result[5]   ; Clock        ; Clock       ; -0.500       ; 0.121      ; 1.774      ;
; 1.989 ; machine:inst4|yfsm.s8 ; ALU:inst3|Result[4]   ; Clock        ; Clock       ; -0.500       ; 0.121      ; 1.774      ;
; 2.003 ; machine:inst4|yfsm.s2 ; ALU:inst3|Result[4]   ; Clock        ; Clock       ; -0.500       ; 0.121      ; 1.788      ;
; 2.006 ; machine:inst4|yfsm.s3 ; ALU:inst3|Result[7]   ; Clock        ; Clock       ; -0.500       ; 0.121      ; 1.791      ;
; 2.008 ; machine:inst4|yfsm.s2 ; ALU:inst3|Result[6]   ; Clock        ; Clock       ; -0.500       ; 0.121      ; 1.793      ;
; 2.009 ; machine:inst4|yfsm.s6 ; ALU:inst3|Result[4]   ; Clock        ; Clock       ; -0.500       ; 0.121      ; 1.794      ;
; 2.012 ; machine:inst4|yfsm.s6 ; ALU:inst3|Result[6]   ; Clock        ; Clock       ; -0.500       ; 0.121      ; 1.797      ;
; 2.014 ; latch1:inst|Q[4]      ; ALU:inst3|Neg         ; Clock        ; Clock       ; 0.000        ; 0.055      ; 2.213      ;
; 2.031 ; machine:inst4|yfsm.s3 ; ALU:inst3|Result[2]   ; Clock        ; Clock       ; -0.500       ; 0.119      ; 1.814      ;
; 2.039 ; machine:inst4|yfsm.s3 ; ALU:inst3|Result[1]   ; Clock        ; Clock       ; -0.500       ; 0.119      ; 1.822      ;
; 2.042 ; machine:inst4|yfsm.s3 ; ALU:inst3|Result[0]   ; Clock        ; Clock       ; -0.500       ; 0.120      ; 1.826      ;
; 2.062 ; machine:inst4|yfsm.s1 ; ALU:inst3|Result[7]   ; Clock        ; Clock       ; -0.500       ; 0.121      ; 1.847      ;
; 2.065 ; machine:inst4|yfsm.s3 ; ALU:inst3|Neg         ; Clock        ; Clock       ; -0.500       ; -0.194     ; 1.535      ;
; 2.078 ; machine:inst4|yfsm.s8 ; ALU:inst3|Neg         ; Clock        ; Clock       ; -0.500       ; -0.194     ; 1.548      ;
; 2.082 ; machine:inst4|yfsm.s4 ; ALU:inst3|Neg         ; Clock        ; Clock       ; -0.500       ; -0.194     ; 1.552      ;
; 2.086 ; machine:inst4|yfsm.s5 ; ALU:inst3|Result[7]   ; Clock        ; Clock       ; -0.500       ; 0.121      ; 1.871      ;
; 2.120 ; machine:inst4|yfsm.s1 ; ALU:inst3|Result[5]   ; Clock        ; Clock       ; -0.500       ; 0.121      ; 1.905      ;
; 2.121 ; latch1:inst2|Q[5]     ; ALU:inst3|Neg         ; Clock        ; Clock       ; 0.000        ; 0.055      ; 2.320      ;
; 2.160 ; machine:inst4|yfsm.s3 ; ALU:inst3|Result[3]   ; Clock        ; Clock       ; -0.500       ; 0.119      ; 1.943      ;
; 2.180 ; latch1:inst2|Q[0]     ; ALU:inst3|Neg         ; Clock        ; Clock       ; 0.000        ; 0.055      ; 2.379      ;
; 2.181 ; machine:inst4|yfsm.s3 ; ALU:inst3|Result[4]   ; Clock        ; Clock       ; -0.500       ; 0.121      ; 1.966      ;
; 2.184 ; machine:inst4|yfsm.s3 ; ALU:inst3|Result[6]   ; Clock        ; Clock       ; -0.500       ; 0.121      ; 1.969      ;
; 2.199 ; machine:inst4|yfsm.s5 ; ALU:inst3|Result[2]   ; Clock        ; Clock       ; -0.500       ; 0.119      ; 1.982      ;
; 2.201 ; latch1:inst|Q[6]      ; ALU:inst3|Result[7]   ; Clock        ; Clock       ; 0.000        ; 0.370      ; 2.715      ;
; 2.207 ; machine:inst4|yfsm.s2 ; ALU:inst3|Neg         ; Clock        ; Clock       ; -0.500       ; -0.194     ; 1.677      ;
; 2.210 ; latch1:inst2|Q[6]     ; ALU:inst3|Result[7]   ; Clock        ; Clock       ; 0.000        ; 0.370      ; 2.724      ;
; 2.223 ; latch1:inst2|Q[5]     ; ALU:inst3|Result[7]   ; Clock        ; Clock       ; 0.000        ; 0.370      ; 2.737      ;
; 2.226 ; machine:inst4|yfsm.s7 ; ALU:inst3|Result[0]   ; Clock        ; Clock       ; -0.500       ; -0.200     ; 1.690      ;
; 2.234 ; machine:inst4|yfsm.s6 ; ALU:inst3|Result[7]   ; Clock        ; Clock       ; -0.500       ; 0.121      ; 2.019      ;
+-------+-----------------------+-----------------------+--------------+-------------+--------------+------------+------------+


----------------------------------------------
; Slow 1200mV 0C Model Metastability Summary ;
----------------------------------------------
No synchronizer chains to report.


+------------------------------------+
; Fast 1200mV 0C Model Setup Summary ;
+-------+--------+-------------------+
; Clock ; Slack  ; End Point TNS     ;
+-------+--------+-------------------+
; Clock ; -1.767 ; -15.046           ;
+-------+--------+-------------------+


+-----------------------------------+
; Fast 1200mV 0C Model Hold Summary ;
+-------+-------+-------------------+
; Clock ; Slack ; End Point TNS     ;
+-------+-------+-------------------+
; Clock ; 0.187 ; 0.000             ;
+-------+-------+-------------------+


-----------------------------------------
; Fast 1200mV 0C Model Recovery Summary ;
-----------------------------------------
No paths to report.


----------------------------------------
; Fast 1200mV 0C Model Removal Summary ;
----------------------------------------
No paths to report.


+--------------------------------------------------+
; Fast 1200mV 0C Model Minimum Pulse Width Summary ;
+-------+--------+---------------------------------+
; Clock ; Slack  ; End Point TNS                   ;
+-------+--------+---------------------------------+
; Clock ; -3.000 ; -47.764                         ;
+-------+--------+---------------------------------+


+----------------------------------------------------------------------------------------------------------------------------+
; Fast 1200mV 0C Model Setup: 'Clock'                                                                                        ;
+--------+-----------------------+---------------------+--------------+-------------+--------------+------------+------------+
; Slack  ; From Node             ; To Node             ; Launch Clock ; Latch Clock ; Relationship ; Clock Skew ; Data Delay ;
+--------+-----------------------+---------------------+--------------+-------------+--------------+------------+------------+
; -1.767 ; machine:inst4|yfsm.s1 ; ALU:inst3|Result[3] ; Clock        ; Clock       ; 0.500        ; -0.429     ; 1.825      ;
; -1.732 ; machine:inst4|yfsm.s1 ; ALU:inst3|Result[6] ; Clock        ; Clock       ; 0.500        ; -0.427     ; 1.792      ;
; -1.728 ; machine:inst4|yfsm.s1 ; ALU:inst3|Result[4] ; Clock        ; Clock       ; 0.500        ; -0.427     ; 1.788      ;
; -1.700 ; machine:inst4|yfsm.s5 ; ALU:inst3|Result[3] ; Clock        ; Clock       ; 0.500        ; -0.429     ; 1.758      ;
; -1.695 ; machine:inst4|yfsm.s1 ; ALU:inst3|Result[5] ; Clock        ; Clock       ; 0.500        ; -0.427     ; 1.755      ;
; -1.691 ; machine:inst4|yfsm.s1 ; ALU:inst3|Result[1] ; Clock        ; Clock       ; 0.500        ; -0.429     ; 1.749      ;
; -1.665 ; latch1:inst2|Q[2]     ; ALU:inst3|Result[7] ; Clock        ; Clock       ; 1.000        ; 0.143      ; 2.795      ;
; -1.665 ; machine:inst4|yfsm.s5 ; ALU:inst3|Result[6] ; Clock        ; Clock       ; 0.500        ; -0.427     ; 1.725      ;
; -1.661 ; machine:inst4|yfsm.s5 ; ALU:inst3|Result[4] ; Clock        ; Clock       ; 0.500        ; -0.427     ; 1.721      ;
; -1.628 ; latch1:inst|Q[1]      ; ALU:inst3|Result[7] ; Clock        ; Clock       ; 1.000        ; 0.143      ; 2.758      ;
; -1.628 ; machine:inst4|yfsm.s5 ; ALU:inst3|Result[5] ; Clock        ; Clock       ; 0.500        ; -0.427     ; 1.688      ;
; -1.624 ; machine:inst4|yfsm.s5 ; ALU:inst3|Result[1] ; Clock        ; Clock       ; 0.500        ; -0.429     ; 1.682      ;
; -1.613 ; machine:inst4|yfsm.s4 ; ALU:inst3|Result[2] ; Clock        ; Clock       ; 0.500        ; -0.429     ; 1.671      ;
; -1.612 ; machine:inst4|yfsm.s3 ; ALU:inst3|Result[3] ; Clock        ; Clock       ; 0.500        ; -0.429     ; 1.670      ;
; -1.604 ; machine:inst4|yfsm.s1 ; ALU:inst3|Result[2] ; Clock        ; Clock       ; 0.500        ; -0.429     ; 1.662      ;
; -1.598 ; machine:inst4|yfsm.s4 ; ALU:inst3|Result[3] ; Clock        ; Clock       ; 0.500        ; -0.429     ; 1.656      ;
; -1.589 ; latch1:inst|Q[0]      ; ALU:inst3|Result[7] ; Clock        ; Clock       ; 1.000        ; 0.143      ; 2.719      ;
; -1.583 ; machine:inst4|yfsm.s7 ; ALU:inst3|Result[0] ; Clock        ; Clock       ; 0.500        ; -0.651     ; 1.419      ;
; -1.577 ; machine:inst4|yfsm.s3 ; ALU:inst3|Result[6] ; Clock        ; Clock       ; 0.500        ; -0.427     ; 1.637      ;
; -1.575 ; machine:inst4|yfsm.s5 ; ALU:inst3|Result[2] ; Clock        ; Clock       ; 0.500        ; -0.429     ; 1.633      ;
; -1.574 ; latch1:inst|Q[2]      ; ALU:inst3|Result[6] ; Clock        ; Clock       ; 1.000        ; 0.143      ; 2.704      ;
; -1.573 ; machine:inst4|yfsm.s3 ; ALU:inst3|Result[4] ; Clock        ; Clock       ; 0.500        ; -0.427     ; 1.633      ;
; -1.566 ; latch1:inst|Q[2]      ; ALU:inst3|Result[3] ; Clock        ; Clock       ; 1.000        ; 0.141      ; 2.694      ;
; -1.562 ; machine:inst4|yfsm.s7 ; ALU:inst3|Neg       ; Clock        ; Clock       ; 0.500        ; -0.831     ; 1.218      ;
; -1.559 ; machine:inst4|yfsm.s4 ; ALU:inst3|Result[1] ; Clock        ; Clock       ; 0.500        ; -0.429     ; 1.617      ;
; -1.557 ; latch1:inst|Q[2]      ; ALU:inst3|Result[5] ; Clock        ; Clock       ; 1.000        ; 0.143      ; 2.687      ;
; -1.555 ; machine:inst4|yfsm.s3 ; ALU:inst3|Result[5] ; Clock        ; Clock       ; 0.500        ; -0.427     ; 1.615      ;
; -1.554 ; latch1:inst2|Q[3]     ; ALU:inst3|Result[7] ; Clock        ; Clock       ; 1.000        ; 0.143      ; 2.684      ;
; -1.544 ; latch1:inst2|Q[1]     ; ALU:inst3|Result[7] ; Clock        ; Clock       ; 1.000        ; 0.143      ; 2.674      ;
; -1.538 ; machine:inst4|yfsm.s4 ; ALU:inst3|Result[5] ; Clock        ; Clock       ; 0.500        ; -0.427     ; 1.598      ;
; -1.536 ; machine:inst4|yfsm.s3 ; ALU:inst3|Result[1] ; Clock        ; Clock       ; 0.500        ; -0.429     ; 1.594      ;
; -1.536 ; machine:inst4|yfsm.s3 ; ALU:inst3|Result[0] ; Clock        ; Clock       ; 0.500        ; -0.428     ; 1.595      ;
; -1.528 ; latch1:inst2|Q[0]     ; ALU:inst3|Result[7] ; Clock        ; Clock       ; 1.000        ; 0.143      ; 2.658      ;
; -1.528 ; machine:inst4|yfsm.s1 ; ALU:inst3|Result[7] ; Clock        ; Clock       ; 0.500        ; -0.427     ; 1.588      ;
; -1.518 ; machine:inst4|yfsm.s4 ; ALU:inst3|Result[7] ; Clock        ; Clock       ; 0.500        ; -0.427     ; 1.578      ;
; -1.509 ; machine:inst4|yfsm.s4 ; ALU:inst3|Result[6] ; Clock        ; Clock       ; 0.500        ; -0.427     ; 1.569      ;
; -1.501 ; latch1:inst|Q[2]      ; ALU:inst3|Result[7] ; Clock        ; Clock       ; 1.000        ; 0.143      ; 2.631      ;
; -1.501 ; machine:inst4|yfsm.s4 ; ALU:inst3|Result[4] ; Clock        ; Clock       ; 0.500        ; -0.427     ; 1.561      ;
; -1.499 ; latch1:inst|Q[2]      ; ALU:inst3|Result[4] ; Clock        ; Clock       ; 1.000        ; 0.143      ; 2.629      ;
; -1.499 ; latch1:inst|Q[1]      ; ALU:inst3|Result[2] ; Clock        ; Clock       ; 1.000        ; 0.141      ; 2.627      ;
; -1.491 ; latch1:inst|Q[5]      ; ALU:inst3|Result[7] ; Clock        ; Clock       ; 1.000        ; 0.143      ; 2.621      ;
; -1.469 ; latch1:inst|Q[3]      ; ALU:inst3|Result[7] ; Clock        ; Clock       ; 1.000        ; 0.143      ; 2.599      ;
; -1.465 ; machine:inst4|yfsm.s3 ; ALU:inst3|Result[7] ; Clock        ; Clock       ; 0.500        ; -0.427     ; 1.525      ;
; -1.463 ; machine:inst4|yfsm.s3 ; ALU:inst3|Result[2] ; Clock        ; Clock       ; 0.500        ; -0.429     ; 1.521      ;
; -1.461 ; latch1:inst2|Q[4]     ; ALU:inst3|Result[7] ; Clock        ; Clock       ; 1.000        ; 0.143      ; 2.591      ;
; -1.461 ; machine:inst4|yfsm.s5 ; ALU:inst3|Result[7] ; Clock        ; Clock       ; 0.500        ; -0.427     ; 1.521      ;
; -1.442 ; machine:inst4|yfsm.s2 ; ALU:inst3|Result[5] ; Clock        ; Clock       ; 0.500        ; -0.427     ; 1.502      ;
; -1.435 ; latch1:inst|Q[0]      ; ALU:inst3|Result[2] ; Clock        ; Clock       ; 1.000        ; 0.141      ; 2.563      ;
; -1.435 ; machine:inst4|yfsm.s1 ; ALU:inst3|Result[0] ; Clock        ; Clock       ; 0.500        ; -0.428     ; 1.494      ;
; -1.421 ; latch1:inst|Q[7]      ; ALU:inst3|Result[7] ; Clock        ; Clock       ; 1.000        ; 0.139      ; 2.547      ;
; -1.415 ; latch1:inst2|Q[1]     ; ALU:inst3|Result[2] ; Clock        ; Clock       ; 1.000        ; 0.141      ; 2.543      ;
; -1.405 ; latch1:inst2|Q[5]     ; ALU:inst3|Result[7] ; Clock        ; Clock       ; 1.000        ; 0.143      ; 2.535      ;
; -1.392 ; machine:inst4|yfsm.s6 ; ALU:inst3|Neg       ; Clock        ; Clock       ; 0.500        ; -0.608     ; 1.271      ;
; -1.389 ; latch1:inst|Q[4]      ; ALU:inst3|Result[7] ; Clock        ; Clock       ; 1.000        ; 0.143      ; 2.519      ;
; -1.385 ; machine:inst4|yfsm.s6 ; ALU:inst3|Result[5] ; Clock        ; Clock       ; 0.500        ; -0.427     ; 1.445      ;
; -1.379 ; latch1:inst|Q[2]      ; ALU:inst3|Result[2] ; Clock        ; Clock       ; 1.000        ; 0.141      ; 2.507      ;
; -1.367 ; latch1:inst2|Q[0]     ; ALU:inst3|Result[2] ; Clock        ; Clock       ; 1.000        ; 0.141      ; 2.495      ;
; -1.352 ; machine:inst4|yfsm.s2 ; ALU:inst3|Result[7] ; Clock        ; Clock       ; 0.500        ; -0.427     ; 1.412      ;
; -1.350 ; machine:inst4|yfsm.s2 ; ALU:inst3|Result[2] ; Clock        ; Clock       ; 0.500        ; -0.429     ; 1.408      ;
; -1.348 ; machine:inst4|yfsm.s2 ; ALU:inst3|Result[3] ; Clock        ; Clock       ; 0.500        ; -0.429     ; 1.406      ;
; -1.343 ; latch1:inst2|Q[2]     ; ALU:inst3|Result[2] ; Clock        ; Clock       ; 1.000        ; 0.141      ; 2.471      ;
; -1.332 ; machine:inst4|yfsm.s5 ; ALU:inst3|Neg       ; Clock        ; Clock       ; 0.500        ; -0.608     ; 1.211      ;
; -1.330 ; latch1:inst2|Q[7]     ; ALU:inst3|Result[7] ; Clock        ; Clock       ; 1.000        ; 0.143      ; 2.460      ;
; -1.328 ; machine:inst4|yfsm.s2 ; ALU:inst3|Result[4] ; Clock        ; Clock       ; 0.500        ; -0.427     ; 1.388      ;
; -1.324 ; latch1:inst2|Q[6]     ; ALU:inst3|Result[7] ; Clock        ; Clock       ; 1.000        ; 0.143      ; 2.454      ;
; -1.320 ; latch1:inst|Q[6]      ; ALU:inst3|Result[7] ; Clock        ; Clock       ; 1.000        ; 0.143      ; 2.450      ;
; -1.307 ; latch1:inst2|Q[2]     ; ALU:inst3|Result[5] ; Clock        ; Clock       ; 1.000        ; 0.143      ; 2.437      ;
; -1.303 ; machine:inst4|yfsm.s2 ; ALU:inst3|Result[0] ; Clock        ; Clock       ; 0.500        ; -0.428     ; 1.362      ;
; -1.295 ; machine:inst4|yfsm.s6 ; ALU:inst3|Result[7] ; Clock        ; Clock       ; 0.500        ; -0.427     ; 1.355      ;
; -1.293 ; machine:inst4|yfsm.s6 ; ALU:inst3|Result[2] ; Clock        ; Clock       ; 0.500        ; -0.429     ; 1.351      ;
; -1.291 ; machine:inst4|yfsm.s6 ; ALU:inst3|Result[3] ; Clock        ; Clock       ; 0.500        ; -0.429     ; 1.349      ;
; -1.282 ; latch1:inst2|Q[2]     ; ALU:inst3|Result[3] ; Clock        ; Clock       ; 1.000        ; 0.141      ; 2.410      ;
; -1.279 ; machine:inst4|yfsm.s2 ; ALU:inst3|Result[1] ; Clock        ; Clock       ; 0.500        ; -0.429     ; 1.337      ;
; -1.271 ; machine:inst4|yfsm.s6 ; ALU:inst3|Result[4] ; Clock        ; Clock       ; 0.500        ; -0.427     ; 1.331      ;
; -1.270 ; latch1:inst|Q[1]      ; ALU:inst3|Result[5] ; Clock        ; Clock       ; 1.000        ; 0.143      ; 2.400      ;
; -1.254 ; latch1:inst|Q[0]      ; ALU:inst3|Result[1] ; Clock        ; Clock       ; 1.000        ; 0.141      ; 2.382      ;
; -1.253 ; machine:inst4|yfsm.s2 ; ALU:inst3|Result[6] ; Clock        ; Clock       ; 0.500        ; -0.427     ; 1.313      ;
; -1.249 ; machine:inst4|yfsm.s2 ; ALU:inst3|Neg       ; Clock        ; Clock       ; 0.500        ; -0.608     ; 1.128      ;
; -1.245 ; latch1:inst|Q[1]      ; ALU:inst3|Result[3] ; Clock        ; Clock       ; 1.000        ; 0.141      ; 2.373      ;
; -1.231 ; latch1:inst|Q[0]      ; ALU:inst3|Result[5] ; Clock        ; Clock       ; 1.000        ; 0.143      ; 2.361      ;
; -1.222 ; machine:inst4|yfsm.s6 ; ALU:inst3|Result[1] ; Clock        ; Clock       ; 0.500        ; -0.429     ; 1.280      ;
; -1.217 ; latch1:inst2|Q[2]     ; ALU:inst3|Result[6] ; Clock        ; Clock       ; 1.000        ; 0.143      ; 2.347      ;
; -1.208 ; machine:inst4|yfsm.s4 ; ALU:inst3|Result[0] ; Clock        ; Clock       ; 0.500        ; -0.428     ; 1.267      ;
; -1.206 ; latch1:inst|Q[0]      ; ALU:inst3|Result[3] ; Clock        ; Clock       ; 1.000        ; 0.141      ; 2.334      ;
; -1.202 ; latch1:inst|Q[1]      ; ALU:inst3|Result[6] ; Clock        ; Clock       ; 1.000        ; 0.143      ; 2.332      ;
; -1.196 ; latch1:inst2|Q[3]     ; ALU:inst3|Result[5] ; Clock        ; Clock       ; 1.000        ; 0.143      ; 2.326      ;
; -1.196 ; machine:inst4|yfsm.s6 ; ALU:inst3|Result[6] ; Clock        ; Clock       ; 0.500        ; -0.427     ; 1.256      ;
; -1.193 ; latch1:inst2|Q[0]     ; ALU:inst3|Result[1] ; Clock        ; Clock       ; 1.000        ; 0.141      ; 2.321      ;
; -1.187 ; machine:inst4|yfsm.s4 ; ALU:inst3|Neg       ; Clock        ; Clock       ; 0.500        ; -0.608     ; 1.066      ;
; -1.186 ; latch1:inst2|Q[1]     ; ALU:inst3|Result[5] ; Clock        ; Clock       ; 1.000        ; 0.143      ; 2.316      ;
; -1.186 ; machine:inst4|yfsm.s3 ; ALU:inst3|Neg       ; Clock        ; Clock       ; 0.500        ; -0.608     ; 1.065      ;
; -1.177 ; latch1:inst2|Q[2]     ; ALU:inst3|Result[4] ; Clock        ; Clock       ; 1.000        ; 0.143      ; 2.307      ;
; -1.177 ; machine:inst4|yfsm.s8 ; ALU:inst3|Result[7] ; Clock        ; Clock       ; 0.500        ; -0.427     ; 1.237      ;
; -1.177 ; machine:inst4|yfsm.s8 ; ALU:inst3|Result[6] ; Clock        ; Clock       ; 0.500        ; -0.427     ; 1.237      ;
; -1.177 ; machine:inst4|yfsm.s8 ; ALU:inst3|Result[5] ; Clock        ; Clock       ; 0.500        ; -0.427     ; 1.237      ;
; -1.177 ; machine:inst4|yfsm.s8 ; ALU:inst3|Result[4] ; Clock        ; Clock       ; 0.500        ; -0.427     ; 1.237      ;
; -1.177 ; machine:inst4|yfsm.s8 ; ALU:inst3|Neg       ; Clock        ; Clock       ; 0.500        ; -0.608     ; 1.056      ;
; -1.170 ; latch1:inst2|Q[0]     ; ALU:inst3|Result[5] ; Clock        ; Clock       ; 1.000        ; 0.143      ; 2.300      ;
; -1.167 ; latch1:inst2|Q[0]     ; ALU:inst3|Result[3] ; Clock        ; Clock       ; 1.000        ; 0.141      ; 2.295      ;
; -1.161 ; latch1:inst2|Q[1]     ; ALU:inst3|Result[3] ; Clock        ; Clock       ; 1.000        ; 0.141      ; 2.289      ;
+--------+-----------------------+---------------------+--------------+-------------+--------------+------------+------------+


+-----------------------------------------------------------------------------------------------------------------------------+
; Fast 1200mV 0C Model Hold: 'Clock'                                                                                          ;
+-------+-----------------------+-----------------------+--------------+-------------+--------------+------------+------------+
; Slack ; From Node             ; To Node               ; Launch Clock ; Latch Clock ; Relationship ; Clock Skew ; Data Delay ;
+-------+-----------------------+-----------------------+--------------+-------------+--------------+------------+------------+
; 0.187 ; ALU:inst3|Neg         ; ALU:inst3|Neg         ; Clock        ; Clock       ; 0.000        ; 0.036      ; 0.307      ;
; 0.277 ; machine:inst4|yfsm.s1 ; machine:inst4|yfsm.s2 ; Clock        ; Clock       ; 0.000        ; 0.038      ; 0.399      ;
; 0.279 ; machine:inst4|yfsm.s4 ; machine:inst4|yfsm.s5 ; Clock        ; Clock       ; 0.000        ; 0.038      ; 0.401      ;
; 0.284 ; machine:inst4|yfsm.s5 ; machine:inst4|yfsm.s6 ; Clock        ; Clock       ; 0.000        ; 0.038      ; 0.406      ;
; 0.289 ; machine:inst4|yfsm.s3 ; machine:inst4|yfsm.s4 ; Clock        ; Clock       ; 0.000        ; 0.038      ; 0.411      ;
; 0.444 ; machine:inst4|yfsm.s8 ; machine:inst4|yfsm.s0 ; Clock        ; Clock       ; 0.000        ; 0.043      ; 0.571      ;
; 0.450 ; machine:inst4|yfsm.s6 ; machine:inst4|yfsm.s7 ; Clock        ; Clock       ; 0.000        ; 0.261      ; 0.795      ;
; 0.494 ; machine:inst4|yfsm.s7 ; machine:inst4|yfsm.s8 ; Clock        ; Clock       ; 0.000        ; -0.176     ; 0.402      ;
; 0.499 ; latch1:inst|Q[4]      ; ALU:inst3|Result[4]   ; Clock        ; Clock       ; 0.000        ; 0.222      ; 0.805      ;
; 0.552 ; latch1:inst|Q[5]      ; ALU:inst3|Result[5]   ; Clock        ; Clock       ; 0.000        ; 0.222      ; 0.858      ;
; 0.560 ; machine:inst4|yfsm.s2 ; machine:inst4|yfsm.s3 ; Clock        ; Clock       ; 0.000        ; 0.038      ; 0.682      ;
; 0.586 ; latch1:inst|Q[3]      ; ALU:inst3|Result[3]   ; Clock        ; Clock       ; 0.000        ; 0.220      ; 0.890      ;
; 0.594 ; latch1:inst|Q[1]      ; ALU:inst3|Result[1]   ; Clock        ; Clock       ; 0.000        ; 0.220      ; 0.898      ;
; 0.596 ; latch1:inst2|Q[4]     ; ALU:inst3|Result[4]   ; Clock        ; Clock       ; 0.000        ; 0.222      ; 0.902      ;
; 0.628 ; latch1:inst|Q[7]      ; ALU:inst3|Result[7]   ; Clock        ; Clock       ; 0.000        ; 0.218      ; 0.930      ;
; 0.638 ; latch1:inst2|Q[3]     ; ALU:inst3|Result[3]   ; Clock        ; Clock       ; 0.000        ; 0.220      ; 0.942      ;
; 0.645 ; latch1:inst2|Q[2]     ; ALU:inst3|Result[2]   ; Clock        ; Clock       ; 0.000        ; 0.220      ; 0.949      ;
; 0.645 ; latch1:inst2|Q[1]     ; ALU:inst3|Result[1]   ; Clock        ; Clock       ; 0.000        ; 0.220      ; 0.949      ;
; 0.653 ; latch1:inst|Q[2]      ; ALU:inst3|Result[2]   ; Clock        ; Clock       ; 0.000        ; 0.220      ; 0.957      ;
; 0.703 ; latch1:inst|Q[0]      ; ALU:inst3|Result[0]   ; Clock        ; Clock       ; 0.000        ; 0.221      ; 1.008      ;
; 0.704 ; latch1:inst2|Q[5]     ; ALU:inst3|Result[5]   ; Clock        ; Clock       ; 0.000        ; 0.222      ; 1.010      ;
; 0.715 ; latch1:inst2|Q[7]     ; ALU:inst3|Result[7]   ; Clock        ; Clock       ; 0.000        ; 0.222      ; 1.021      ;
; 0.730 ; latch1:inst2|Q[7]     ; ALU:inst3|Neg         ; Clock        ; Clock       ; 0.000        ; 0.034      ; 0.848      ;
; 0.769 ; latch1:inst2|Q[0]     ; ALU:inst3|Result[0]   ; Clock        ; Clock       ; 0.000        ; 0.221      ; 1.074      ;
; 0.794 ; machine:inst4|yfsm.s0 ; machine:inst4|yfsm.s1 ; Clock        ; Clock       ; 0.000        ; 0.033      ; 0.911      ;
; 0.812 ; latch1:inst|Q[6]      ; ALU:inst3|Result[6]   ; Clock        ; Clock       ; 0.000        ; 0.222      ; 1.118      ;
; 0.894 ; latch1:inst2|Q[6]     ; ALU:inst3|Neg         ; Clock        ; Clock       ; 0.000        ; 0.034      ; 1.012      ;
; 0.930 ; latch1:inst2|Q[6]     ; ALU:inst3|Result[6]   ; Clock        ; Clock       ; 0.000        ; 0.222      ; 1.236      ;
; 0.945 ; latch1:inst|Q[6]      ; ALU:inst3|Neg         ; Clock        ; Clock       ; 0.000        ; 0.034      ; 1.063      ;
; 0.968 ; latch1:inst|Q[5]      ; ALU:inst3|Neg         ; Clock        ; Clock       ; 0.000        ; 0.034      ; 1.086      ;
; 0.987 ; latch1:inst|Q[7]      ; ALU:inst3|Neg         ; Clock        ; Clock       ; 0.000        ; 0.030      ; 1.101      ;
; 1.000 ; latch1:inst2|Q[3]     ; ALU:inst3|Neg         ; Clock        ; Clock       ; 0.000        ; 0.034      ; 1.118      ;
; 1.029 ; latch1:inst2|Q[2]     ; ALU:inst3|Neg         ; Clock        ; Clock       ; 0.000        ; 0.034      ; 1.147      ;
; 1.039 ; latch1:inst|Q[3]      ; ALU:inst3|Neg         ; Clock        ; Clock       ; 0.000        ; 0.034      ; 1.157      ;
; 1.060 ; latch1:inst2|Q[4]     ; ALU:inst3|Neg         ; Clock        ; Clock       ; 0.000        ; 0.034      ; 1.178      ;
; 1.080 ; latch1:inst|Q[2]      ; ALU:inst3|Neg         ; Clock        ; Clock       ; 0.000        ; 0.034      ; 1.198      ;
; 1.088 ; latch1:inst2|Q[1]     ; ALU:inst3|Neg         ; Clock        ; Clock       ; 0.000        ; 0.034      ; 1.206      ;
; 1.095 ; latch1:inst|Q[1]      ; ALU:inst3|Neg         ; Clock        ; Clock       ; 0.000        ; 0.034      ; 1.213      ;
; 1.122 ; latch1:inst|Q[0]      ; ALU:inst3|Neg         ; Clock        ; Clock       ; 0.000        ; 0.034      ; 1.240      ;
; 1.221 ; latch1:inst|Q[4]      ; ALU:inst3|Neg         ; Clock        ; Clock       ; 0.000        ; 0.034      ; 1.339      ;
; 1.274 ; latch1:inst2|Q[5]     ; ALU:inst3|Neg         ; Clock        ; Clock       ; 0.000        ; 0.034      ; 1.392      ;
; 1.275 ; machine:inst4|yfsm.s5 ; ALU:inst3|Result[0]   ; Clock        ; Clock       ; -0.500       ; -0.346     ; 0.533      ;
; 1.291 ; latch1:inst2|Q[6]     ; ALU:inst3|Result[7]   ; Clock        ; Clock       ; 0.000        ; 0.222      ; 1.597      ;
; 1.302 ; latch1:inst2|Q[0]     ; ALU:inst3|Neg         ; Clock        ; Clock       ; 0.000        ; 0.034      ; 1.420      ;
; 1.304 ; latch1:inst|Q[6]      ; ALU:inst3|Result[7]   ; Clock        ; Clock       ; 0.000        ; 0.222      ; 1.610      ;
; 1.304 ; latch1:inst2|Q[5]     ; ALU:inst3|Result[7]   ; Clock        ; Clock       ; 0.000        ; 0.222      ; 1.610      ;
; 1.355 ; latch1:inst2|Q[0]     ; ALU:inst3|Result[1]   ; Clock        ; Clock       ; 0.000        ; 0.220      ; 1.659      ;
; 1.357 ; latch1:inst2|Q[5]     ; ALU:inst3|Result[6]   ; Clock        ; Clock       ; 0.000        ; 0.222      ; 1.663      ;
; 1.362 ; latch1:inst|Q[3]      ; ALU:inst3|Result[4]   ; Clock        ; Clock       ; 0.000        ; 0.222      ; 1.668      ;
; 1.369 ; latch1:inst|Q[4]      ; ALU:inst3|Result[6]   ; Clock        ; Clock       ; 0.000        ; 0.222      ; 1.675      ;
; 1.370 ; latch1:inst|Q[4]      ; ALU:inst3|Result[7]   ; Clock        ; Clock       ; 0.000        ; 0.222      ; 1.676      ;
; 1.387 ; latch1:inst|Q[2]      ; ALU:inst3|Result[4]   ; Clock        ; Clock       ; 0.000        ; 0.222      ; 1.693      ;
; 1.419 ; latch1:inst2|Q[2]     ; ALU:inst3|Result[4]   ; Clock        ; Clock       ; 0.000        ; 0.222      ; 1.725      ;
; 1.419 ; latch1:inst2|Q[2]     ; ALU:inst3|Result[7]   ; Clock        ; Clock       ; 0.000        ; 0.222      ; 1.725      ;
; 1.420 ; latch1:inst|Q[4]      ; ALU:inst3|Result[5]   ; Clock        ; Clock       ; 0.000        ; 0.222      ; 1.726      ;
; 1.422 ; latch1:inst|Q[3]      ; ALU:inst3|Result[6]   ; Clock        ; Clock       ; 0.000        ; 0.222      ; 1.728      ;
; 1.422 ; latch1:inst|Q[3]      ; ALU:inst3|Result[7]   ; Clock        ; Clock       ; 0.000        ; 0.222      ; 1.728      ;
; 1.424 ; latch1:inst|Q[5]      ; ALU:inst3|Result[6]   ; Clock        ; Clock       ; 0.000        ; 0.222      ; 1.730      ;
; 1.424 ; latch1:inst2|Q[4]     ; ALU:inst3|Result[7]   ; Clock        ; Clock       ; 0.000        ; 0.222      ; 1.730      ;
; 1.426 ; latch1:inst|Q[5]      ; ALU:inst3|Result[7]   ; Clock        ; Clock       ; 0.000        ; 0.222      ; 1.732      ;
; 1.428 ; latch1:inst|Q[0]      ; ALU:inst3|Result[1]   ; Clock        ; Clock       ; 0.000        ; 0.220      ; 1.732      ;
; 1.431 ; latch1:inst|Q[2]      ; ALU:inst3|Result[6]   ; Clock        ; Clock       ; 0.000        ; 0.222      ; 1.737      ;
; 1.436 ; latch1:inst2|Q[1]     ; ALU:inst3|Result[4]   ; Clock        ; Clock       ; 0.000        ; 0.222      ; 1.742      ;
; 1.436 ; latch1:inst2|Q[1]     ; ALU:inst3|Result[7]   ; Clock        ; Clock       ; 0.000        ; 0.222      ; 1.742      ;
; 1.437 ; latch1:inst2|Q[4]     ; ALU:inst3|Result[6]   ; Clock        ; Clock       ; 0.000        ; 0.222      ; 1.743      ;
; 1.437 ; latch1:inst2|Q[3]     ; ALU:inst3|Result[4]   ; Clock        ; Clock       ; 0.000        ; 0.222      ; 1.743      ;
; 1.437 ; latch1:inst2|Q[3]     ; ALU:inst3|Result[7]   ; Clock        ; Clock       ; 0.000        ; 0.222      ; 1.743      ;
; 1.460 ; latch1:inst2|Q[0]     ; ALU:inst3|Result[4]   ; Clock        ; Clock       ; 0.000        ; 0.222      ; 1.766      ;
; 1.461 ; latch1:inst2|Q[1]     ; ALU:inst3|Result[2]   ; Clock        ; Clock       ; 0.000        ; 0.220      ; 1.765      ;
; 1.464 ; machine:inst4|yfsm.s8 ; ALU:inst3|Result[3]   ; Clock        ; Clock       ; -0.500       ; -0.347     ; 0.721      ;
; 1.464 ; machine:inst4|yfsm.s8 ; ALU:inst3|Result[2]   ; Clock        ; Clock       ; -0.500       ; -0.347     ; 0.721      ;
; 1.464 ; machine:inst4|yfsm.s8 ; ALU:inst3|Result[1]   ; Clock        ; Clock       ; -0.500       ; -0.347     ; 0.721      ;
; 1.469 ; latch1:inst2|Q[2]     ; ALU:inst3|Result[5]   ; Clock        ; Clock       ; 0.000        ; 0.222      ; 1.775      ;
; 1.472 ; latch1:inst|Q[3]      ; ALU:inst3|Result[5]   ; Clock        ; Clock       ; 0.000        ; 0.222      ; 1.778      ;
; 1.474 ; latch1:inst2|Q[4]     ; ALU:inst3|Result[5]   ; Clock        ; Clock       ; 0.000        ; 0.222      ; 1.780      ;
; 1.478 ; latch1:inst2|Q[2]     ; ALU:inst3|Result[3]   ; Clock        ; Clock       ; 0.000        ; 0.220      ; 1.782      ;
; 1.486 ; latch1:inst2|Q[1]     ; ALU:inst3|Result[5]   ; Clock        ; Clock       ; 0.000        ; 0.222      ; 1.792      ;
; 1.486 ; machine:inst4|yfsm.s7 ; ALU:inst3|Result[6]   ; Clock        ; Clock       ; -0.500       ; -0.559     ; 0.531      ;
; 1.486 ; machine:inst4|yfsm.s7 ; ALU:inst3|Result[4]   ; Clock        ; Clock       ; -0.500       ; -0.559     ; 0.531      ;
; 1.487 ; latch1:inst2|Q[3]     ; ALU:inst3|Result[5]   ; Clock        ; Clock       ; 0.000        ; 0.222      ; 1.793      ;
; 1.488 ; latch1:inst2|Q[0]     ; ALU:inst3|Result[7]   ; Clock        ; Clock       ; 0.000        ; 0.222      ; 1.794      ;
; 1.491 ; latch1:inst2|Q[3]     ; ALU:inst3|Result[6]   ; Clock        ; Clock       ; 0.000        ; 0.222      ; 1.797      ;
; 1.491 ; latch1:inst2|Q[1]     ; ALU:inst3|Result[6]   ; Clock        ; Clock       ; 0.000        ; 0.222      ; 1.797      ;
; 1.491 ; latch1:inst2|Q[2]     ; ALU:inst3|Result[6]   ; Clock        ; Clock       ; 0.000        ; 0.222      ; 1.797      ;
; 1.491 ; machine:inst4|yfsm.s7 ; ALU:inst3|Result[7]   ; Clock        ; Clock       ; -0.500       ; -0.559     ; 0.536      ;
; 1.492 ; machine:inst4|yfsm.s7 ; ALU:inst3|Result[5]   ; Clock        ; Clock       ; -0.500       ; -0.559     ; 0.537      ;
; 1.493 ; latch1:inst|Q[2]      ; ALU:inst3|Result[3]   ; Clock        ; Clock       ; 0.000        ; 0.220      ; 1.797      ;
; 1.495 ; latch1:inst2|Q[1]     ; ALU:inst3|Result[3]   ; Clock        ; Clock       ; 0.000        ; 0.220      ; 1.799      ;
; 1.499 ; latch1:inst|Q[1]      ; ALU:inst3|Result[4]   ; Clock        ; Clock       ; 0.000        ; 0.222      ; 1.805      ;
; 1.501 ; latch1:inst|Q[0]      ; ALU:inst3|Result[4]   ; Clock        ; Clock       ; 0.000        ; 0.222      ; 1.807      ;
; 1.504 ; latch1:inst2|Q[0]     ; ALU:inst3|Result[6]   ; Clock        ; Clock       ; 0.000        ; 0.222      ; 1.810      ;
; 1.513 ; latch1:inst2|Q[0]     ; ALU:inst3|Result[2]   ; Clock        ; Clock       ; 0.000        ; 0.220      ; 1.817      ;
; 1.519 ; latch1:inst|Q[2]      ; ALU:inst3|Result[5]   ; Clock        ; Clock       ; 0.000        ; 0.222      ; 1.825      ;
; 1.524 ; latch1:inst|Q[1]      ; ALU:inst3|Result[2]   ; Clock        ; Clock       ; 0.000        ; 0.220      ; 1.828      ;
; 1.526 ; latch1:inst|Q[0]      ; ALU:inst3|Result[2]   ; Clock        ; Clock       ; 0.000        ; 0.220      ; 1.830      ;
; 1.538 ; latch1:inst2|Q[0]     ; ALU:inst3|Result[5]   ; Clock        ; Clock       ; 0.000        ; 0.222      ; 1.844      ;
; 1.547 ; latch1:inst2|Q[0]     ; ALU:inst3|Result[3]   ; Clock        ; Clock       ; 0.000        ; 0.220      ; 1.851      ;
; 1.559 ; latch1:inst|Q[1]      ; ALU:inst3|Result[6]   ; Clock        ; Clock       ; 0.000        ; 0.222      ; 1.865      ;
; 1.559 ; latch1:inst|Q[1]      ; ALU:inst3|Result[7]   ; Clock        ; Clock       ; 0.000        ; 0.222      ; 1.865      ;
; 1.561 ; latch1:inst|Q[0]      ; ALU:inst3|Result[7]   ; Clock        ; Clock       ; 0.000        ; 0.222      ; 1.867      ;
+-------+-----------------------+-----------------------+--------------+-------------+--------------+------------+------------+


----------------------------------------------
; Fast 1200mV 0C Model Metastability Summary ;
----------------------------------------------
No synchronizer chains to report.


+-------------------------------------------------------------------------------+
; Multicorner Timing Analysis Summary                                           ;
+------------------+---------+-------+----------+---------+---------------------+
; Clock            ; Setup   ; Hold  ; Recovery ; Removal ; Minimum Pulse Width ;
+------------------+---------+-------+----------+---------+---------------------+
; Worst-case Slack ; -3.763  ; 0.187 ; N/A      ; N/A     ; -3.000              ;
;  Clock           ; -3.763  ; 0.187 ; N/A      ; N/A     ; -3.000              ;
; Design-wide TNS  ; -30.992 ; 0.0   ; 0.0      ; 0.0     ; -47.764             ;
;  Clock           ; -30.992 ; 0.000 ; N/A      ; N/A     ; -47.764             ;
+------------------+---------+-------+----------+---------+---------------------+


+--------------------------------------------------------------------------------------------------------------------------------------------------------------------------------------------------------------------------------------------------------------------------------------------------------------------------------------------------------------------------------------------------------------------+
; Board Trace Model Assignments                                                                                                                                                                                                                                                                                                                                                                                      ;
+-----------------+--------------+-------------------+-------------------------+-------------------------+---------------+---------------------+----------------+------------------+--------+------------------+------------------------+------------------------+--------------+---------------+-----------------+-------+---------------------+--------------------+---------------+-----------------+-------------+
; Pin             ; I/O Standard ; Near Tline Length ; Near Tline L per Length ; Near Tline C per Length ; Near Series R ; Near Differential R ; Near Pull-up R ; Near Pull-down R ; Near C ; Far Tline Length ; Far Tline L per Length ; Far Tline C per Length ; Far Series R ; Far Pull-up R ; Far Pull-down R ; Far C ; Termination Voltage ; Far Differential R ; EBD File Name ; EBD Signal Name ; EBD Far-end ;
+-----------------+--------------+-------------------+-------------------------+-------------------------+---------------+---------------------+----------------+------------------+--------+------------------+------------------------+------------------------+--------------+---------------+-----------------+-------+---------------------+--------------------+---------------+-----------------+-------------+
; R_first_four[0] ; 3.3-V LVTTL  ; 0 in              ; 0 H/in                  ; 0 F/in                  ; short         ; -                   ; open           ; open             ; open   ; 0 in             ; 0 H/in                 ; 0 F/in                 ; short        ; open          ; open            ; open  ; 0 V                 ; -                  ; n/a           ; n/a             ; n/a         ;
; R_first_four[1] ; 3.3-V LVTTL  ; 0 in              ; 0 H/in                  ; 0 F/in                  ; short         ; -                   ; open           ; open             ; open   ; 0 in             ; 0 H/in                 ; 0 F/in                 ; short        ; open          ; open            ; open  ; 0 V                 ; -                  ; n/a           ; n/a             ; n/a         ;
; R_first_four[2] ; 3.3-V LVTTL  ; 0 in              ; 0 H/in                  ; 0 F/in                  ; short         ; -                   ; open           ; open             ; open   ; 0 in             ; 0 H/in                 ; 0 F/in                 ; short        ; open          ; open            ; open  ; 0 V                 ; -                  ; n/a           ; n/a             ; n/a         ;
; R_first_four[3] ; 3.3-V LVTTL  ; 0 in              ; 0 H/in                  ; 0 F/in                  ; short         ; -                   ; open           ; open             ; open   ; 0 in             ; 0 H/in                 ; 0 F/in                 ; short        ; open          ; open            ; open  ; 0 V                 ; -                  ; n/a           ; n/a             ; n/a         ;
; R_first_four[4] ; 3.3-V LVTTL  ; 0 in              ; 0 H/in                  ; 0 F/in                  ; short         ; -                   ; open           ; open             ; open   ; 0 in             ; 0 H/in                 ; 0 F/in                 ; short        ; open          ; open            ; open  ; 0 V                 ; -                  ; n/a           ; n/a             ; n/a         ;
; R_first_four[5] ; 3.3-V LVTTL  ; 0 in              ; 0 H/in                  ; 0 F/in                  ; short         ; -                   ; open           ; open             ; open   ; 0 in             ; 0 H/in                 ; 0 F/in                 ; short        ; open          ; open            ; open  ; 0 V                 ; -                  ; n/a           ; n/a             ; n/a         ;
; R_first_four[6] ; 3.3-V LVTTL  ; 0 in              ; 0 H/in                  ; 0 F/in                  ; short         ; -                   ; open           ; open             ; open   ; 0 in             ; 0 H/in                 ; 0 F/in                 ; short        ; open          ; open            ; open  ; 0 V                 ; -                  ; n/a           ; n/a             ; n/a         ;
; R_last_four[0]  ; 3.3-V LVTTL  ; 0 in              ; 0 H/in                  ; 0 F/in                  ; short         ; -                   ; open           ; open             ; open   ; 0 in             ; 0 H/in                 ; 0 F/in                 ; short        ; open          ; open            ; open  ; 0 V                 ; -                  ; n/a           ; n/a             ; n/a         ;
; R_last_four[1]  ; 3.3-V LVTTL  ; 0 in              ; 0 H/in                  ; 0 F/in                  ; short         ; -                   ; open           ; open             ; open   ; 0 in             ; 0 H/in                 ; 0 F/in                 ; short        ; open          ; open            ; open  ; 0 V                 ; -                  ; n/a           ; n/a             ; n/a         ;
; R_last_four[2]  ; 3.3-V LVTTL  ; 0 in              ; 0 H/in                  ; 0 F/in                  ; short         ; -                   ; open           ; open             ; open   ; 0 in             ; 0 H/in                 ; 0 F/in                 ; short        ; open          ; open            ; open  ; 0 V                 ; -                  ; n/a           ; n/a             ; n/a         ;
; R_last_four[3]  ; 3.3-V LVTTL  ; 0 in              ; 0 H/in                  ; 0 F/in                  ; short         ; -                   ; open           ; open             ; open   ; 0 in             ; 0 H/in                 ; 0 F/in                 ; short        ; open          ; open            ; open  ; 0 V                 ; -                  ; n/a           ; n/a             ; n/a         ;
; R_last_four[4]  ; 3.3-V LVTTL  ; 0 in              ; 0 H/in                  ; 0 F/in                  ; short         ; -                   ; open           ; open             ; open   ; 0 in             ; 0 H/in                 ; 0 F/in                 ; short        ; open          ; open            ; open  ; 0 V                 ; -                  ; n/a           ; n/a             ; n/a         ;
; R_last_four[5]  ; 3.3-V LVTTL  ; 0 in              ; 0 H/in                  ; 0 F/in                  ; short         ; -                   ; open           ; open             ; open   ; 0 in             ; 0 H/in                 ; 0 F/in                 ; short        ; open          ; open            ; open  ; 0 V                 ; -                  ; n/a           ; n/a             ; n/a         ;
; R_last_four[6]  ; 3.3-V LVTTL  ; 0 in              ; 0 H/in                  ; 0 F/in                  ; short         ; -                   ; open           ; open             ; open   ; 0 in             ; 0 H/in                 ; 0 F/in                 ; short        ; open          ; open            ; open  ; 0 V                 ; -                  ; n/a           ; n/a             ; n/a         ;
; R_sign[0]       ; 3.3-V LVTTL  ; 0 in              ; 0 H/in                  ; 0 F/in                  ; short         ; -                   ; open           ; open             ; open   ; 0 in             ; 0 H/in                 ; 0 F/in                 ; short        ; open          ; open            ; open  ; 0 V                 ; -                  ; n/a           ; n/a             ; n/a         ;
; R_sign[1]       ; 3.3-V LVTTL  ; 0 in              ; 0 H/in                  ; 0 F/in                  ; short         ; -                   ; open           ; open             ; open   ; 0 in             ; 0 H/in                 ; 0 F/in                 ; short        ; open          ; open            ; open  ; 0 V                 ; -                  ; n/a           ; n/a             ; n/a         ;
; R_sign[2]       ; 3.3-V LVTTL  ; 0 in              ; 0 H/in                  ; 0 F/in                  ; short         ; -                   ; open           ; open             ; open   ; 0 in             ; 0 H/in                 ; 0 F/in                 ; short        ; open          ; open            ; open  ; 0 V                 ; -                  ; n/a           ; n/a             ; n/a         ;
; R_sign[3]       ; 3.3-V LVTTL  ; 0 in              ; 0 H/in                  ; 0 F/in                  ; short         ; -                   ; open           ; open             ; open   ; 0 in             ; 0 H/in                 ; 0 F/in                 ; short        ; open          ; open            ; open  ; 0 V                 ; -                  ; n/a           ; n/a             ; n/a         ;
; R_sign[4]       ; 3.3-V LVTTL  ; 0 in              ; 0 H/in                  ; 0 F/in                  ; short         ; -                   ; open           ; open             ; open   ; 0 in             ; 0 H/in                 ; 0 F/in                 ; short        ; open          ; open            ; open  ; 0 V                 ; -                  ; n/a           ; n/a             ; n/a         ;
; R_sign[5]       ; 3.3-V LVTTL  ; 0 in              ; 0 H/in                  ; 0 F/in                  ; short         ; -                   ; open           ; open             ; open   ; 0 in             ; 0 H/in                 ; 0 F/in                 ; short        ; open          ; open            ; open  ; 0 V                 ; -                  ; n/a           ; n/a             ; n/a         ;
; R_sign[6]       ; 3.3-V LVTTL  ; 0 in              ; 0 H/in                  ; 0 F/in                  ; short         ; -                   ; open           ; open             ; open   ; 0 in             ; 0 H/in                 ; 0 F/in                 ; short        ; open          ; open            ; open  ; 0 V                 ; -                  ; n/a           ; n/a             ; n/a         ;
; std_id[0]       ; 3.3-V LVTTL  ; 0 in              ; 0 H/in                  ; 0 F/in                  ; short         ; -                   ; open           ; open             ; open   ; 0 in             ; 0 H/in                 ; 0 F/in                 ; short        ; open          ; open            ; open  ; 0 V                 ; -                  ; n/a           ; n/a             ; n/a         ;
; std_id[1]       ; 3.3-V LVTTL  ; 0 in              ; 0 H/in                  ; 0 F/in                  ; short         ; -                   ; open           ; open             ; open   ; 0 in             ; 0 H/in                 ; 0 F/in                 ; short        ; open          ; open            ; open  ; 0 V                 ; -                  ; n/a           ; n/a             ; n/a         ;
; std_id[2]       ; 3.3-V LVTTL  ; 0 in              ; 0 H/in                  ; 0 F/in                  ; short         ; -                   ; open           ; open             ; open   ; 0 in             ; 0 H/in                 ; 0 F/in                 ; short        ; open          ; open            ; open  ; 0 V                 ; -                  ; n/a           ; n/a             ; n/a         ;
; std_id[3]       ; 3.3-V LVTTL  ; 0 in              ; 0 H/in                  ; 0 F/in                  ; short         ; -                   ; open           ; open             ; open   ; 0 in             ; 0 H/in                 ; 0 F/in                 ; short        ; open          ; open            ; open  ; 0 V                 ; -                  ; n/a           ; n/a             ; n/a         ;
; std_id[4]       ; 3.3-V LVTTL  ; 0 in              ; 0 H/in                  ; 0 F/in                  ; short         ; -                   ; open           ; open             ; open   ; 0 in             ; 0 H/in                 ; 0 F/in                 ; short        ; open          ; open            ; open  ; 0 V                 ; -                  ; n/a           ; n/a             ; n/a         ;
; std_id[5]       ; 3.3-V LVTTL  ; 0 in              ; 0 H/in                  ; 0 F/in                  ; short         ; -                   ; open           ; open             ; open   ; 0 in             ; 0 H/in                 ; 0 F/in                 ; short        ; open          ; open            ; open  ; 0 V                 ; -                  ; n/a           ; n/a             ; n/a         ;
; std_id[6]       ; 3.3-V LVTTL  ; 0 in              ; 0 H/in                  ; 0 F/in                  ; short         ; -                   ; open           ; open             ; open   ; 0 in             ; 0 H/in                 ; 0 F/in                 ; short        ; open          ; open            ; open  ; 0 V                 ; -                  ; n/a           ; n/a             ; n/a         ;
; ~ALTERA_DCLK~   ; 3.3-V LVTTL  ; 0 in              ; 0 H/in                  ; 0 F/in                  ; short         ; -                   ; open           ; open             ; open   ; 0 in             ; 0 H/in                 ; 0 F/in                 ; short        ; open          ; open            ; open  ; 0 V                 ; -                  ; n/a           ; n/a             ; n/a         ;
; ~ALTERA_nCEO~   ; 3.3-V LVTTL  ; 0 in              ; 0 H/in                  ; 0 F/in                  ; short         ; -                   ; open           ; open             ; open   ; 0 in             ; 0 H/in                 ; 0 F/in                 ; short        ; open          ; open            ; open  ; 0 V                 ; -                  ; n/a           ; n/a             ; n/a         ;
+-----------------+--------------+-------------------+-------------------------+-------------------------+---------------+---------------------+----------------+------------------+--------+------------------+------------------------+------------------------+--------------+---------------+-----------------+-------+---------------------+--------------------+---------------+-----------------+-------------+


+----------------------------------------------------------------------------+
; Input Transition Times                                                     ;
+-------------------------+--------------+-----------------+-----------------+
; Pin                     ; I/O Standard ; 10-90 Rise Time ; 90-10 Fall Time ;
+-------------------------+--------------+-----------------+-----------------+
; Clock                   ; 3.3-V LVTTL  ; 2640 ps         ; 2640 ps         ;
; dec_en                  ; 3.3-V LVTTL  ; 2640 ps         ; 2640 ps         ;
; FSM_reset               ; 3.3-V LVTTL  ; 2640 ps         ; 2640 ps         ;
; data_in                 ; 3.3-V LVTTL  ; 2640 ps         ; 2640 ps         ;
; B[0]                    ; 3.3-V LVTTL  ; 2640 ps         ; 2640 ps         ;
; Reset_B                 ; 3.3-V LVTTL  ; 2640 ps         ; 2640 ps         ;
; A[0]                    ; 3.3-V LVTTL  ; 2640 ps         ; 2640 ps         ;
; Reset_A                 ; 3.3-V LVTTL  ; 2640 ps         ; 2640 ps         ;
; B[1]                    ; 3.3-V LVTTL  ; 2640 ps         ; 2640 ps         ;
; A[1]                    ; 3.3-V LVTTL  ; 2640 ps         ; 2640 ps         ;
; B[2]                    ; 3.3-V LVTTL  ; 2640 ps         ; 2640 ps         ;
; A[2]                    ; 3.3-V LVTTL  ; 2640 ps         ; 2640 ps         ;
; B[3]                    ; 3.3-V LVTTL  ; 2640 ps         ; 2640 ps         ;
; A[3]                    ; 3.3-V LVTTL  ; 2640 ps         ; 2640 ps         ;
; B[4]                    ; 3.3-V LVTTL  ; 2640 ps         ; 2640 ps         ;
; A[4]                    ; 3.3-V LVTTL  ; 2640 ps         ; 2640 ps         ;
; B[5]                    ; 3.3-V LVTTL  ; 2640 ps         ; 2640 ps         ;
; A[5]                    ; 3.3-V LVTTL  ; 2640 ps         ; 2640 ps         ;
; B[6]                    ; 3.3-V LVTTL  ; 2640 ps         ; 2640 ps         ;
; A[6]                    ; 3.3-V LVTTL  ; 2640 ps         ; 2640 ps         ;
; B[7]                    ; 3.3-V LVTTL  ; 2640 ps         ; 2640 ps         ;
; A[7]                    ; 3.3-V LVTTL  ; 2640 ps         ; 2640 ps         ;
; ~ALTERA_ASDO_DATA1~     ; 3.3-V LVTTL  ; 2640 ps         ; 2640 ps         ;
; ~ALTERA_FLASH_nCE_nCSO~ ; 3.3-V LVTTL  ; 2640 ps         ; 2640 ps         ;
; ~ALTERA_DATA0~          ; 3.3-V LVTTL  ; 2640 ps         ; 2640 ps         ;
+-------------------------+--------------+-----------------+-----------------+


+----------------------------------------------------------------------------------------------------------------------------------------------------------------------------------------------------------------------------------------------------------------------------------------------------------------------------------------------------------------------------------------------------------------------------------------------------------------------------------------------------------------------------------------------------------------------------------------------------------------------------------------------------------------------------------------------+
; Signal Integrity Metrics (Slow 1200mv 0c Model)                                                                                                                                                                                                                                                                                                                                                                                                                                                                                                                                                                                                                                              ;
+-----------------+--------------+---------------------+---------------------+------------------------------+------------------------------+---------------------+---------------------+--------------------------------------+--------------------------------------+-----------------------------+-----------------------------+----------------------------+----------------------------+-----------------------------+-----------------------------+--------------------+--------------------+-------------------------------------+-------------------------------------+----------------------------+----------------------------+---------------------------+---------------------------+
; Pin             ; I/O Standard ; Board Delay on Rise ; Board Delay on Fall ; Steady State Voh at FPGA Pin ; Steady State Vol at FPGA Pin ; Voh Max at FPGA Pin ; Vol Min at FPGA Pin ; Ringback Voltage on Rise at FPGA Pin ; Ringback Voltage on Fall at FPGA Pin ; 10-90 Rise Time at FPGA Pin ; 90-10 Fall Time at FPGA Pin ; Monotonic Rise at FPGA Pin ; Monotonic Fall at FPGA Pin ; Steady State Voh at Far-end ; Steady State Vol at Far-end ; Voh Max at Far-end ; Vol Min at Far-end ; Ringback Voltage on Rise at Far-end ; Ringback Voltage on Fall at Far-end ; 10-90 Rise Time at Far-end ; 90-10 Fall Time at Far-end ; Monotonic Rise at Far-end ; Monotonic Fall at Far-end ;
+-----------------+--------------+---------------------+---------------------+------------------------------+------------------------------+---------------------+---------------------+--------------------------------------+--------------------------------------+-----------------------------+-----------------------------+----------------------------+----------------------------+-----------------------------+-----------------------------+--------------------+--------------------+-------------------------------------+-------------------------------------+----------------------------+----------------------------+---------------------------+---------------------------+
; R_first_four[0] ; 3.3-V LVTTL  ; 0 s                 ; 0 s                 ; 3.08 V                       ; 2.24e-08 V                   ; 3.14 V              ; -0.115 V            ; 0.31 V                               ; 0.241 V                              ; 5.06e-10 s                  ; 4.37e-10 s                  ; No                         ; No                         ; 3.08 V                      ; 2.24e-08 V                  ; 3.14 V             ; -0.115 V           ; 0.31 V                              ; 0.241 V                             ; 5.06e-10 s                 ; 4.37e-10 s                 ; No                        ; No                        ;
; R_first_four[1] ; 3.3-V LVTTL  ; 0 s                 ; 0 s                 ; 3.08 V                       ; 2.24e-08 V                   ; 3.14 V              ; -0.115 V            ; 0.31 V                               ; 0.241 V                              ; 5.06e-10 s                  ; 4.37e-10 s                  ; No                         ; No                         ; 3.08 V                      ; 2.24e-08 V                  ; 3.14 V             ; -0.115 V           ; 0.31 V                              ; 0.241 V                             ; 5.06e-10 s                 ; 4.37e-10 s                 ; No                        ; No                        ;
; R_first_four[2] ; 3.3-V LVTTL  ; 0 s                 ; 0 s                 ; 3.08 V                       ; 2.24e-08 V                   ; 3.14 V              ; -0.115 V            ; 0.31 V                               ; 0.241 V                              ; 5.06e-10 s                  ; 4.37e-10 s                  ; No                         ; No                         ; 3.08 V                      ; 2.24e-08 V                  ; 3.14 V             ; -0.115 V           ; 0.31 V                              ; 0.241 V                             ; 5.06e-10 s                 ; 4.37e-10 s                 ; No                        ; No                        ;
; R_first_four[3] ; 3.3-V LVTTL  ; 0 s                 ; 0 s                 ; 3.08 V                       ; 2.24e-08 V                   ; 3.09 V              ; -0.0123 V           ; 0.281 V                              ; 0.305 V                              ; 4.54e-09 s                  ; 3.32e-09 s                  ; No                         ; No                         ; 3.08 V                      ; 2.24e-08 V                  ; 3.09 V             ; -0.0123 V          ; 0.281 V                             ; 0.305 V                             ; 4.54e-09 s                 ; 3.32e-09 s                 ; No                        ; No                        ;
; R_first_four[4] ; 3.3-V LVTTL  ; 0 s                 ; 0 s                 ; 3.08 V                       ; 1.54e-08 V                   ; 3.16 V              ; -0.11 V             ; 0.302 V                              ; 0.22 V                               ; 4.82e-10 s                  ; 4.27e-10 s                  ; Yes                        ; No                         ; 3.08 V                      ; 1.54e-08 V                  ; 3.16 V             ; -0.11 V            ; 0.302 V                             ; 0.22 V                              ; 4.82e-10 s                 ; 4.27e-10 s                 ; Yes                       ; No                        ;
; R_first_four[5] ; 3.3-V LVTTL  ; 0 s                 ; 0 s                 ; 3.08 V                       ; 2.24e-08 V                   ; 3.14 V              ; -0.115 V            ; 0.31 V                               ; 0.241 V                              ; 5.06e-10 s                  ; 4.37e-10 s                  ; No                         ; No                         ; 3.08 V                      ; 2.24e-08 V                  ; 3.14 V             ; -0.115 V           ; 0.31 V                              ; 0.241 V                             ; 5.06e-10 s                 ; 4.37e-10 s                 ; No                        ; No                        ;
; R_first_four[6] ; 3.3-V LVTTL  ; 0 s                 ; 0 s                 ; 3.08 V                       ; 2.24e-08 V                   ; 3.14 V              ; -0.115 V            ; 0.31 V                               ; 0.241 V                              ; 5.06e-10 s                  ; 4.37e-10 s                  ; No                         ; No                         ; 3.08 V                      ; 2.24e-08 V                  ; 3.14 V             ; -0.115 V           ; 0.31 V                              ; 0.241 V                             ; 5.06e-10 s                 ; 4.37e-10 s                 ; No                        ; No                        ;
; R_last_four[0]  ; 3.3-V LVTTL  ; 0 s                 ; 0 s                 ; 3.08 V                       ; 1.54e-08 V                   ; 3.14 V              ; -0.074 V            ; 0.343 V                              ; 0.194 V                              ; 7.35e-10 s                  ; 6.36e-10 s                  ; No                         ; No                         ; 3.08 V                      ; 1.54e-08 V                  ; 3.14 V             ; -0.074 V           ; 0.343 V                             ; 0.194 V                             ; 7.35e-10 s                 ; 6.36e-10 s                 ; No                        ; No                        ;
; R_last_four[1]  ; 3.3-V LVTTL  ; 0 s                 ; 0 s                 ; 3.08 V                       ; 1.54e-08 V                   ; 3.14 V              ; -0.074 V            ; 0.343 V                              ; 0.194 V                              ; 7.35e-10 s                  ; 6.36e-10 s                  ; No                         ; No                         ; 3.08 V                      ; 1.54e-08 V                  ; 3.14 V             ; -0.074 V           ; 0.343 V                             ; 0.194 V                             ; 7.35e-10 s                 ; 6.36e-10 s                 ; No                        ; No                        ;
; R_last_four[2]  ; 3.3-V LVTTL  ; 0 s                 ; 0 s                 ; 3.08 V                       ; 1.54e-08 V                   ; 3.16 V              ; -0.11 V             ; 0.302 V                              ; 0.22 V                               ; 4.82e-10 s                  ; 4.27e-10 s                  ; Yes                        ; No                         ; 3.08 V                      ; 1.54e-08 V                  ; 3.16 V             ; -0.11 V            ; 0.302 V                             ; 0.22 V                              ; 4.82e-10 s                 ; 4.27e-10 s                 ; Yes                       ; No                        ;
; R_last_four[3]  ; 3.3-V LVTTL  ; 0 s                 ; 0 s                 ; 3.08 V                       ; 1.54e-08 V                   ; 3.16 V              ; -0.11 V             ; 0.302 V                              ; 0.22 V                               ; 4.82e-10 s                  ; 4.27e-10 s                  ; Yes                        ; No                         ; 3.08 V                      ; 1.54e-08 V                  ; 3.16 V             ; -0.11 V            ; 0.302 V                             ; 0.22 V                              ; 4.82e-10 s                 ; 4.27e-10 s                 ; Yes                       ; No                        ;
; R_last_four[4]  ; 3.3-V LVTTL  ; 0 s                 ; 0 s                 ; 3.08 V                       ; 1.54e-08 V                   ; 3.14 V              ; -0.074 V            ; 0.343 V                              ; 0.194 V                              ; 7.35e-10 s                  ; 6.36e-10 s                  ; No                         ; No                         ; 3.08 V                      ; 1.54e-08 V                  ; 3.14 V             ; -0.074 V           ; 0.343 V                             ; 0.194 V                             ; 7.35e-10 s                 ; 6.36e-10 s                 ; No                        ; No                        ;
; R_last_four[5]  ; 3.3-V LVTTL  ; 0 s                 ; 0 s                 ; 3.08 V                       ; 2.24e-08 V                   ; 3.14 V              ; -0.115 V            ; 0.31 V                               ; 0.241 V                              ; 5.06e-10 s                  ; 4.37e-10 s                  ; No                         ; No                         ; 3.08 V                      ; 2.24e-08 V                  ; 3.14 V             ; -0.115 V           ; 0.31 V                              ; 0.241 V                             ; 5.06e-10 s                 ; 4.37e-10 s                 ; No                        ; No                        ;
; R_last_four[6]  ; 3.3-V LVTTL  ; 0 s                 ; 0 s                 ; 3.08 V                       ; 1.54e-08 V                   ; 3.09 V              ; -0.0119 V           ; 0.277 V                              ; 0.297 V                              ; 4.54e-09 s                  ; 3.32e-09 s                  ; No                         ; No                         ; 3.08 V                      ; 1.54e-08 V                  ; 3.09 V             ; -0.0119 V          ; 0.277 V                             ; 0.297 V                             ; 4.54e-09 s                 ; 3.32e-09 s                 ; No                        ; No                        ;
; R_sign[0]       ; 3.3-V LVTTL  ; 0 s                 ; 0 s                 ; 3.08 V                       ; 1.54e-08 V                   ; 3.14 V              ; -0.074 V            ; 0.343 V                              ; 0.194 V                              ; 7.35e-10 s                  ; 6.36e-10 s                  ; No                         ; No                         ; 3.08 V                      ; 1.54e-08 V                  ; 3.14 V             ; -0.074 V           ; 0.343 V                             ; 0.194 V                             ; 7.35e-10 s                 ; 6.36e-10 s                 ; No                        ; No                        ;
; R_sign[1]       ; 3.3-V LVTTL  ; 0 s                 ; 0 s                 ; 3.08 V                       ; 2.24e-08 V                   ; 3.14 V              ; -0.115 V            ; 0.31 V                               ; 0.241 V                              ; 5.06e-10 s                  ; 4.37e-10 s                  ; No                         ; No                         ; 3.08 V                      ; 2.24e-08 V                  ; 3.14 V             ; -0.115 V           ; 0.31 V                              ; 0.241 V                             ; 5.06e-10 s                 ; 4.37e-10 s                 ; No                        ; No                        ;
; R_sign[2]       ; 3.3-V LVTTL  ; 0 s                 ; 0 s                 ; 3.08 V                       ; 1.54e-08 V                   ; 3.16 V              ; -0.11 V             ; 0.302 V                              ; 0.22 V                               ; 4.82e-10 s                  ; 4.27e-10 s                  ; Yes                        ; No                         ; 3.08 V                      ; 1.54e-08 V                  ; 3.16 V             ; -0.11 V            ; 0.302 V                             ; 0.22 V                              ; 4.82e-10 s                 ; 4.27e-10 s                 ; Yes                       ; No                        ;
; R_sign[3]       ; 3.3-V LVTTL  ; 0 s                 ; 0 s                 ; 3.08 V                       ; 2.24e-08 V                   ; 3.14 V              ; -0.115 V            ; 0.31 V                               ; 0.241 V                              ; 5.06e-10 s                  ; 4.37e-10 s                  ; No                         ; No                         ; 3.08 V                      ; 2.24e-08 V                  ; 3.14 V             ; -0.115 V           ; 0.31 V                              ; 0.241 V                             ; 5.06e-10 s                 ; 4.37e-10 s                 ; No                        ; No                        ;
; R_sign[4]       ; 3.3-V LVTTL  ; 0 s                 ; 0 s                 ; 3.08 V                       ; 2.24e-08 V                   ; 3.14 V              ; -0.115 V            ; 0.31 V                               ; 0.241 V                              ; 5.06e-10 s                  ; 4.37e-10 s                  ; No                         ; No                         ; 3.08 V                      ; 2.24e-08 V                  ; 3.14 V             ; -0.115 V           ; 0.31 V                              ; 0.241 V                             ; 5.06e-10 s                 ; 4.37e-10 s                 ; No                        ; No                        ;
; R_sign[5]       ; 3.3-V LVTTL  ; 0 s                 ; 0 s                 ; 3.08 V                       ; 2.24e-08 V                   ; 3.14 V              ; -0.115 V            ; 0.31 V                               ; 0.241 V                              ; 5.06e-10 s                  ; 4.37e-10 s                  ; No                         ; No                         ; 3.08 V                      ; 2.24e-08 V                  ; 3.14 V             ; -0.115 V           ; 0.31 V                              ; 0.241 V                             ; 5.06e-10 s                 ; 4.37e-10 s                 ; No                        ; No                        ;
; R_sign[6]       ; 3.3-V LVTTL  ; 0 s                 ; 0 s                 ; 3.08 V                       ; 2.24e-08 V                   ; 3.09 V              ; -0.0123 V           ; 0.281 V                              ; 0.305 V                              ; 4.54e-09 s                  ; 3.32e-09 s                  ; No                         ; No                         ; 3.08 V                      ; 2.24e-08 V                  ; 3.09 V             ; -0.0123 V          ; 0.281 V                             ; 0.305 V                             ; 4.54e-09 s                 ; 3.32e-09 s                 ; No                        ; No                        ;
; std_id[0]       ; 3.3-V LVTTL  ; 0 s                 ; 0 s                 ; 3.08 V                       ; 2.24e-08 V                   ; 3.14 V              ; -0.115 V            ; 0.31 V                               ; 0.241 V                              ; 5.06e-10 s                  ; 4.37e-10 s                  ; No                         ; No                         ; 3.08 V                      ; 2.24e-08 V                  ; 3.14 V             ; -0.115 V           ; 0.31 V                              ; 0.241 V                             ; 5.06e-10 s                 ; 4.37e-10 s                 ; No                        ; No                        ;
; std_id[1]       ; 3.3-V LVTTL  ; 0 s                 ; 0 s                 ; 3.08 V                       ; 2.24e-08 V                   ; 3.14 V              ; -0.115 V            ; 0.31 V                               ; 0.241 V                              ; 5.06e-10 s                  ; 4.37e-10 s                  ; No                         ; No                         ; 3.08 V                      ; 2.24e-08 V                  ; 3.14 V             ; -0.115 V           ; 0.31 V                              ; 0.241 V                             ; 5.06e-10 s                 ; 4.37e-10 s                 ; No                        ; No                        ;
; std_id[2]       ; 3.3-V LVTTL  ; 0 s                 ; 0 s                 ; 3.08 V                       ; 2.24e-08 V                   ; 3.14 V              ; -0.115 V            ; 0.31 V                               ; 0.241 V                              ; 5.06e-10 s                  ; 4.37e-10 s                  ; No                         ; No                         ; 3.08 V                      ; 2.24e-08 V                  ; 3.14 V             ; -0.115 V           ; 0.31 V                              ; 0.241 V                             ; 5.06e-10 s                 ; 4.37e-10 s                 ; No                        ; No                        ;
; std_id[3]       ; 3.3-V LVTTL  ; 0 s                 ; 0 s                 ; 3.08 V                       ; 2.24e-08 V                   ; 3.14 V              ; -0.115 V            ; 0.31 V                               ; 0.241 V                              ; 5.06e-10 s                  ; 4.37e-10 s                  ; No                         ; No                         ; 3.08 V                      ; 2.24e-08 V                  ; 3.14 V             ; -0.115 V           ; 0.31 V                              ; 0.241 V                             ; 5.06e-10 s                 ; 4.37e-10 s                 ; No                        ; No                        ;
; std_id[4]       ; 3.3-V LVTTL  ; 0 s                 ; 0 s                 ; 3.08 V                       ; 2.24e-08 V                   ; 3.14 V              ; -0.115 V            ; 0.31 V                               ; 0.241 V                              ; 5.06e-10 s                  ; 4.37e-10 s                  ; No                         ; No                         ; 3.08 V                      ; 2.24e-08 V                  ; 3.14 V             ; -0.115 V           ; 0.31 V                              ; 0.241 V                             ; 5.06e-10 s                 ; 4.37e-10 s                 ; No                        ; No                        ;
; std_id[5]       ; 3.3-V LVTTL  ; 0 s                 ; 0 s                 ; 3.08 V                       ; 1.54e-08 V                   ; 3.14 V              ; -0.074 V            ; 0.343 V                              ; 0.194 V                              ; 7.35e-10 s                  ; 6.36e-10 s                  ; No                         ; No                         ; 3.08 V                      ; 1.54e-08 V                  ; 3.14 V             ; -0.074 V           ; 0.343 V                             ; 0.194 V                             ; 7.35e-10 s                 ; 6.36e-10 s                 ; No                        ; No                        ;
; std_id[6]       ; 3.3-V LVTTL  ; 0 s                 ; 0 s                 ; 3.08 V                       ; 2.24e-08 V                   ; 3.14 V              ; -0.115 V            ; 0.31 V                               ; 0.241 V                              ; 5.06e-10 s                  ; 4.37e-10 s                  ; No                         ; No                         ; 3.08 V                      ; 2.24e-08 V                  ; 3.14 V             ; -0.115 V           ; 0.31 V                              ; 0.241 V                             ; 5.06e-10 s                 ; 4.37e-10 s                 ; No                        ; No                        ;
; ~ALTERA_DCLK~   ; 3.3-V LVTTL  ; 0 s                 ; 0 s                 ; 3.08 V                       ; 8.05e-09 V                   ; 3.21 V              ; -0.181 V            ; 0.16 V                               ; 0.253 V                              ; 2.77e-10 s                  ; 2.32e-10 s                  ; No                         ; Yes                        ; 3.08 V                      ; 8.05e-09 V                  ; 3.21 V             ; -0.181 V           ; 0.16 V                              ; 0.253 V                             ; 2.77e-10 s                 ; 2.32e-10 s                 ; No                        ; Yes                       ;
; ~ALTERA_nCEO~   ; 3.3-V LVTTL  ; 0 s                 ; 0 s                 ; 3.08 V                       ; 1.54e-08 V                   ; 3.14 V              ; -0.074 V            ; 0.343 V                              ; 0.194 V                              ; 7.35e-10 s                  ; 6.36e-10 s                  ; No                         ; No                         ; 3.08 V                      ; 1.54e-08 V                  ; 3.14 V             ; -0.074 V           ; 0.343 V                             ; 0.194 V                             ; 7.35e-10 s                 ; 6.36e-10 s                 ; No                        ; No                        ;
+-----------------+--------------+---------------------+---------------------+------------------------------+------------------------------+---------------------+---------------------+--------------------------------------+--------------------------------------+-----------------------------+-----------------------------+----------------------------+----------------------------+-----------------------------+-----------------------------+--------------------+--------------------+-------------------------------------+-------------------------------------+----------------------------+----------------------------+---------------------------+---------------------------+


+----------------------------------------------------------------------------------------------------------------------------------------------------------------------------------------------------------------------------------------------------------------------------------------------------------------------------------------------------------------------------------------------------------------------------------------------------------------------------------------------------------------------------------------------------------------------------------------------------------------------------------------------------------------------------------------------+
; Signal Integrity Metrics (Slow 1200mv 85c Model)                                                                                                                                                                                                                                                                                                                                                                                                                                                                                                                                                                                                                                             ;
+-----------------+--------------+---------------------+---------------------+------------------------------+------------------------------+---------------------+---------------------+--------------------------------------+--------------------------------------+-----------------------------+-----------------------------+----------------------------+----------------------------+-----------------------------+-----------------------------+--------------------+--------------------+-------------------------------------+-------------------------------------+----------------------------+----------------------------+---------------------------+---------------------------+
; Pin             ; I/O Standard ; Board Delay on Rise ; Board Delay on Fall ; Steady State Voh at FPGA Pin ; Steady State Vol at FPGA Pin ; Voh Max at FPGA Pin ; Vol Min at FPGA Pin ; Ringback Voltage on Rise at FPGA Pin ; Ringback Voltage on Fall at FPGA Pin ; 10-90 Rise Time at FPGA Pin ; 90-10 Fall Time at FPGA Pin ; Monotonic Rise at FPGA Pin ; Monotonic Fall at FPGA Pin ; Steady State Voh at Far-end ; Steady State Vol at Far-end ; Voh Max at Far-end ; Vol Min at Far-end ; Ringback Voltage on Rise at Far-end ; Ringback Voltage on Fall at Far-end ; 10-90 Rise Time at Far-end ; 90-10 Fall Time at Far-end ; Monotonic Rise at Far-end ; Monotonic Fall at Far-end ;
+-----------------+--------------+---------------------+---------------------+------------------------------+------------------------------+---------------------+---------------------+--------------------------------------+--------------------------------------+-----------------------------+-----------------------------+----------------------------+----------------------------+-----------------------------+-----------------------------+--------------------+--------------------+-------------------------------------+-------------------------------------+----------------------------+----------------------------+---------------------------+---------------------------+
; R_first_four[0] ; 3.3-V LVTTL  ; 0 s                 ; 0 s                 ; 3.08 V                       ; 2.99e-06 V                   ; 3.11 V              ; -0.0717 V           ; 0.209 V                              ; 0.168 V                              ; 6.66e-10 s                  ; 6.19e-10 s                  ; Yes                        ; No                         ; 3.08 V                      ; 2.99e-06 V                  ; 3.11 V             ; -0.0717 V          ; 0.209 V                             ; 0.168 V                             ; 6.66e-10 s                 ; 6.19e-10 s                 ; Yes                       ; No                        ;
; R_first_four[1] ; 3.3-V LVTTL  ; 0 s                 ; 0 s                 ; 3.08 V                       ; 2.99e-06 V                   ; 3.11 V              ; -0.0717 V           ; 0.209 V                              ; 0.168 V                              ; 6.66e-10 s                  ; 6.19e-10 s                  ; Yes                        ; No                         ; 3.08 V                      ; 2.99e-06 V                  ; 3.11 V             ; -0.0717 V          ; 0.209 V                             ; 0.168 V                             ; 6.66e-10 s                 ; 6.19e-10 s                 ; Yes                       ; No                        ;
; R_first_four[2] ; 3.3-V LVTTL  ; 0 s                 ; 0 s                 ; 3.08 V                       ; 2.99e-06 V                   ; 3.11 V              ; -0.0717 V           ; 0.209 V                              ; 0.168 V                              ; 6.66e-10 s                  ; 6.19e-10 s                  ; Yes                        ; No                         ; 3.08 V                      ; 2.99e-06 V                  ; 3.11 V             ; -0.0717 V          ; 0.209 V                             ; 0.168 V                             ; 6.66e-10 s                 ; 6.19e-10 s                 ; Yes                       ; No                        ;
; R_first_four[3] ; 3.3-V LVTTL  ; 0 s                 ; 0 s                 ; 3.08 V                       ; 2.99e-06 V                   ; 3.08 V              ; -0.00675 V          ; 0.232 V                              ; 0.283 V                              ; 5.31e-09 s                  ; 4.2e-09 s                   ; Yes                        ; No                         ; 3.08 V                      ; 2.99e-06 V                  ; 3.08 V             ; -0.00675 V         ; 0.232 V                             ; 0.283 V                             ; 5.31e-09 s                 ; 4.2e-09 s                  ; Yes                       ; No                        ;
; R_first_four[4] ; 3.3-V LVTTL  ; 0 s                 ; 0 s                 ; 3.08 V                       ; 2e-06 V                      ; 3.13 V              ; -0.0781 V           ; 0.202 V                              ; 0.359 V                              ; 6.54e-10 s                  ; 5e-10 s                     ; No                         ; No                         ; 3.08 V                      ; 2e-06 V                     ; 3.13 V             ; -0.0781 V          ; 0.202 V                             ; 0.359 V                             ; 6.54e-10 s                 ; 5e-10 s                    ; No                        ; No                        ;
; R_first_four[5] ; 3.3-V LVTTL  ; 0 s                 ; 0 s                 ; 3.08 V                       ; 2.99e-06 V                   ; 3.11 V              ; -0.0717 V           ; 0.209 V                              ; 0.168 V                              ; 6.66e-10 s                  ; 6.19e-10 s                  ; Yes                        ; No                         ; 3.08 V                      ; 2.99e-06 V                  ; 3.11 V             ; -0.0717 V          ; 0.209 V                             ; 0.168 V                             ; 6.66e-10 s                 ; 6.19e-10 s                 ; Yes                       ; No                        ;
; R_first_four[6] ; 3.3-V LVTTL  ; 0 s                 ; 0 s                 ; 3.08 V                       ; 2.99e-06 V                   ; 3.11 V              ; -0.0717 V           ; 0.209 V                              ; 0.168 V                              ; 6.66e-10 s                  ; 6.19e-10 s                  ; Yes                        ; No                         ; 3.08 V                      ; 2.99e-06 V                  ; 3.11 V             ; -0.0717 V          ; 0.209 V                             ; 0.168 V                             ; 6.66e-10 s                 ; 6.19e-10 s                 ; Yes                       ; No                        ;
; R_last_four[0]  ; 3.3-V LVTTL  ; 0 s                 ; 0 s                 ; 3.08 V                       ; 2e-06 V                      ; 3.12 V              ; -0.0547 V           ; 0.276 V                              ; 0.181 V                              ; 9.17e-10 s                  ; 8.31e-10 s                  ; Yes                        ; No                         ; 3.08 V                      ; 2e-06 V                     ; 3.12 V             ; -0.0547 V          ; 0.276 V                             ; 0.181 V                             ; 9.17e-10 s                 ; 8.31e-10 s                 ; Yes                       ; No                        ;
; R_last_four[1]  ; 3.3-V LVTTL  ; 0 s                 ; 0 s                 ; 3.08 V                       ; 2e-06 V                      ; 3.12 V              ; -0.0547 V           ; 0.276 V                              ; 0.181 V                              ; 9.17e-10 s                  ; 8.31e-10 s                  ; Yes                        ; No                         ; 3.08 V                      ; 2e-06 V                     ; 3.12 V             ; -0.0547 V          ; 0.276 V                             ; 0.181 V                             ; 9.17e-10 s                 ; 8.31e-10 s                 ; Yes                       ; No                        ;
; R_last_four[2]  ; 3.3-V LVTTL  ; 0 s                 ; 0 s                 ; 3.08 V                       ; 2e-06 V                      ; 3.13 V              ; -0.0781 V           ; 0.202 V                              ; 0.359 V                              ; 6.54e-10 s                  ; 5e-10 s                     ; No                         ; No                         ; 3.08 V                      ; 2e-06 V                     ; 3.13 V             ; -0.0781 V          ; 0.202 V                             ; 0.359 V                             ; 6.54e-10 s                 ; 5e-10 s                    ; No                        ; No                        ;
; R_last_four[3]  ; 3.3-V LVTTL  ; 0 s                 ; 0 s                 ; 3.08 V                       ; 2e-06 V                      ; 3.13 V              ; -0.0781 V           ; 0.202 V                              ; 0.359 V                              ; 6.54e-10 s                  ; 5e-10 s                     ; No                         ; No                         ; 3.08 V                      ; 2e-06 V                     ; 3.13 V             ; -0.0781 V          ; 0.202 V                             ; 0.359 V                             ; 6.54e-10 s                 ; 5e-10 s                    ; No                        ; No                        ;
; R_last_four[4]  ; 3.3-V LVTTL  ; 0 s                 ; 0 s                 ; 3.08 V                       ; 2e-06 V                      ; 3.12 V              ; -0.0547 V           ; 0.276 V                              ; 0.181 V                              ; 9.17e-10 s                  ; 8.31e-10 s                  ; Yes                        ; No                         ; 3.08 V                      ; 2e-06 V                     ; 3.12 V             ; -0.0547 V          ; 0.276 V                             ; 0.181 V                             ; 9.17e-10 s                 ; 8.31e-10 s                 ; Yes                       ; No                        ;
; R_last_four[5]  ; 3.3-V LVTTL  ; 0 s                 ; 0 s                 ; 3.08 V                       ; 2.99e-06 V                   ; 3.11 V              ; -0.0717 V           ; 0.209 V                              ; 0.168 V                              ; 6.66e-10 s                  ; 6.19e-10 s                  ; Yes                        ; No                         ; 3.08 V                      ; 2.99e-06 V                  ; 3.11 V             ; -0.0717 V          ; 0.209 V                             ; 0.168 V                             ; 6.66e-10 s                 ; 6.19e-10 s                 ; Yes                       ; No                        ;
; R_last_four[6]  ; 3.3-V LVTTL  ; 0 s                 ; 0 s                 ; 3.08 V                       ; 2e-06 V                      ; 3.08 V              ; -0.00666 V          ; 0.298 V                              ; 0.277 V                              ; 5.29e-09 s                  ; 4.2e-09 s                   ; Yes                        ; No                         ; 3.08 V                      ; 2e-06 V                     ; 3.08 V             ; -0.00666 V         ; 0.298 V                             ; 0.277 V                             ; 5.29e-09 s                 ; 4.2e-09 s                  ; Yes                       ; No                        ;
; R_sign[0]       ; 3.3-V LVTTL  ; 0 s                 ; 0 s                 ; 3.08 V                       ; 2e-06 V                      ; 3.12 V              ; -0.0547 V           ; 0.276 V                              ; 0.181 V                              ; 9.17e-10 s                  ; 8.31e-10 s                  ; Yes                        ; No                         ; 3.08 V                      ; 2e-06 V                     ; 3.12 V             ; -0.0547 V          ; 0.276 V                             ; 0.181 V                             ; 9.17e-10 s                 ; 8.31e-10 s                 ; Yes                       ; No                        ;
; R_sign[1]       ; 3.3-V LVTTL  ; 0 s                 ; 0 s                 ; 3.08 V                       ; 2.99e-06 V                   ; 3.11 V              ; -0.0717 V           ; 0.209 V                              ; 0.168 V                              ; 6.66e-10 s                  ; 6.19e-10 s                  ; Yes                        ; No                         ; 3.08 V                      ; 2.99e-06 V                  ; 3.11 V             ; -0.0717 V          ; 0.209 V                             ; 0.168 V                             ; 6.66e-10 s                 ; 6.19e-10 s                 ; Yes                       ; No                        ;
; R_sign[2]       ; 3.3-V LVTTL  ; 0 s                 ; 0 s                 ; 3.08 V                       ; 2e-06 V                      ; 3.13 V              ; -0.0781 V           ; 0.202 V                              ; 0.359 V                              ; 6.54e-10 s                  ; 5e-10 s                     ; No                         ; No                         ; 3.08 V                      ; 2e-06 V                     ; 3.13 V             ; -0.0781 V          ; 0.202 V                             ; 0.359 V                             ; 6.54e-10 s                 ; 5e-10 s                    ; No                        ; No                        ;
; R_sign[3]       ; 3.3-V LVTTL  ; 0 s                 ; 0 s                 ; 3.08 V                       ; 2.99e-06 V                   ; 3.11 V              ; -0.0717 V           ; 0.209 V                              ; 0.168 V                              ; 6.66e-10 s                  ; 6.19e-10 s                  ; Yes                        ; No                         ; 3.08 V                      ; 2.99e-06 V                  ; 3.11 V             ; -0.0717 V          ; 0.209 V                             ; 0.168 V                             ; 6.66e-10 s                 ; 6.19e-10 s                 ; Yes                       ; No                        ;
; R_sign[4]       ; 3.3-V LVTTL  ; 0 s                 ; 0 s                 ; 3.08 V                       ; 2.99e-06 V                   ; 3.11 V              ; -0.0717 V           ; 0.209 V                              ; 0.168 V                              ; 6.66e-10 s                  ; 6.19e-10 s                  ; Yes                        ; No                         ; 3.08 V                      ; 2.99e-06 V                  ; 3.11 V             ; -0.0717 V          ; 0.209 V                             ; 0.168 V                             ; 6.66e-10 s                 ; 6.19e-10 s                 ; Yes                       ; No                        ;
; R_sign[5]       ; 3.3-V LVTTL  ; 0 s                 ; 0 s                 ; 3.08 V                       ; 2.99e-06 V                   ; 3.11 V              ; -0.0717 V           ; 0.209 V                              ; 0.168 V                              ; 6.66e-10 s                  ; 6.19e-10 s                  ; Yes                        ; No                         ; 3.08 V                      ; 2.99e-06 V                  ; 3.11 V             ; -0.0717 V          ; 0.209 V                             ; 0.168 V                             ; 6.66e-10 s                 ; 6.19e-10 s                 ; Yes                       ; No                        ;
; R_sign[6]       ; 3.3-V LVTTL  ; 0 s                 ; 0 s                 ; 3.08 V                       ; 2.99e-06 V                   ; 3.08 V              ; -0.00675 V          ; 0.232 V                              ; 0.283 V                              ; 5.31e-09 s                  ; 4.2e-09 s                   ; Yes                        ; No                         ; 3.08 V                      ; 2.99e-06 V                  ; 3.08 V             ; -0.00675 V         ; 0.232 V                             ; 0.283 V                             ; 5.31e-09 s                 ; 4.2e-09 s                  ; Yes                       ; No                        ;
; std_id[0]       ; 3.3-V LVTTL  ; 0 s                 ; 0 s                 ; 3.08 V                       ; 2.99e-06 V                   ; 3.11 V              ; -0.0717 V           ; 0.209 V                              ; 0.168 V                              ; 6.66e-10 s                  ; 6.19e-10 s                  ; Yes                        ; No                         ; 3.08 V                      ; 2.99e-06 V                  ; 3.11 V             ; -0.0717 V          ; 0.209 V                             ; 0.168 V                             ; 6.66e-10 s                 ; 6.19e-10 s                 ; Yes                       ; No                        ;
; std_id[1]       ; 3.3-V LVTTL  ; 0 s                 ; 0 s                 ; 3.08 V                       ; 2.99e-06 V                   ; 3.11 V              ; -0.0717 V           ; 0.209 V                              ; 0.168 V                              ; 6.66e-10 s                  ; 6.19e-10 s                  ; Yes                        ; No                         ; 3.08 V                      ; 2.99e-06 V                  ; 3.11 V             ; -0.0717 V          ; 0.209 V                             ; 0.168 V                             ; 6.66e-10 s                 ; 6.19e-10 s                 ; Yes                       ; No                        ;
; std_id[2]       ; 3.3-V LVTTL  ; 0 s                 ; 0 s                 ; 3.08 V                       ; 2.99e-06 V                   ; 3.11 V              ; -0.0717 V           ; 0.209 V                              ; 0.168 V                              ; 6.66e-10 s                  ; 6.19e-10 s                  ; Yes                        ; No                         ; 3.08 V                      ; 2.99e-06 V                  ; 3.11 V             ; -0.0717 V          ; 0.209 V                             ; 0.168 V                             ; 6.66e-10 s                 ; 6.19e-10 s                 ; Yes                       ; No                        ;
; std_id[3]       ; 3.3-V LVTTL  ; 0 s                 ; 0 s                 ; 3.08 V                       ; 2.99e-06 V                   ; 3.11 V              ; -0.0717 V           ; 0.209 V                              ; 0.168 V                              ; 6.66e-10 s                  ; 6.19e-10 s                  ; Yes                        ; No                         ; 3.08 V                      ; 2.99e-06 V                  ; 3.11 V             ; -0.0717 V          ; 0.209 V                             ; 0.168 V                             ; 6.66e-10 s                 ; 6.19e-10 s                 ; Yes                       ; No                        ;
; std_id[4]       ; 3.3-V LVTTL  ; 0 s                 ; 0 s                 ; 3.08 V                       ; 2.99e-06 V                   ; 3.11 V              ; -0.0717 V           ; 0.209 V                              ; 0.168 V                              ; 6.66e-10 s                  ; 6.19e-10 s                  ; Yes                        ; No                         ; 3.08 V                      ; 2.99e-06 V                  ; 3.11 V             ; -0.0717 V          ; 0.209 V                             ; 0.168 V                             ; 6.66e-10 s                 ; 6.19e-10 s                 ; Yes                       ; No                        ;
; std_id[5]       ; 3.3-V LVTTL  ; 0 s                 ; 0 s                 ; 3.08 V                       ; 2e-06 V                      ; 3.12 V              ; -0.0547 V           ; 0.276 V                              ; 0.181 V                              ; 9.17e-10 s                  ; 8.31e-10 s                  ; Yes                        ; No                         ; 3.08 V                      ; 2e-06 V                     ; 3.12 V             ; -0.0547 V          ; 0.276 V                             ; 0.181 V                             ; 9.17e-10 s                 ; 8.31e-10 s                 ; Yes                       ; No                        ;
; std_id[6]       ; 3.3-V LVTTL  ; 0 s                 ; 0 s                 ; 3.08 V                       ; 2.99e-06 V                   ; 3.11 V              ; -0.0717 V           ; 0.209 V                              ; 0.168 V                              ; 6.66e-10 s                  ; 6.19e-10 s                  ; Yes                        ; No                         ; 3.08 V                      ; 2.99e-06 V                  ; 3.11 V             ; -0.0717 V          ; 0.209 V                             ; 0.168 V                             ; 6.66e-10 s                 ; 6.19e-10 s                 ; Yes                       ; No                        ;
; ~ALTERA_DCLK~   ; 3.3-V LVTTL  ; 0 s                 ; 0 s                 ; 3.08 V                       ; 1.02e-06 V                   ; 3.14 V              ; -0.123 V            ; 0.134 V                              ; 0.323 V                              ; 3.02e-10 s                  ; 2.85e-10 s                  ; Yes                        ; No                         ; 3.08 V                      ; 1.02e-06 V                  ; 3.14 V             ; -0.123 V           ; 0.134 V                             ; 0.323 V                             ; 3.02e-10 s                 ; 2.85e-10 s                 ; Yes                       ; No                        ;
; ~ALTERA_nCEO~   ; 3.3-V LVTTL  ; 0 s                 ; 0 s                 ; 3.08 V                       ; 2e-06 V                      ; 3.12 V              ; -0.0547 V           ; 0.276 V                              ; 0.181 V                              ; 9.17e-10 s                  ; 8.31e-10 s                  ; Yes                        ; No                         ; 3.08 V                      ; 2e-06 V                     ; 3.12 V             ; -0.0547 V          ; 0.276 V                             ; 0.181 V                             ; 9.17e-10 s                 ; 8.31e-10 s                 ; Yes                       ; No                        ;
+-----------------+--------------+---------------------+---------------------+------------------------------+------------------------------+---------------------+---------------------+--------------------------------------+--------------------------------------+-----------------------------+-----------------------------+----------------------------+----------------------------+-----------------------------+-----------------------------+--------------------+--------------------+-------------------------------------+-------------------------------------+----------------------------+----------------------------+---------------------------+---------------------------+


+----------------------------------------------------------------------------------------------------------------------------------------------------------------------------------------------------------------------------------------------------------------------------------------------------------------------------------------------------------------------------------------------------------------------------------------------------------------------------------------------------------------------------------------------------------------------------------------------------------------------------------------------------------------------------------------------+
; Signal Integrity Metrics (Fast 1200mv 0c Model)                                                                                                                                                                                                                                                                                                                                                                                                                                                                                                                                                                                                                                              ;
+-----------------+--------------+---------------------+---------------------+------------------------------+------------------------------+---------------------+---------------------+--------------------------------------+--------------------------------------+-----------------------------+-----------------------------+----------------------------+----------------------------+-----------------------------+-----------------------------+--------------------+--------------------+-------------------------------------+-------------------------------------+----------------------------+----------------------------+---------------------------+---------------------------+
; Pin             ; I/O Standard ; Board Delay on Rise ; Board Delay on Fall ; Steady State Voh at FPGA Pin ; Steady State Vol at FPGA Pin ; Voh Max at FPGA Pin ; Vol Min at FPGA Pin ; Ringback Voltage on Rise at FPGA Pin ; Ringback Voltage on Fall at FPGA Pin ; 10-90 Rise Time at FPGA Pin ; 90-10 Fall Time at FPGA Pin ; Monotonic Rise at FPGA Pin ; Monotonic Fall at FPGA Pin ; Steady State Voh at Far-end ; Steady State Vol at Far-end ; Voh Max at Far-end ; Vol Min at Far-end ; Ringback Voltage on Rise at Far-end ; Ringback Voltage on Fall at Far-end ; 10-90 Rise Time at Far-end ; 90-10 Fall Time at Far-end ; Monotonic Rise at Far-end ; Monotonic Fall at Far-end ;
+-----------------+--------------+---------------------+---------------------+------------------------------+------------------------------+---------------------+---------------------+--------------------------------------+--------------------------------------+-----------------------------+-----------------------------+----------------------------+----------------------------+-----------------------------+-----------------------------+--------------------+--------------------+-------------------------------------+-------------------------------------+----------------------------+----------------------------+---------------------------+---------------------------+
; R_first_four[0] ; 3.3-V LVTTL  ; 0 s                 ; 0 s                 ; 3.46 V                       ; 1.85e-07 V                   ; 3.57 V              ; -0.141 V            ; 0.301 V                              ; 0.239 V                              ; 4.61e-10 s                  ; 4.2e-10 s                   ; No                         ; No                         ; 3.46 V                      ; 1.85e-07 V                  ; 3.57 V             ; -0.141 V           ; 0.301 V                             ; 0.239 V                             ; 4.61e-10 s                 ; 4.2e-10 s                  ; No                        ; No                        ;
; R_first_four[1] ; 3.3-V LVTTL  ; 0 s                 ; 0 s                 ; 3.46 V                       ; 1.85e-07 V                   ; 3.57 V              ; -0.141 V            ; 0.301 V                              ; 0.239 V                              ; 4.61e-10 s                  ; 4.2e-10 s                   ; No                         ; No                         ; 3.46 V                      ; 1.85e-07 V                  ; 3.57 V             ; -0.141 V           ; 0.301 V                             ; 0.239 V                             ; 4.61e-10 s                 ; 4.2e-10 s                  ; No                        ; No                        ;
; R_first_four[2] ; 3.3-V LVTTL  ; 0 s                 ; 0 s                 ; 3.46 V                       ; 1.85e-07 V                   ; 3.57 V              ; -0.141 V            ; 0.301 V                              ; 0.239 V                              ; 4.61e-10 s                  ; 4.2e-10 s                   ; No                         ; No                         ; 3.46 V                      ; 1.85e-07 V                  ; 3.57 V             ; -0.141 V           ; 0.301 V                             ; 0.239 V                             ; 4.61e-10 s                 ; 4.2e-10 s                  ; No                        ; No                        ;
; R_first_four[3] ; 3.3-V LVTTL  ; 0 s                 ; 0 s                 ; 3.46 V                       ; 1.85e-07 V                   ; 3.48 V              ; -0.0173 V           ; 0.356 V                              ; 0.324 V                              ; 3.89e-09 s                  ; 3.06e-09 s                  ; No                         ; No                         ; 3.46 V                      ; 1.85e-07 V                  ; 3.48 V             ; -0.0173 V          ; 0.356 V                             ; 0.324 V                             ; 3.89e-09 s                 ; 3.06e-09 s                 ; No                        ; No                        ;
; R_first_four[4] ; 3.3-V LVTTL  ; 0 s                 ; 0 s                 ; 3.46 V                       ; 1.25e-07 V                   ; 3.6 V               ; -0.127 V            ; 0.302 V                              ; 0.21 V                               ; 4.55e-10 s                  ; 4.11e-10 s                  ; No                         ; No                         ; 3.46 V                      ; 1.25e-07 V                  ; 3.6 V              ; -0.127 V           ; 0.302 V                             ; 0.21 V                              ; 4.55e-10 s                 ; 4.11e-10 s                 ; No                        ; No                        ;
; R_first_four[5] ; 3.3-V LVTTL  ; 0 s                 ; 0 s                 ; 3.46 V                       ; 1.85e-07 V                   ; 3.57 V              ; -0.141 V            ; 0.301 V                              ; 0.239 V                              ; 4.61e-10 s                  ; 4.2e-10 s                   ; No                         ; No                         ; 3.46 V                      ; 1.85e-07 V                  ; 3.57 V             ; -0.141 V           ; 0.301 V                             ; 0.239 V                             ; 4.61e-10 s                 ; 4.2e-10 s                  ; No                        ; No                        ;
; R_first_four[6] ; 3.3-V LVTTL  ; 0 s                 ; 0 s                 ; 3.46 V                       ; 1.85e-07 V                   ; 3.57 V              ; -0.141 V            ; 0.301 V                              ; 0.239 V                              ; 4.61e-10 s                  ; 4.2e-10 s                   ; No                         ; No                         ; 3.46 V                      ; 1.85e-07 V                  ; 3.57 V             ; -0.141 V           ; 0.301 V                             ; 0.239 V                             ; 4.61e-10 s                 ; 4.2e-10 s                  ; No                        ; No                        ;
; R_last_four[0]  ; 3.3-V LVTTL  ; 0 s                 ; 0 s                 ; 3.46 V                       ; 1.25e-07 V                   ; 3.57 V              ; -0.0855 V           ; 0.315 V                              ; 0.175 V                              ; 6.79e-10 s                  ; 6.15e-10 s                  ; No                         ; No                         ; 3.46 V                      ; 1.25e-07 V                  ; 3.57 V             ; -0.0855 V          ; 0.315 V                             ; 0.175 V                             ; 6.79e-10 s                 ; 6.15e-10 s                 ; No                        ; No                        ;
; R_last_four[1]  ; 3.3-V LVTTL  ; 0 s                 ; 0 s                 ; 3.46 V                       ; 1.25e-07 V                   ; 3.57 V              ; -0.0855 V           ; 0.315 V                              ; 0.175 V                              ; 6.79e-10 s                  ; 6.15e-10 s                  ; No                         ; No                         ; 3.46 V                      ; 1.25e-07 V                  ; 3.57 V             ; -0.0855 V          ; 0.315 V                             ; 0.175 V                             ; 6.79e-10 s                 ; 6.15e-10 s                 ; No                        ; No                        ;
; R_last_four[2]  ; 3.3-V LVTTL  ; 0 s                 ; 0 s                 ; 3.46 V                       ; 1.25e-07 V                   ; 3.6 V               ; -0.127 V            ; 0.302 V                              ; 0.21 V                               ; 4.55e-10 s                  ; 4.11e-10 s                  ; No                         ; No                         ; 3.46 V                      ; 1.25e-07 V                  ; 3.6 V              ; -0.127 V           ; 0.302 V                             ; 0.21 V                              ; 4.55e-10 s                 ; 4.11e-10 s                 ; No                        ; No                        ;
; R_last_four[3]  ; 3.3-V LVTTL  ; 0 s                 ; 0 s                 ; 3.46 V                       ; 1.25e-07 V                   ; 3.6 V               ; -0.127 V            ; 0.302 V                              ; 0.21 V                               ; 4.55e-10 s                  ; 4.11e-10 s                  ; No                         ; No                         ; 3.46 V                      ; 1.25e-07 V                  ; 3.6 V              ; -0.127 V           ; 0.302 V                             ; 0.21 V                              ; 4.55e-10 s                 ; 4.11e-10 s                 ; No                        ; No                        ;
; R_last_four[4]  ; 3.3-V LVTTL  ; 0 s                 ; 0 s                 ; 3.46 V                       ; 1.25e-07 V                   ; 3.57 V              ; -0.0855 V           ; 0.315 V                              ; 0.175 V                              ; 6.79e-10 s                  ; 6.15e-10 s                  ; No                         ; No                         ; 3.46 V                      ; 1.25e-07 V                  ; 3.57 V             ; -0.0855 V          ; 0.315 V                             ; 0.175 V                             ; 6.79e-10 s                 ; 6.15e-10 s                 ; No                        ; No                        ;
; R_last_four[5]  ; 3.3-V LVTTL  ; 0 s                 ; 0 s                 ; 3.46 V                       ; 1.85e-07 V                   ; 3.57 V              ; -0.141 V            ; 0.301 V                              ; 0.239 V                              ; 4.61e-10 s                  ; 4.2e-10 s                   ; No                         ; No                         ; 3.46 V                      ; 1.85e-07 V                  ; 3.57 V             ; -0.141 V           ; 0.301 V                             ; 0.239 V                             ; 4.61e-10 s                 ; 4.2e-10 s                  ; No                        ; No                        ;
; R_last_four[6]  ; 3.3-V LVTTL  ; 0 s                 ; 0 s                 ; 3.46 V                       ; 1.25e-07 V                   ; 3.48 V              ; -0.0162 V           ; 0.354 V                              ; 0.317 V                              ; 3.88e-09 s                  ; 3.06e-09 s                  ; No                         ; No                         ; 3.46 V                      ; 1.25e-07 V                  ; 3.48 V             ; -0.0162 V          ; 0.354 V                             ; 0.317 V                             ; 3.88e-09 s                 ; 3.06e-09 s                 ; No                        ; No                        ;
; R_sign[0]       ; 3.3-V LVTTL  ; 0 s                 ; 0 s                 ; 3.46 V                       ; 1.25e-07 V                   ; 3.57 V              ; -0.0855 V           ; 0.315 V                              ; 0.175 V                              ; 6.79e-10 s                  ; 6.15e-10 s                  ; No                         ; No                         ; 3.46 V                      ; 1.25e-07 V                  ; 3.57 V             ; -0.0855 V          ; 0.315 V                             ; 0.175 V                             ; 6.79e-10 s                 ; 6.15e-10 s                 ; No                        ; No                        ;
; R_sign[1]       ; 3.3-V LVTTL  ; 0 s                 ; 0 s                 ; 3.46 V                       ; 1.85e-07 V                   ; 3.57 V              ; -0.141 V            ; 0.301 V                              ; 0.239 V                              ; 4.61e-10 s                  ; 4.2e-10 s                   ; No                         ; No                         ; 3.46 V                      ; 1.85e-07 V                  ; 3.57 V             ; -0.141 V           ; 0.301 V                             ; 0.239 V                             ; 4.61e-10 s                 ; 4.2e-10 s                  ; No                        ; No                        ;
; R_sign[2]       ; 3.3-V LVTTL  ; 0 s                 ; 0 s                 ; 3.46 V                       ; 1.25e-07 V                   ; 3.6 V               ; -0.127 V            ; 0.302 V                              ; 0.21 V                               ; 4.55e-10 s                  ; 4.11e-10 s                  ; No                         ; No                         ; 3.46 V                      ; 1.25e-07 V                  ; 3.6 V              ; -0.127 V           ; 0.302 V                             ; 0.21 V                              ; 4.55e-10 s                 ; 4.11e-10 s                 ; No                        ; No                        ;
; R_sign[3]       ; 3.3-V LVTTL  ; 0 s                 ; 0 s                 ; 3.46 V                       ; 1.85e-07 V                   ; 3.57 V              ; -0.141 V            ; 0.301 V                              ; 0.239 V                              ; 4.61e-10 s                  ; 4.2e-10 s                   ; No                         ; No                         ; 3.46 V                      ; 1.85e-07 V                  ; 3.57 V             ; -0.141 V           ; 0.301 V                             ; 0.239 V                             ; 4.61e-10 s                 ; 4.2e-10 s                  ; No                        ; No                        ;
; R_sign[4]       ; 3.3-V LVTTL  ; 0 s                 ; 0 s                 ; 3.46 V                       ; 1.85e-07 V                   ; 3.57 V              ; -0.141 V            ; 0.301 V                              ; 0.239 V                              ; 4.61e-10 s                  ; 4.2e-10 s                   ; No                         ; No                         ; 3.46 V                      ; 1.85e-07 V                  ; 3.57 V             ; -0.141 V           ; 0.301 V                             ; 0.239 V                             ; 4.61e-10 s                 ; 4.2e-10 s                  ; No                        ; No                        ;
; R_sign[5]       ; 3.3-V LVTTL  ; 0 s                 ; 0 s                 ; 3.46 V                       ; 1.85e-07 V                   ; 3.57 V              ; -0.141 V            ; 0.301 V                              ; 0.239 V                              ; 4.61e-10 s                  ; 4.2e-10 s                   ; No                         ; No                         ; 3.46 V                      ; 1.85e-07 V                  ; 3.57 V             ; -0.141 V           ; 0.301 V                             ; 0.239 V                             ; 4.61e-10 s                 ; 4.2e-10 s                  ; No                        ; No                        ;
; R_sign[6]       ; 3.3-V LVTTL  ; 0 s                 ; 0 s                 ; 3.46 V                       ; 1.85e-07 V                   ; 3.48 V              ; -0.0173 V           ; 0.356 V                              ; 0.324 V                              ; 3.89e-09 s                  ; 3.06e-09 s                  ; No                         ; No                         ; 3.46 V                      ; 1.85e-07 V                  ; 3.48 V             ; -0.0173 V          ; 0.356 V                             ; 0.324 V                             ; 3.89e-09 s                 ; 3.06e-09 s                 ; No                        ; No                        ;
; std_id[0]       ; 3.3-V LVTTL  ; 0 s                 ; 0 s                 ; 3.46 V                       ; 1.85e-07 V                   ; 3.57 V              ; -0.141 V            ; 0.301 V                              ; 0.239 V                              ; 4.61e-10 s                  ; 4.2e-10 s                   ; No                         ; No                         ; 3.46 V                      ; 1.85e-07 V                  ; 3.57 V             ; -0.141 V           ; 0.301 V                             ; 0.239 V                             ; 4.61e-10 s                 ; 4.2e-10 s                  ; No                        ; No                        ;
; std_id[1]       ; 3.3-V LVTTL  ; 0 s                 ; 0 s                 ; 3.46 V                       ; 1.85e-07 V                   ; 3.57 V              ; -0.141 V            ; 0.301 V                              ; 0.239 V                              ; 4.61e-10 s                  ; 4.2e-10 s                   ; No                         ; No                         ; 3.46 V                      ; 1.85e-07 V                  ; 3.57 V             ; -0.141 V           ; 0.301 V                             ; 0.239 V                             ; 4.61e-10 s                 ; 4.2e-10 s                  ; No                        ; No                        ;
; std_id[2]       ; 3.3-V LVTTL  ; 0 s                 ; 0 s                 ; 3.46 V                       ; 1.85e-07 V                   ; 3.57 V              ; -0.141 V            ; 0.301 V                              ; 0.239 V                              ; 4.61e-10 s                  ; 4.2e-10 s                   ; No                         ; No                         ; 3.46 V                      ; 1.85e-07 V                  ; 3.57 V             ; -0.141 V           ; 0.301 V                             ; 0.239 V                             ; 4.61e-10 s                 ; 4.2e-10 s                  ; No                        ; No                        ;
; std_id[3]       ; 3.3-V LVTTL  ; 0 s                 ; 0 s                 ; 3.46 V                       ; 1.85e-07 V                   ; 3.57 V              ; -0.141 V            ; 0.301 V                              ; 0.239 V                              ; 4.61e-10 s                  ; 4.2e-10 s                   ; No                         ; No                         ; 3.46 V                      ; 1.85e-07 V                  ; 3.57 V             ; -0.141 V           ; 0.301 V                             ; 0.239 V                             ; 4.61e-10 s                 ; 4.2e-10 s                  ; No                        ; No                        ;
; std_id[4]       ; 3.3-V LVTTL  ; 0 s                 ; 0 s                 ; 3.46 V                       ; 1.85e-07 V                   ; 3.57 V              ; -0.141 V            ; 0.301 V                              ; 0.239 V                              ; 4.61e-10 s                  ; 4.2e-10 s                   ; No                         ; No                         ; 3.46 V                      ; 1.85e-07 V                  ; 3.57 V             ; -0.141 V           ; 0.301 V                             ; 0.239 V                             ; 4.61e-10 s                 ; 4.2e-10 s                  ; No                        ; No                        ;
; std_id[5]       ; 3.3-V LVTTL  ; 0 s                 ; 0 s                 ; 3.46 V                       ; 1.25e-07 V                   ; 3.57 V              ; -0.0855 V           ; 0.315 V                              ; 0.175 V                              ; 6.79e-10 s                  ; 6.15e-10 s                  ; No                         ; No                         ; 3.46 V                      ; 1.25e-07 V                  ; 3.57 V             ; -0.0855 V          ; 0.315 V                             ; 0.175 V                             ; 6.79e-10 s                 ; 6.15e-10 s                 ; No                        ; No                        ;
; std_id[6]       ; 3.3-V LVTTL  ; 0 s                 ; 0 s                 ; 3.46 V                       ; 1.85e-07 V                   ; 3.57 V              ; -0.141 V            ; 0.301 V                              ; 0.239 V                              ; 4.61e-10 s                  ; 4.2e-10 s                   ; No                         ; No                         ; 3.46 V                      ; 1.85e-07 V                  ; 3.57 V             ; -0.141 V           ; 0.301 V                             ; 0.239 V                             ; 4.61e-10 s                 ; 4.2e-10 s                  ; No                        ; No                        ;
; ~ALTERA_DCLK~   ; 3.3-V LVTTL  ; 0 s                 ; 0 s                 ; 3.46 V                       ; 6.54e-08 V                   ; 3.66 V              ; -0.26 V             ; 0.41 V                               ; 0.32 V                               ; 1.57e-10 s                  ; 2.15e-10 s                  ; No                         ; Yes                        ; 3.46 V                      ; 6.54e-08 V                  ; 3.66 V             ; -0.26 V            ; 0.41 V                              ; 0.32 V                              ; 1.57e-10 s                 ; 2.15e-10 s                 ; No                        ; Yes                       ;
; ~ALTERA_nCEO~   ; 3.3-V LVTTL  ; 0 s                 ; 0 s                 ; 3.46 V                       ; 1.25e-07 V                   ; 3.57 V              ; -0.0855 V           ; 0.315 V                              ; 0.175 V                              ; 6.79e-10 s                  ; 6.15e-10 s                  ; No                         ; No                         ; 3.46 V                      ; 1.25e-07 V                  ; 3.57 V             ; -0.0855 V          ; 0.315 V                             ; 0.175 V                             ; 6.79e-10 s                 ; 6.15e-10 s                 ; No                        ; No                        ;
+-----------------+--------------+---------------------+---------------------+------------------------------+------------------------------+---------------------+---------------------+--------------------------------------+--------------------------------------+-----------------------------+-----------------------------+----------------------------+----------------------------+-----------------------------+-----------------------------+--------------------+--------------------+-------------------------------------+-------------------------------------+----------------------------+----------------------------+---------------------------+---------------------------+


+-------------------------------------------------------------------+
; Setup Transfers                                                   ;
+------------+----------+----------+----------+----------+----------+
; From Clock ; To Clock ; RR Paths ; FR Paths ; RF Paths ; FF Paths ;
+------------+----------+----------+----------+----------+----------+
; Clock      ; Clock    ; 241      ; 161      ; 0        ; 9        ;
+------------+----------+----------+----------+----------+----------+
Entries labeled "false path" only account for clock-to-clock false paths and not path-based false paths. As a result, actual path counts may be lower than reported.


+-------------------------------------------------------------------+
; Hold Transfers                                                    ;
+------------+----------+----------+----------+----------+----------+
; From Clock ; To Clock ; RR Paths ; FR Paths ; RF Paths ; FF Paths ;
+------------+----------+----------+----------+----------+----------+
; Clock      ; Clock    ; 241      ; 161      ; 0        ; 9        ;
+------------+----------+----------+----------+----------+----------+
Entries labeled "false path" only account for clock-to-clock false paths and not path-based false paths. As a result, actual path counts may be lower than reported.


---------------
; Report TCCS ;
---------------
No dedicated SERDES Transmitter circuitry present in device or used in design


---------------
; Report RSKM ;
---------------
No non-DPA dedicated SERDES Receiver circuitry present in device or used in design


+------------------------------------------------+
; Unconstrained Paths Summary                    ;
+---------------------------------+-------+------+
; Property                        ; Setup ; Hold ;
+---------------------------------+-------+------+
; Illegal Clocks                  ; 0     ; 0    ;
; Unconstrained Clocks            ; 0     ; 0    ;
; Unconstrained Input Ports       ; 21    ; 21   ;
; Unconstrained Input Port Paths  ; 59    ; 59   ;
; Unconstrained Output Ports      ; 22    ; 22   ;
; Unconstrained Output Port Paths ; 113   ; 113  ;
+---------------------------------+-------+------+


+-------------------------------------+
; Clock Status Summary                ;
+--------+-------+------+-------------+
; Target ; Clock ; Type ; Status      ;
+--------+-------+------+-------------+
; Clock  ; Clock ; Base ; Constrained ;
+--------+-------+------+-------------+


+---------------------------------------------------------------------------------------------------+
; Unconstrained Input Ports                                                                         ;
+------------+--------------------------------------------------------------------------------------+
; Input Port ; Comment                                                                              ;
+------------+--------------------------------------------------------------------------------------+
; A[0]       ; No input delay, min/max delays, false-path exceptions, or max skew assignments found ;
; A[1]       ; No input delay, min/max delays, false-path exceptions, or max skew assignments found ;
; A[2]       ; No input delay, min/max delays, false-path exceptions, or max skew assignments found ;
; A[3]       ; No input delay, min/max delays, false-path exceptions, or max skew assignments found ;
; A[4]       ; No input delay, min/max delays, false-path exceptions, or max skew assignments found ;
; A[5]       ; No input delay, min/max delays, false-path exceptions, or max skew assignments found ;
; A[6]       ; No input delay, min/max delays, false-path exceptions, or max skew assignments found ;
; A[7]       ; No input delay, min/max delays, false-path exceptions, or max skew assignments found ;
; B[0]       ; No input delay, min/max delays, false-path exceptions, or max skew assignments found ;
; B[1]       ; No input delay, min/max delays, false-path exceptions, or max skew assignments found ;
; B[2]       ; No input delay, min/max delays, false-path exceptions, or max skew assignments found ;
; B[3]       ; No input delay, min/max delays, false-path exceptions, or max skew assignments found ;
; B[4]       ; No input delay, min/max delays, false-path exceptions, or max skew assignments found ;
; B[5]       ; No input delay, min/max delays, false-path exceptions, or max skew assignments found ;
; B[6]       ; No input delay, min/max delays, false-path exceptions, or max skew assignments found ;
; B[7]       ; No input delay, min/max delays, false-path exceptions, or max skew assignments found ;
; FSM_reset  ; No input delay, min/max delays, false-path exceptions, or max skew assignments found ;
; Reset_A    ; No input delay, min/max delays, false-path exceptions, or max skew assignments found ;
; Reset_B    ; No input delay, min/max delays, false-path exceptions, or max skew assignments found ;
; data_in    ; No input delay, min/max delays, false-path exceptions, or max skew assignments found ;
; dec_en     ; No input delay, min/max delays, false-path exceptions, or max skew assignments found ;
+------------+--------------------------------------------------------------------------------------+


+---------------------------------------------------------------------------------------------------------+
; Unconstrained Output Ports                                                                              ;
+-----------------+---------------------------------------------------------------------------------------+
; Output Port     ; Comment                                                                               ;
+-----------------+---------------------------------------------------------------------------------------+
; R_first_four[0] ; No output delay, min/max delays, false-path exceptions, or max skew assignments found ;
; R_first_four[1] ; No output delay, min/max delays, false-path exceptions, or max skew assignments found ;
; R_first_four[2] ; No output delay, min/max delays, false-path exceptions, or max skew assignments found ;
; R_first_four[3] ; No output delay, min/max delays, false-path exceptions, or max skew assignments found ;
; R_first_four[4] ; No output delay, min/max delays, false-path exceptions, or max skew assignments found ;
; R_first_four[5] ; No output delay, min/max delays, false-path exceptions, or max skew assignments found ;
; R_first_four[6] ; No output delay, min/max delays, false-path exceptions, or max skew assignments found ;
; R_last_four[0]  ; No output delay, min/max delays, false-path exceptions, or max skew assignments found ;
; R_last_four[1]  ; No output delay, min/max delays, false-path exceptions, or max skew assignments found ;
; R_last_four[2]  ; No output delay, min/max delays, false-path exceptions, or max skew assignments found ;
; R_last_four[3]  ; No output delay, min/max delays, false-path exceptions, or max skew assignments found ;
; R_last_four[4]  ; No output delay, min/max delays, false-path exceptions, or max skew assignments found ;
; R_last_four[5]  ; No output delay, min/max delays, false-path exceptions, or max skew assignments found ;
; R_last_four[6]  ; No output delay, min/max delays, false-path exceptions, or max skew assignments found ;
; R_sign[6]       ; No output delay, min/max delays, false-path exceptions, or max skew assignments found ;
; std_id[0]       ; No output delay, min/max delays, false-path exceptions, or max skew assignments found ;
; std_id[1]       ; No output delay, min/max delays, false-path exceptions, or max skew assignments found ;
; std_id[2]       ; No output delay, min/max delays, false-path exceptions, or max skew assignments found ;
; std_id[3]       ; No output delay, min/max delays, false-path exceptions, or max skew assignments found ;
; std_id[4]       ; No output delay, min/max delays, false-path exceptions, or max skew assignments found ;
; std_id[5]       ; No output delay, min/max delays, false-path exceptions, or max skew assignments found ;
; std_id[6]       ; No output delay, min/max delays, false-path exceptions, or max skew assignments found ;
+-----------------+---------------------------------------------------------------------------------------+


+---------------------------------------------------------------------------------------------------+
; Unconstrained Input Ports                                                                         ;
+------------+--------------------------------------------------------------------------------------+
; Input Port ; Comment                                                                              ;
+------------+--------------------------------------------------------------------------------------+
; A[0]       ; No input delay, min/max delays, false-path exceptions, or max skew assignments found ;
; A[1]       ; No input delay, min/max delays, false-path exceptions, or max skew assignments found ;
; A[2]       ; No input delay, min/max delays, false-path exceptions, or max skew assignments found ;
; A[3]       ; No input delay, min/max delays, false-path exceptions, or max skew assignments found ;
; A[4]       ; No input delay, min/max delays, false-path exceptions, or max skew assignments found ;
; A[5]       ; No input delay, min/max delays, false-path exceptions, or max skew assignments found ;
; A[6]       ; No input delay, min/max delays, false-path exceptions, or max skew assignments found ;
; A[7]       ; No input delay, min/max delays, false-path exceptions, or max skew assignments found ;
; B[0]       ; No input delay, min/max delays, false-path exceptions, or max skew assignments found ;
; B[1]       ; No input delay, min/max delays, false-path exceptions, or max skew assignments found ;
; B[2]       ; No input delay, min/max delays, false-path exceptions, or max skew assignments found ;
; B[3]       ; No input delay, min/max delays, false-path exceptions, or max skew assignments found ;
; B[4]       ; No input delay, min/max delays, false-path exceptions, or max skew assignments found ;
; B[5]       ; No input delay, min/max delays, false-path exceptions, or max skew assignments found ;
; B[6]       ; No input delay, min/max delays, false-path exceptions, or max skew assignments found ;
; B[7]       ; No input delay, min/max delays, false-path exceptions, or max skew assignments found ;
; FSM_reset  ; No input delay, min/max delays, false-path exceptions, or max skew assignments found ;
; Reset_A    ; No input delay, min/max delays, false-path exceptions, or max skew assignments found ;
; Reset_B    ; No input delay, min/max delays, false-path exceptions, or max skew assignments found ;
; data_in    ; No input delay, min/max delays, false-path exceptions, or max skew assignments found ;
; dec_en     ; No input delay, min/max delays, false-path exceptions, or max skew assignments found ;
+------------+--------------------------------------------------------------------------------------+


+---------------------------------------------------------------------------------------------------------+
; Unconstrained Output Ports                                                                              ;
+-----------------+---------------------------------------------------------------------------------------+
; Output Port     ; Comment                                                                               ;
+-----------------+---------------------------------------------------------------------------------------+
; R_first_four[0] ; No output delay, min/max delays, false-path exceptions, or max skew assignments found ;
; R_first_four[1] ; No output delay, min/max delays, false-path exceptions, or max skew assignments found ;
; R_first_four[2] ; No output delay, min/max delays, false-path exceptions, or max skew assignments found ;
; R_first_four[3] ; No output delay, min/max delays, false-path exceptions, or max skew assignments found ;
; R_first_four[4] ; No output delay, min/max delays, false-path exceptions, or max skew assignments found ;
; R_first_four[5] ; No output delay, min/max delays, false-path exceptions, or max skew assignments found ;
; R_first_four[6] ; No output delay, min/max delays, false-path exceptions, or max skew assignments found ;
; R_last_four[0]  ; No output delay, min/max delays, false-path exceptions, or max skew assignments found ;
; R_last_four[1]  ; No output delay, min/max delays, false-path exceptions, or max skew assignments found ;
; R_last_four[2]  ; No output delay, min/max delays, false-path exceptions, or max skew assignments found ;
; R_last_four[3]  ; No output delay, min/max delays, false-path exceptions, or max skew assignments found ;
; R_last_four[4]  ; No output delay, min/max delays, false-path exceptions, or max skew assignments found ;
; R_last_four[5]  ; No output delay, min/max delays, false-path exceptions, or max skew assignments found ;
; R_last_four[6]  ; No output delay, min/max delays, false-path exceptions, or max skew assignments found ;
; R_sign[6]       ; No output delay, min/max delays, false-path exceptions, or max skew assignments found ;
; std_id[0]       ; No output delay, min/max delays, false-path exceptions, or max skew assignments found ;
; std_id[1]       ; No output delay, min/max delays, false-path exceptions, or max skew assignments found ;
; std_id[2]       ; No output delay, min/max delays, false-path exceptions, or max skew assignments found ;
; std_id[3]       ; No output delay, min/max delays, false-path exceptions, or max skew assignments found ;
; std_id[4]       ; No output delay, min/max delays, false-path exceptions, or max skew assignments found ;
; std_id[5]       ; No output delay, min/max delays, false-path exceptions, or max skew assignments found ;
; std_id[6]       ; No output delay, min/max delays, false-path exceptions, or max skew assignments found ;
+-----------------+---------------------------------------------------------------------------------------+


+--------------------------+
; Timing Analyzer Messages ;
+--------------------------+
Info: *******************************************************************
Info: Running Quartus Prime Timing Analyzer
    Info: Version 25.1std.0 Build 1129 10/21/2025 SC Lite Edition
    Info: Processing started: Sat Sep 12 17:33:45 2026
Info: Command: quartus_sta finalproject -c finalproject
Info: qsta_default_script.tcl version: #1
Warning (18236): Number of processors has not been specified which may cause overloading on shared machines.  Set the global assignment NUM_PARALLEL_PROCESSORS in your QSF to an appropriate value for best performance.
Info (20030): Parallel compilation is enabled and will use 16 of the 20 processors detected
Info (21076): High junction temperature operating condition is not set. Assuming a default value of '85'.
Info (21076): Low junction temperature operating condition is not set. Assuming a default value of '0'.
Critical Warning (332012): Synopsys Design Constraints File file not found: 'finalproject.sdc'. A Synopsys Design Constraints File is required by the Timing Analyzer to get proper timing constraints. Without it, the Compiler will not properly optimize the design.
Info (332142): No user constrained base clocks found in the design. Calling "derive_clocks -period 1.0"
Info (332105): Deriving Clocks
    Info (332105): create_clock -period 1.000 -name Clock Clock
Info (332143): No user constrained clock uncertainty found in the design. Calling "derive_clock_uncertainty"
Info (332123): Deriving Clock Uncertainty. Please refer to report_sdc in the Timing Analyzer to see clock uncertainties.
Info: Found TIMING_ANALYZER_REPORT_SCRIPT_INCLUDE_DEFAULT_ANALYSIS = ON
Info: Analyzing Slow 1200mV 85C Model
Critical Warning (332148): Timing requirements not met
    Info (11105): For recommendations on closing timing, run Report Timing Closure Recommendations in the Timing Analyzer.
Info (332146): Worst-case setup slack is -3.763
    Info (332119):     Slack       End Point TNS Clock 
    Info (332119): ========= =================== =====================
    Info (332119):    -3.763             -30.992 Clock 
Info (332146): Worst-case hold slack is 0.358
    Info (332119):     Slack       End Point TNS Clock 
    Info (332119): ========= =================== =====================
    Info (332119):     0.358               0.000 Clock 
Info (332140): No Recovery paths to report
Info (332140): No Removal paths to report
Info (332146): Worst-case minimum pulse width slack is -3.000
    Info (332119):     Slack       End Point TNS Clock 
    Info (332119): ========= =================== =====================
    Info (332119):    -3.000             -37.000 Clock 
Info: Analyzing Slow 1200mV 0C Model
Info (334003): Started post-fitting delay annotation
Info (334004): Delay annotation completed successfully
Info (332123): Deriving Clock Uncertainty. Please refer to report_sdc in the Timing Analyzer to see clock uncertainties.
Critical Warning (332148): Timing requirements not met
    Info (11105): For recommendations on closing timing, run Report Timing Closure Recommendations in the Timing Analyzer.
Info (332146): Worst-case setup slack is -3.264
    Info (332119):     Slack       End Point TNS Clock 
    Info (332119): ========= =================== =====================
    Info (332119):    -3.264             -26.453 Clock 
Info (332146): Worst-case hold slack is 0.311
    Info (332119):     Slack       End Point TNS Clock 
    Info (332119): ========= =================== =====================
    Info (332119):     0.311               0.000 Clock 
Info (332140): No Recovery paths to report
Info (332140): No Removal paths to report
Info (332146): Worst-case minimum pulse width slack is -3.000
    Info (332119):     Slack       End Point TNS Clock 
    Info (332119): ========= =================== =====================
    Info (332119):    -3.000             -37.000 Clock 
Info: Analyzing Fast 1200mV 0C Model
Info (332123): Deriving Clock Uncertainty. Please refer to report_sdc in the Timing Analyzer to see clock uncertainties.
Critical Warning (332148): Timing requirements not met
    Info (11105): For recommendations on closing timing, run Report Timing Closure Recommendations in the Timing Analyzer.
Info (332146): Worst-case setup slack is -1.767
    Info (332119):     Slack       End Point TNS Clock 
    Info (332119): ========= =================== =====================
    Info (332119):    -1.767             -15.046 Clock 
Info (332146): Worst-case hold slack is 0.187
    Info (332119):     Slack       End Point TNS Clock 
    Info (332119): ========= =================== =====================
    Info (332119):     0.187               0.000 Clock 
Info (332140): No Recovery paths to report
Info (332140): No Removal paths to report
Info (332146): Worst-case minimum pulse width slack is -3.000
    Info (332119):     Slack       End Point TNS Clock 
    Info (332119): ========= =================== =====================
    Info (332119):    -3.000             -47.764 Clock 
Info (332102): Design is not fully constrained for setup requirements
Info (332102): Design is not fully constrained for hold requirements
Info: Quartus Prime Timing Analyzer was successful. 0 errors, 5 warnings
    Info: Peak virtual memory: 4909 megabytes
    Info: Processing ended: Sat Sep 12 17:33:46 2026
    Info: Elapsed time: 00:00:01
    Info: Total CPU time (on all processors): 00:00:01


