Simulator report for finalproject
Sat Nov 29 15:52:41 2025
Quartus II 32-bit Version 13.0.1 Build 232 06/12/2013 Service Pack 1 SJ Web Edition


---------------------
; Table of Contents ;
---------------------
  1. Legal Notice
  2. Simulator Summary
  3. Simulator Settings
  4. Simulation Waveforms
  5. Coverage Summary
  6. Complete 1/0-Value Coverage
  7. Missing 1-Value Coverage
  8. Missing 0-Value Coverage
  9. Simulator INI Usage
 10. Simulator Messages



----------------
; Legal Notice ;
----------------
Copyright (C) 1991-2013 Altera Corporation
Your use of Altera Corporation's design tools, logic functions 
and other software and tools, and its AMPP partner logic 
functions, and any output files from any of the foregoing 
(including device programming or simulation files), and any 
associated documentation or information are expressly subject 
to the terms and conditions of the Altera Program License 
Subscription Agreement, Altera MegaCore Function License 
Agreement, or other applicable license agreement, including, 
without limitation, that your use is for the sole purpose of 
programming logic devices manufactured by Altera and sold by 
Altera or its authorized distributors.  Please refer to the 
applicable agreement for further details.



+--------------------------------------------+
; Simulator Summary                          ;
+-----------------------------+--------------+
; Type                        ; Value        ;
+-----------------------------+--------------+
; Simulation Start Time       ; 0 ps         ;
; Simulation End Time         ; 800.0 ns     ;
; Simulation Netlist Size     ; 2389 nodes   ;
; Simulation Coverage         ;      61.95 % ;
; Total Number of Transitions ; 9448         ;
; Simulation Breakpoints      ; 0            ;
; Family                      ; Cyclone II   ;
+-----------------------------+--------------+


+------------------------------------------------------------------------------------------------------------------------------------------------------------------------------------------------+
; Simulator Settings                                                                                                                                                                             ;
+--------------------------------------------------------------------------------------------+-----------------------------------------------------------------------------------+---------------+
; Option                                                                                     ; Setting                                                                           ; Default Value ;
+--------------------------------------------------------------------------------------------+-----------------------------------------------------------------------------------+---------------+
; Simulation mode                                                                            ; Functional                                                                        ; Timing        ;
; Start time                                                                                 ; 0 ns                                                                              ; 0 ns          ;
; Simulation results format                                                                  ; VWF                                                                               ;               ;
; Vector input source                                                                        ; C:/altera/13.0sp1/Projects/COE328/LAB 6 final/LAB 6/final project/decwaveform.vwf ;               ;
; Add pins automatically to simulation output waveforms                                      ; On                                                                                ; On            ;
; Check outputs                                                                              ; Off                                                                               ; Off           ;
; Report simulation coverage                                                                 ; On                                                                                ; On            ;
; Display complete 1/0 value coverage report                                                 ; On                                                                                ; On            ;
; Display missing 1-value coverage report                                                    ; On                                                                                ; On            ;
; Display missing 0-value coverage report                                                    ; On                                                                                ; On            ;
; Detect setup and hold time violations                                                      ; Off                                                                               ; Off           ;
; Detect glitches                                                                            ; Off                                                                               ; Off           ;
; Disable timing delays in Timing Simulation                                                 ; Off                                                                               ; Off           ;
; Generate Signal Activity File                                                              ; Off                                                                               ; Off           ;
; Generate VCD File for PowerPlay Power Analyzer                                             ; Off                                                                               ; Off           ;
; Group bus channels in simulation results                                                   ; Off                                                                               ; Off           ;
; Preserve fewer signal transitions to reduce memory requirements                            ; On                                                                                ; On            ;
; Trigger vector comparison with the specified mode                                          ; INPUT_EDGE                                                                        ; INPUT_EDGE    ;
; Disable setup and hold time violations detection in input registers of bi-directional pins ; Off                                                                               ; Off           ;
; Overwrite Waveform Inputs With Simulation Outputs                                          ; Off                                                                               ;               ;
; Perform Glitch Filtering in Timing Simulation                                              ; Auto                                                                              ; Auto          ;
+--------------------------------------------------------------------------------------------+-----------------------------------------------------------------------------------+---------------+


+----------------------+
; Simulation Waveforms ;
+----------------------+
Waveform report data cannot be output to ASCII.
Please use Quartus II 32-bit to view the waveform report data.


+--------------------------------------------------------------------+
; Coverage Summary                                                   ;
+-----------------------------------------------------+--------------+
; Type                                                ; Value        ;
+-----------------------------------------------------+--------------+
; Total coverage as a percentage                      ;      61.95 % ;
; Total nodes checked                                 ; 2389         ;
; Total output ports checked                          ; 2389         ;
; Total output ports with complete 1/0-value coverage ; 1480         ;
; Total output ports with no 1/0-value coverage       ; 866          ;
; Total output ports with no 1-value coverage         ; 899          ;
; Total output ports with no 0-value coverage         ; 876          ;
+-----------------------------------------------------+--------------+


The following table displays output ports that toggle between 1 and 0 during simulation.
+------------------------------------------------------------------------------------------------------------------------------------------------------+
; Complete 1/0-Value Coverage                                                                                                                          ;
+-----------------------------------------------------------------+-----------------------------------------------------------------+------------------+
; Node Name                                                       ; Output Port Name                                                ; Output Port Type ;
+-----------------------------------------------------------------+-----------------------------------------------------------------+------------------+
; |dec4to16|Y~4                                                   ; |dec4to16|Y~4                                                   ; out              ;
; |dec4to16|Y~8                                                   ; |dec4to16|Y~8                                                   ; out              ;
; |dec4to16|Y~9                                                   ; |dec4to16|Y~9                                                   ; out              ;
; |dec4to16|Y~10                                                  ; |dec4to16|Y~10                                                  ; out              ;
; |dec4to16|Y~11                                                  ; |dec4to16|Y~11                                                  ; out              ;
; |dec4to16|Y~12                                                  ; |dec4to16|Y~12                                                  ; out              ;
; |dec4to16|Y~13                                                  ; |dec4to16|Y~13                                                  ; out              ;
; |dec4to16|Y~14                                                  ; |dec4to16|Y~14                                                  ; out              ;
; |dec4to16|Y~15                                                  ; |dec4to16|Y~15                                                  ; out              ;
; |dec4to16|A[0]                                                  ; |dec4to16|A[0]                                                  ; out              ;
; |dec4to16|A[1]                                                  ; |dec4to16|A[1]                                                  ; out              ;
; |dec4to16|A[2]                                                  ; |dec4to16|A[2]                                                  ; out              ;
; |dec4to16|Y[0]                                                  ; |dec4to16|Y[0]                                                  ; pin_out          ;
; |dec4to16|Y[1]                                                  ; |dec4to16|Y[1]                                                  ; pin_out          ;
; |dec4to16|Y[2]                                                  ; |dec4to16|Y[2]                                                  ; pin_out          ;
; |dec4to16|Y[3]                                                  ; |dec4to16|Y[3]                                                  ; pin_out          ;
; |dec4to16|Y[4]                                                  ; |dec4to16|Y[4]                                                  ; pin_out          ;
; |dec4to16|Y[5]                                                  ; |dec4to16|Y[5]                                                  ; pin_out          ;
; |dec4to16|Y[6]                                                  ; |dec4to16|Y[6]                                                  ; pin_out          ;
; |dec4to16|Y[7]                                                  ; |dec4to16|Y[7]                                                  ; pin_out          ;
; |dec4to16|Y[11]                                                 ; |dec4to16|Y[11]                                                 ; pin_out          ;
; |dec4to16|lpm_mux:Mux15|mux_joc:auto_generated|_~1              ; |dec4to16|lpm_mux:Mux15|mux_joc:auto_generated|_~1              ; out0             ;
; |dec4to16|lpm_mux:Mux15|mux_joc:auto_generated|_~3              ; |dec4to16|lpm_mux:Mux15|mux_joc:auto_generated|_~3              ; out0             ;
; |dec4to16|lpm_mux:Mux15|mux_joc:auto_generated|_~5              ; |dec4to16|lpm_mux:Mux15|mux_joc:auto_generated|_~5              ; out0             ;
; |dec4to16|lpm_mux:Mux15|mux_joc:auto_generated|_~6              ; |dec4to16|lpm_mux:Mux15|mux_joc:auto_generated|_~6              ; out0             ;
; |dec4to16|lpm_mux:Mux15|mux_joc:auto_generated|_~7              ; |dec4to16|lpm_mux:Mux15|mux_joc:auto_generated|_~7              ; out0             ;
; |dec4to16|lpm_mux:Mux15|mux_joc:auto_generated|_~8              ; |dec4to16|lpm_mux:Mux15|mux_joc:auto_generated|_~8              ; out0             ;
; |dec4to16|lpm_mux:Mux15|mux_joc:auto_generated|_~10             ; |dec4to16|lpm_mux:Mux15|mux_joc:auto_generated|_~10             ; out0             ;
; |dec4to16|lpm_mux:Mux15|mux_joc:auto_generated|_~12             ; |dec4to16|lpm_mux:Mux15|mux_joc:auto_generated|_~12             ; out0             ;
; |dec4to16|lpm_mux:Mux15|mux_joc:auto_generated|_~14             ; |dec4to16|lpm_mux:Mux15|mux_joc:auto_generated|_~14             ; out0             ;
; |dec4to16|lpm_mux:Mux15|mux_joc:auto_generated|_~15             ; |dec4to16|lpm_mux:Mux15|mux_joc:auto_generated|_~15             ; out0             ;
; |dec4to16|lpm_mux:Mux15|mux_joc:auto_generated|_~16             ; |dec4to16|lpm_mux:Mux15|mux_joc:auto_generated|_~16             ; out0             ;
; |dec4to16|lpm_mux:Mux15|mux_joc:auto_generated|_~17             ; |dec4to16|lpm_mux:Mux15|mux_joc:auto_generated|_~17             ; out0             ;
; |dec4to16|lpm_mux:Mux15|mux_joc:auto_generated|_~18             ; |dec4to16|lpm_mux:Mux15|mux_joc:auto_generated|_~18             ; out0             ;
; |dec4to16|lpm_mux:Mux15|mux_joc:auto_generated|_~23             ; |dec4to16|lpm_mux:Mux15|mux_joc:auto_generated|_~23             ; out0             ;
; |dec4to16|lpm_mux:Mux15|mux_joc:auto_generated|_~24             ; |dec4to16|lpm_mux:Mux15|mux_joc:auto_generated|_~24             ; out0             ;
; |dec4to16|lpm_mux:Mux15|mux_joc:auto_generated|_~25             ; |dec4to16|lpm_mux:Mux15|mux_joc:auto_generated|_~25             ; out0             ;
; |dec4to16|lpm_mux:Mux15|mux_joc:auto_generated|_~26             ; |dec4to16|lpm_mux:Mux15|mux_joc:auto_generated|_~26             ; out0             ;
; |dec4to16|lpm_mux:Mux15|mux_joc:auto_generated|_~27             ; |dec4to16|lpm_mux:Mux15|mux_joc:auto_generated|_~27             ; out0             ;
; |dec4to16|lpm_mux:Mux15|mux_joc:auto_generated|_~28             ; |dec4to16|lpm_mux:Mux15|mux_joc:auto_generated|_~28             ; out0             ;
; |dec4to16|lpm_mux:Mux15|mux_joc:auto_generated|_~29             ; |dec4to16|lpm_mux:Mux15|mux_joc:auto_generated|_~29             ; out0             ;
; |dec4to16|lpm_mux:Mux15|mux_joc:auto_generated|_~30             ; |dec4to16|lpm_mux:Mux15|mux_joc:auto_generated|_~30             ; out0             ;
; |dec4to16|lpm_mux:Mux15|mux_joc:auto_generated|_~32             ; |dec4to16|lpm_mux:Mux15|mux_joc:auto_generated|_~32             ; out0             ;
; |dec4to16|lpm_mux:Mux15|mux_joc:auto_generated|_~33             ; |dec4to16|lpm_mux:Mux15|mux_joc:auto_generated|_~33             ; out0             ;
; |dec4to16|lpm_mux:Mux15|mux_joc:auto_generated|_~34             ; |dec4to16|lpm_mux:Mux15|mux_joc:auto_generated|_~34             ; out0             ;
; |dec4to16|lpm_mux:Mux15|mux_joc:auto_generated|_~35             ; |dec4to16|lpm_mux:Mux15|mux_joc:auto_generated|_~35             ; out0             ;
; |dec4to16|lpm_mux:Mux15|mux_joc:auto_generated|_~36             ; |dec4to16|lpm_mux:Mux15|mux_joc:auto_generated|_~36             ; out0             ;
; |dec4to16|lpm_mux:Mux15|mux_joc:auto_generated|_~37             ; |dec4to16|lpm_mux:Mux15|mux_joc:auto_generated|_~37             ; out0             ;
; |dec4to16|lpm_mux:Mux15|mux_joc:auto_generated|_~38             ; |dec4to16|lpm_mux:Mux15|mux_joc:auto_generated|_~38             ; out0             ;
; |dec4to16|lpm_mux:Mux15|mux_joc:auto_generated|_~39             ; |dec4to16|lpm_mux:Mux15|mux_joc:auto_generated|_~39             ; out0             ;
; |dec4to16|lpm_mux:Mux15|mux_joc:auto_generated|_~40             ; |dec4to16|lpm_mux:Mux15|mux_joc:auto_generated|_~40             ; out0             ;
; |dec4to16|lpm_mux:Mux15|mux_joc:auto_generated|_~41             ; |dec4to16|lpm_mux:Mux15|mux_joc:auto_generated|_~41             ; out0             ;
; |dec4to16|lpm_mux:Mux15|mux_joc:auto_generated|_~42             ; |dec4to16|lpm_mux:Mux15|mux_joc:auto_generated|_~42             ; out0             ;
; |dec4to16|lpm_mux:Mux15|mux_joc:auto_generated|_~44             ; |dec4to16|lpm_mux:Mux15|mux_joc:auto_generated|_~44             ; out0             ;
; |dec4to16|lpm_mux:Mux15|mux_joc:auto_generated|_~45             ; |dec4to16|lpm_mux:Mux15|mux_joc:auto_generated|_~45             ; out0             ;
; |dec4to16|lpm_mux:Mux15|mux_joc:auto_generated|_~46             ; |dec4to16|lpm_mux:Mux15|mux_joc:auto_generated|_~46             ; out0             ;
; |dec4to16|lpm_mux:Mux15|mux_joc:auto_generated|_~48             ; |dec4to16|lpm_mux:Mux15|mux_joc:auto_generated|_~48             ; out0             ;
; |dec4to16|lpm_mux:Mux15|mux_joc:auto_generated|_~50             ; |dec4to16|lpm_mux:Mux15|mux_joc:auto_generated|_~50             ; out0             ;
; |dec4to16|lpm_mux:Mux15|mux_joc:auto_generated|_~52             ; |dec4to16|lpm_mux:Mux15|mux_joc:auto_generated|_~52             ; out0             ;
; |dec4to16|lpm_mux:Mux15|mux_joc:auto_generated|_~53             ; |dec4to16|lpm_mux:Mux15|mux_joc:auto_generated|_~53             ; out0             ;
; |dec4to16|lpm_mux:Mux15|mux_joc:auto_generated|_~54             ; |dec4to16|lpm_mux:Mux15|mux_joc:auto_generated|_~54             ; out0             ;
; |dec4to16|lpm_mux:Mux15|mux_joc:auto_generated|_~55             ; |dec4to16|lpm_mux:Mux15|mux_joc:auto_generated|_~55             ; out0             ;
; |dec4to16|lpm_mux:Mux15|mux_joc:auto_generated|_~57             ; |dec4to16|lpm_mux:Mux15|mux_joc:auto_generated|_~57             ; out0             ;
; |dec4to16|lpm_mux:Mux15|mux_joc:auto_generated|_~59             ; |dec4to16|lpm_mux:Mux15|mux_joc:auto_generated|_~59             ; out0             ;
; |dec4to16|lpm_mux:Mux15|mux_joc:auto_generated|_~61             ; |dec4to16|lpm_mux:Mux15|mux_joc:auto_generated|_~61             ; out0             ;
; |dec4to16|lpm_mux:Mux15|mux_joc:auto_generated|_~62             ; |dec4to16|lpm_mux:Mux15|mux_joc:auto_generated|_~62             ; out0             ;
; |dec4to16|lpm_mux:Mux15|mux_joc:auto_generated|_~63             ; |dec4to16|lpm_mux:Mux15|mux_joc:auto_generated|_~63             ; out0             ;
; |dec4to16|lpm_mux:Mux15|mux_joc:auto_generated|_~64             ; |dec4to16|lpm_mux:Mux15|mux_joc:auto_generated|_~64             ; out0             ;
; |dec4to16|lpm_mux:Mux15|mux_joc:auto_generated|_~65             ; |dec4to16|lpm_mux:Mux15|mux_joc:auto_generated|_~65             ; out0             ;
; |dec4to16|lpm_mux:Mux15|mux_joc:auto_generated|_~68             ; |dec4to16|lpm_mux:Mux15|mux_joc:auto_generated|_~68             ; out0             ;
; |dec4to16|lpm_mux:Mux15|mux_joc:auto_generated|_~70             ; |dec4to16|lpm_mux:Mux15|mux_joc:auto_generated|_~70             ; out0             ;
; |dec4to16|lpm_mux:Mux15|mux_joc:auto_generated|_~71             ; |dec4to16|lpm_mux:Mux15|mux_joc:auto_generated|_~71             ; out0             ;
; |dec4to16|lpm_mux:Mux15|mux_joc:auto_generated|_~73             ; |dec4to16|lpm_mux:Mux15|mux_joc:auto_generated|_~73             ; out0             ;
; |dec4to16|lpm_mux:Mux15|mux_joc:auto_generated|_~74             ; |dec4to16|lpm_mux:Mux15|mux_joc:auto_generated|_~74             ; out0             ;
; |dec4to16|lpm_mux:Mux15|mux_joc:auto_generated|_~75             ; |dec4to16|lpm_mux:Mux15|mux_joc:auto_generated|_~75             ; out0             ;
; |dec4to16|lpm_mux:Mux15|mux_joc:auto_generated|_~76             ; |dec4to16|lpm_mux:Mux15|mux_joc:auto_generated|_~76             ; out0             ;
; |dec4to16|lpm_mux:Mux15|mux_joc:auto_generated|_~77             ; |dec4to16|lpm_mux:Mux15|mux_joc:auto_generated|_~77             ; out0             ;
; |dec4to16|lpm_mux:Mux15|mux_joc:auto_generated|_~78             ; |dec4to16|lpm_mux:Mux15|mux_joc:auto_generated|_~78             ; out0             ;
; |dec4to16|lpm_mux:Mux15|mux_joc:auto_generated|_~79             ; |dec4to16|lpm_mux:Mux15|mux_joc:auto_generated|_~79             ; out0             ;
; |dec4to16|lpm_mux:Mux15|mux_joc:auto_generated|_~80             ; |dec4to16|lpm_mux:Mux15|mux_joc:auto_generated|_~80             ; out0             ;
; |dec4to16|lpm_mux:Mux15|mux_joc:auto_generated|_~82             ; |dec4to16|lpm_mux:Mux15|mux_joc:auto_generated|_~82             ; out0             ;
; |dec4to16|lpm_mux:Mux15|mux_joc:auto_generated|_~83             ; |dec4to16|lpm_mux:Mux15|mux_joc:auto_generated|_~83             ; out0             ;
; |dec4to16|lpm_mux:Mux15|mux_joc:auto_generated|_~84             ; |dec4to16|lpm_mux:Mux15|mux_joc:auto_generated|_~84             ; out0             ;
; |dec4to16|lpm_mux:Mux15|mux_joc:auto_generated|_~85             ; |dec4to16|lpm_mux:Mux15|mux_joc:auto_generated|_~85             ; out0             ;
; |dec4to16|lpm_mux:Mux15|mux_joc:auto_generated|_~86             ; |dec4to16|lpm_mux:Mux15|mux_joc:auto_generated|_~86             ; out0             ;
; |dec4to16|lpm_mux:Mux15|mux_joc:auto_generated|_~87             ; |dec4to16|lpm_mux:Mux15|mux_joc:auto_generated|_~87             ; out0             ;
; |dec4to16|lpm_mux:Mux15|mux_joc:auto_generated|_~88             ; |dec4to16|lpm_mux:Mux15|mux_joc:auto_generated|_~88             ; out0             ;
; |dec4to16|lpm_mux:Mux15|mux_joc:auto_generated|_~89             ; |dec4to16|lpm_mux:Mux15|mux_joc:auto_generated|_~89             ; out0             ;
; |dec4to16|lpm_mux:Mux15|mux_joc:auto_generated|_~90             ; |dec4to16|lpm_mux:Mux15|mux_joc:auto_generated|_~90             ; out0             ;
; |dec4to16|lpm_mux:Mux15|mux_joc:auto_generated|_~91             ; |dec4to16|lpm_mux:Mux15|mux_joc:auto_generated|_~91             ; out0             ;
; |dec4to16|lpm_mux:Mux15|mux_joc:auto_generated|_~92             ; |dec4to16|lpm_mux:Mux15|mux_joc:auto_generated|_~92             ; out0             ;
; |dec4to16|lpm_mux:Mux15|mux_joc:auto_generated|_~94             ; |dec4to16|lpm_mux:Mux15|mux_joc:auto_generated|_~94             ; out0             ;
; |dec4to16|lpm_mux:Mux15|mux_joc:auto_generated|_~95             ; |dec4to16|lpm_mux:Mux15|mux_joc:auto_generated|_~95             ; out0             ;
; |dec4to16|lpm_mux:Mux15|mux_joc:auto_generated|_~96             ; |dec4to16|lpm_mux:Mux15|mux_joc:auto_generated|_~96             ; out0             ;
; |dec4to16|lpm_mux:Mux15|mux_joc:auto_generated|_~98             ; |dec4to16|lpm_mux:Mux15|mux_joc:auto_generated|_~98             ; out0             ;
; |dec4to16|lpm_mux:Mux15|mux_joc:auto_generated|_~100            ; |dec4to16|lpm_mux:Mux15|mux_joc:auto_generated|_~100            ; out0             ;
; |dec4to16|lpm_mux:Mux15|mux_joc:auto_generated|_~102            ; |dec4to16|lpm_mux:Mux15|mux_joc:auto_generated|_~102            ; out0             ;
; |dec4to16|lpm_mux:Mux15|mux_joc:auto_generated|_~103            ; |dec4to16|lpm_mux:Mux15|mux_joc:auto_generated|_~103            ; out0             ;
; |dec4to16|lpm_mux:Mux15|mux_joc:auto_generated|_~104            ; |dec4to16|lpm_mux:Mux15|mux_joc:auto_generated|_~104            ; out0             ;
; |dec4to16|lpm_mux:Mux15|mux_joc:auto_generated|_~105            ; |dec4to16|lpm_mux:Mux15|mux_joc:auto_generated|_~105            ; out0             ;
; |dec4to16|lpm_mux:Mux15|mux_joc:auto_generated|_~107            ; |dec4to16|lpm_mux:Mux15|mux_joc:auto_generated|_~107            ; out0             ;
; |dec4to16|lpm_mux:Mux15|mux_joc:auto_generated|_~109            ; |dec4to16|lpm_mux:Mux15|mux_joc:auto_generated|_~109            ; out0             ;
; |dec4to16|lpm_mux:Mux15|mux_joc:auto_generated|_~111            ; |dec4to16|lpm_mux:Mux15|mux_joc:auto_generated|_~111            ; out0             ;
; |dec4to16|lpm_mux:Mux15|mux_joc:auto_generated|_~112            ; |dec4to16|lpm_mux:Mux15|mux_joc:auto_generated|_~112            ; out0             ;
; |dec4to16|lpm_mux:Mux15|mux_joc:auto_generated|_~113            ; |dec4to16|lpm_mux:Mux15|mux_joc:auto_generated|_~113            ; out0             ;
; |dec4to16|lpm_mux:Mux15|mux_joc:auto_generated|_~114            ; |dec4to16|lpm_mux:Mux15|mux_joc:auto_generated|_~114            ; out0             ;
; |dec4to16|lpm_mux:Mux15|mux_joc:auto_generated|_~115            ; |dec4to16|lpm_mux:Mux15|mux_joc:auto_generated|_~115            ; out0             ;
; |dec4to16|lpm_mux:Mux15|mux_joc:auto_generated|_~118            ; |dec4to16|lpm_mux:Mux15|mux_joc:auto_generated|_~118            ; out0             ;
; |dec4to16|lpm_mux:Mux15|mux_joc:auto_generated|_~120            ; |dec4to16|lpm_mux:Mux15|mux_joc:auto_generated|_~120            ; out0             ;
; |dec4to16|lpm_mux:Mux15|mux_joc:auto_generated|_~122            ; |dec4to16|lpm_mux:Mux15|mux_joc:auto_generated|_~122            ; out0             ;
; |dec4to16|lpm_mux:Mux15|mux_joc:auto_generated|_~124            ; |dec4to16|lpm_mux:Mux15|mux_joc:auto_generated|_~124            ; out0             ;
; |dec4to16|lpm_mux:Mux15|mux_joc:auto_generated|_~126            ; |dec4to16|lpm_mux:Mux15|mux_joc:auto_generated|_~126            ; out0             ;
; |dec4to16|lpm_mux:Mux15|mux_joc:auto_generated|_~127            ; |dec4to16|lpm_mux:Mux15|mux_joc:auto_generated|_~127            ; out0             ;
; |dec4to16|lpm_mux:Mux15|mux_joc:auto_generated|_~128            ; |dec4to16|lpm_mux:Mux15|mux_joc:auto_generated|_~128            ; out0             ;
; |dec4to16|lpm_mux:Mux15|mux_joc:auto_generated|_~129            ; |dec4to16|lpm_mux:Mux15|mux_joc:auto_generated|_~129            ; out0             ;
; |dec4to16|lpm_mux:Mux15|mux_joc:auto_generated|_~131            ; |dec4to16|lpm_mux:Mux15|mux_joc:auto_generated|_~131            ; out0             ;
; |dec4to16|lpm_mux:Mux15|mux_joc:auto_generated|_~133            ; |dec4to16|lpm_mux:Mux15|mux_joc:auto_generated|_~133            ; out0             ;
; |dec4to16|lpm_mux:Mux15|mux_joc:auto_generated|_~135            ; |dec4to16|lpm_mux:Mux15|mux_joc:auto_generated|_~135            ; out0             ;
; |dec4to16|lpm_mux:Mux15|mux_joc:auto_generated|_~136            ; |dec4to16|lpm_mux:Mux15|mux_joc:auto_generated|_~136            ; out0             ;
; |dec4to16|lpm_mux:Mux15|mux_joc:auto_generated|_~137            ; |dec4to16|lpm_mux:Mux15|mux_joc:auto_generated|_~137            ; out0             ;
; |dec4to16|lpm_mux:Mux15|mux_joc:auto_generated|_~138            ; |dec4to16|lpm_mux:Mux15|mux_joc:auto_generated|_~138            ; out0             ;
; |dec4to16|lpm_mux:Mux15|mux_joc:auto_generated|_~139            ; |dec4to16|lpm_mux:Mux15|mux_joc:auto_generated|_~139            ; out0             ;
; |dec4to16|lpm_mux:Mux15|mux_joc:auto_generated|_~142            ; |dec4to16|lpm_mux:Mux15|mux_joc:auto_generated|_~142            ; out0             ;
; |dec4to16|lpm_mux:Mux15|mux_joc:auto_generated|_~143            ; |dec4to16|lpm_mux:Mux15|mux_joc:auto_generated|_~143            ; out0             ;
; |dec4to16|lpm_mux:Mux15|mux_joc:auto_generated|result_node[0]~1 ; |dec4to16|lpm_mux:Mux15|mux_joc:auto_generated|result_node[0]~1 ; out0             ;
; |dec4to16|lpm_mux:Mux15|mux_joc:auto_generated|result_node[0]   ; |dec4to16|lpm_mux:Mux15|mux_joc:auto_generated|result_node[0]   ; out0             ;
; |dec4to16|lpm_mux:Mux14|mux_joc:auto_generated|_~1              ; |dec4to16|lpm_mux:Mux14|mux_joc:auto_generated|_~1              ; out0             ;
; |dec4to16|lpm_mux:Mux14|mux_joc:auto_generated|_~3              ; |dec4to16|lpm_mux:Mux14|mux_joc:auto_generated|_~3              ; out0             ;
; |dec4to16|lpm_mux:Mux14|mux_joc:auto_generated|_~5              ; |dec4to16|lpm_mux:Mux14|mux_joc:auto_generated|_~5              ; out0             ;
; |dec4to16|lpm_mux:Mux14|mux_joc:auto_generated|_~6              ; |dec4to16|lpm_mux:Mux14|mux_joc:auto_generated|_~6              ; out0             ;
; |dec4to16|lpm_mux:Mux14|mux_joc:auto_generated|_~7              ; |dec4to16|lpm_mux:Mux14|mux_joc:auto_generated|_~7              ; out0             ;
; |dec4to16|lpm_mux:Mux14|mux_joc:auto_generated|_~8              ; |dec4to16|lpm_mux:Mux14|mux_joc:auto_generated|_~8              ; out0             ;
; |dec4to16|lpm_mux:Mux14|mux_joc:auto_generated|_~10             ; |dec4to16|lpm_mux:Mux14|mux_joc:auto_generated|_~10             ; out0             ;
; |dec4to16|lpm_mux:Mux14|mux_joc:auto_generated|_~12             ; |dec4to16|lpm_mux:Mux14|mux_joc:auto_generated|_~12             ; out0             ;
; |dec4to16|lpm_mux:Mux14|mux_joc:auto_generated|_~14             ; |dec4to16|lpm_mux:Mux14|mux_joc:auto_generated|_~14             ; out0             ;
; |dec4to16|lpm_mux:Mux14|mux_joc:auto_generated|_~15             ; |dec4to16|lpm_mux:Mux14|mux_joc:auto_generated|_~15             ; out0             ;
; |dec4to16|lpm_mux:Mux14|mux_joc:auto_generated|_~16             ; |dec4to16|lpm_mux:Mux14|mux_joc:auto_generated|_~16             ; out0             ;
; |dec4to16|lpm_mux:Mux14|mux_joc:auto_generated|_~17             ; |dec4to16|lpm_mux:Mux14|mux_joc:auto_generated|_~17             ; out0             ;
; |dec4to16|lpm_mux:Mux14|mux_joc:auto_generated|_~18             ; |dec4to16|lpm_mux:Mux14|mux_joc:auto_generated|_~18             ; out0             ;
; |dec4to16|lpm_mux:Mux14|mux_joc:auto_generated|_~22             ; |dec4to16|lpm_mux:Mux14|mux_joc:auto_generated|_~22             ; out0             ;
; |dec4to16|lpm_mux:Mux14|mux_joc:auto_generated|_~23             ; |dec4to16|lpm_mux:Mux14|mux_joc:auto_generated|_~23             ; out0             ;
; |dec4to16|lpm_mux:Mux14|mux_joc:auto_generated|_~25             ; |dec4to16|lpm_mux:Mux14|mux_joc:auto_generated|_~25             ; out0             ;
; |dec4to16|lpm_mux:Mux14|mux_joc:auto_generated|_~27             ; |dec4to16|lpm_mux:Mux14|mux_joc:auto_generated|_~27             ; out0             ;
; |dec4to16|lpm_mux:Mux14|mux_joc:auto_generated|_~28             ; |dec4to16|lpm_mux:Mux14|mux_joc:auto_generated|_~28             ; out0             ;
; |dec4to16|lpm_mux:Mux14|mux_joc:auto_generated|_~29             ; |dec4to16|lpm_mux:Mux14|mux_joc:auto_generated|_~29             ; out0             ;
; |dec4to16|lpm_mux:Mux14|mux_joc:auto_generated|_~30             ; |dec4to16|lpm_mux:Mux14|mux_joc:auto_generated|_~30             ; out0             ;
; |dec4to16|lpm_mux:Mux14|mux_joc:auto_generated|_~31             ; |dec4to16|lpm_mux:Mux14|mux_joc:auto_generated|_~31             ; out0             ;
; |dec4to16|lpm_mux:Mux14|mux_joc:auto_generated|_~32             ; |dec4to16|lpm_mux:Mux14|mux_joc:auto_generated|_~32             ; out0             ;
; |dec4to16|lpm_mux:Mux14|mux_joc:auto_generated|_~34             ; |dec4to16|lpm_mux:Mux14|mux_joc:auto_generated|_~34             ; out0             ;
; |dec4to16|lpm_mux:Mux14|mux_joc:auto_generated|_~36             ; |dec4to16|lpm_mux:Mux14|mux_joc:auto_generated|_~36             ; out0             ;
; |dec4to16|lpm_mux:Mux14|mux_joc:auto_generated|_~37             ; |dec4to16|lpm_mux:Mux14|mux_joc:auto_generated|_~37             ; out0             ;
; |dec4to16|lpm_mux:Mux14|mux_joc:auto_generated|_~38             ; |dec4to16|lpm_mux:Mux14|mux_joc:auto_generated|_~38             ; out0             ;
; |dec4to16|lpm_mux:Mux14|mux_joc:auto_generated|_~39             ; |dec4to16|lpm_mux:Mux14|mux_joc:auto_generated|_~39             ; out0             ;
; |dec4to16|lpm_mux:Mux14|mux_joc:auto_generated|_~40             ; |dec4to16|lpm_mux:Mux14|mux_joc:auto_generated|_~40             ; out0             ;
; |dec4to16|lpm_mux:Mux14|mux_joc:auto_generated|_~42             ; |dec4to16|lpm_mux:Mux14|mux_joc:auto_generated|_~42             ; out0             ;
; |dec4to16|lpm_mux:Mux14|mux_joc:auto_generated|_~44             ; |dec4to16|lpm_mux:Mux14|mux_joc:auto_generated|_~44             ; out0             ;
; |dec4to16|lpm_mux:Mux14|mux_joc:auto_generated|_~45             ; |dec4to16|lpm_mux:Mux14|mux_joc:auto_generated|_~45             ; out0             ;
; |dec4to16|lpm_mux:Mux14|mux_joc:auto_generated|_~46             ; |dec4to16|lpm_mux:Mux14|mux_joc:auto_generated|_~46             ; out0             ;
; |dec4to16|lpm_mux:Mux14|mux_joc:auto_generated|_~48             ; |dec4to16|lpm_mux:Mux14|mux_joc:auto_generated|_~48             ; out0             ;
; |dec4to16|lpm_mux:Mux14|mux_joc:auto_generated|_~50             ; |dec4to16|lpm_mux:Mux14|mux_joc:auto_generated|_~50             ; out0             ;
; |dec4to16|lpm_mux:Mux14|mux_joc:auto_generated|_~52             ; |dec4to16|lpm_mux:Mux14|mux_joc:auto_generated|_~52             ; out0             ;
; |dec4to16|lpm_mux:Mux14|mux_joc:auto_generated|_~53             ; |dec4to16|lpm_mux:Mux14|mux_joc:auto_generated|_~53             ; out0             ;
; |dec4to16|lpm_mux:Mux14|mux_joc:auto_generated|_~54             ; |dec4to16|lpm_mux:Mux14|mux_joc:auto_generated|_~54             ; out0             ;
; |dec4to16|lpm_mux:Mux14|mux_joc:auto_generated|_~55             ; |dec4to16|lpm_mux:Mux14|mux_joc:auto_generated|_~55             ; out0             ;
; |dec4to16|lpm_mux:Mux14|mux_joc:auto_generated|_~57             ; |dec4to16|lpm_mux:Mux14|mux_joc:auto_generated|_~57             ; out0             ;
; |dec4to16|lpm_mux:Mux14|mux_joc:auto_generated|_~59             ; |dec4to16|lpm_mux:Mux14|mux_joc:auto_generated|_~59             ; out0             ;
; |dec4to16|lpm_mux:Mux14|mux_joc:auto_generated|_~61             ; |dec4to16|lpm_mux:Mux14|mux_joc:auto_generated|_~61             ; out0             ;
; |dec4to16|lpm_mux:Mux14|mux_joc:auto_generated|_~62             ; |dec4to16|lpm_mux:Mux14|mux_joc:auto_generated|_~62             ; out0             ;
; |dec4to16|lpm_mux:Mux14|mux_joc:auto_generated|_~63             ; |dec4to16|lpm_mux:Mux14|mux_joc:auto_generated|_~63             ; out0             ;
; |dec4to16|lpm_mux:Mux14|mux_joc:auto_generated|_~64             ; |dec4to16|lpm_mux:Mux14|mux_joc:auto_generated|_~64             ; out0             ;
; |dec4to16|lpm_mux:Mux14|mux_joc:auto_generated|_~65             ; |dec4to16|lpm_mux:Mux14|mux_joc:auto_generated|_~65             ; out0             ;
; |dec4to16|lpm_mux:Mux14|mux_joc:auto_generated|_~68             ; |dec4to16|lpm_mux:Mux14|mux_joc:auto_generated|_~68             ; out0             ;
; |dec4to16|lpm_mux:Mux14|mux_joc:auto_generated|_~70             ; |dec4to16|lpm_mux:Mux14|mux_joc:auto_generated|_~70             ; out0             ;
; |dec4to16|lpm_mux:Mux14|mux_joc:auto_generated|_~71             ; |dec4to16|lpm_mux:Mux14|mux_joc:auto_generated|_~71             ; out0             ;
; |dec4to16|lpm_mux:Mux14|mux_joc:auto_generated|_~72             ; |dec4to16|lpm_mux:Mux14|mux_joc:auto_generated|_~72             ; out0             ;
; |dec4to16|lpm_mux:Mux14|mux_joc:auto_generated|_~73             ; |dec4to16|lpm_mux:Mux14|mux_joc:auto_generated|_~73             ; out0             ;
; |dec4to16|lpm_mux:Mux14|mux_joc:auto_generated|_~75             ; |dec4to16|lpm_mux:Mux14|mux_joc:auto_generated|_~75             ; out0             ;
; |dec4to16|lpm_mux:Mux14|mux_joc:auto_generated|_~77             ; |dec4to16|lpm_mux:Mux14|mux_joc:auto_generated|_~77             ; out0             ;
; |dec4to16|lpm_mux:Mux14|mux_joc:auto_generated|_~78             ; |dec4to16|lpm_mux:Mux14|mux_joc:auto_generated|_~78             ; out0             ;
; |dec4to16|lpm_mux:Mux14|mux_joc:auto_generated|_~79             ; |dec4to16|lpm_mux:Mux14|mux_joc:auto_generated|_~79             ; out0             ;
; |dec4to16|lpm_mux:Mux14|mux_joc:auto_generated|_~80             ; |dec4to16|lpm_mux:Mux14|mux_joc:auto_generated|_~80             ; out0             ;
; |dec4to16|lpm_mux:Mux14|mux_joc:auto_generated|_~81             ; |dec4to16|lpm_mux:Mux14|mux_joc:auto_generated|_~81             ; out0             ;
; |dec4to16|lpm_mux:Mux14|mux_joc:auto_generated|_~82             ; |dec4to16|lpm_mux:Mux14|mux_joc:auto_generated|_~82             ; out0             ;
; |dec4to16|lpm_mux:Mux14|mux_joc:auto_generated|_~84             ; |dec4to16|lpm_mux:Mux14|mux_joc:auto_generated|_~84             ; out0             ;
; |dec4to16|lpm_mux:Mux14|mux_joc:auto_generated|_~86             ; |dec4to16|lpm_mux:Mux14|mux_joc:auto_generated|_~86             ; out0             ;
; |dec4to16|lpm_mux:Mux14|mux_joc:auto_generated|_~87             ; |dec4to16|lpm_mux:Mux14|mux_joc:auto_generated|_~87             ; out0             ;
; |dec4to16|lpm_mux:Mux14|mux_joc:auto_generated|_~88             ; |dec4to16|lpm_mux:Mux14|mux_joc:auto_generated|_~88             ; out0             ;
; |dec4to16|lpm_mux:Mux14|mux_joc:auto_generated|_~89             ; |dec4to16|lpm_mux:Mux14|mux_joc:auto_generated|_~89             ; out0             ;
; |dec4to16|lpm_mux:Mux14|mux_joc:auto_generated|_~90             ; |dec4to16|lpm_mux:Mux14|mux_joc:auto_generated|_~90             ; out0             ;
; |dec4to16|lpm_mux:Mux14|mux_joc:auto_generated|_~92             ; |dec4to16|lpm_mux:Mux14|mux_joc:auto_generated|_~92             ; out0             ;
; |dec4to16|lpm_mux:Mux14|mux_joc:auto_generated|_~94             ; |dec4to16|lpm_mux:Mux14|mux_joc:auto_generated|_~94             ; out0             ;
; |dec4to16|lpm_mux:Mux14|mux_joc:auto_generated|_~95             ; |dec4to16|lpm_mux:Mux14|mux_joc:auto_generated|_~95             ; out0             ;
; |dec4to16|lpm_mux:Mux14|mux_joc:auto_generated|_~96             ; |dec4to16|lpm_mux:Mux14|mux_joc:auto_generated|_~96             ; out0             ;
; |dec4to16|lpm_mux:Mux14|mux_joc:auto_generated|_~98             ; |dec4to16|lpm_mux:Mux14|mux_joc:auto_generated|_~98             ; out0             ;
; |dec4to16|lpm_mux:Mux14|mux_joc:auto_generated|_~100            ; |dec4to16|lpm_mux:Mux14|mux_joc:auto_generated|_~100            ; out0             ;
; |dec4to16|lpm_mux:Mux14|mux_joc:auto_generated|_~102            ; |dec4to16|lpm_mux:Mux14|mux_joc:auto_generated|_~102            ; out0             ;
; |dec4to16|lpm_mux:Mux14|mux_joc:auto_generated|_~103            ; |dec4to16|lpm_mux:Mux14|mux_joc:auto_generated|_~103            ; out0             ;
; |dec4to16|lpm_mux:Mux14|mux_joc:auto_generated|_~104            ; |dec4to16|lpm_mux:Mux14|mux_joc:auto_generated|_~104            ; out0             ;
; |dec4to16|lpm_mux:Mux14|mux_joc:auto_generated|_~105            ; |dec4to16|lpm_mux:Mux14|mux_joc:auto_generated|_~105            ; out0             ;
; |dec4to16|lpm_mux:Mux14|mux_joc:auto_generated|_~107            ; |dec4to16|lpm_mux:Mux14|mux_joc:auto_generated|_~107            ; out0             ;
; |dec4to16|lpm_mux:Mux14|mux_joc:auto_generated|_~109            ; |dec4to16|lpm_mux:Mux14|mux_joc:auto_generated|_~109            ; out0             ;
; |dec4to16|lpm_mux:Mux14|mux_joc:auto_generated|_~111            ; |dec4to16|lpm_mux:Mux14|mux_joc:auto_generated|_~111            ; out0             ;
; |dec4to16|lpm_mux:Mux14|mux_joc:auto_generated|_~112            ; |dec4to16|lpm_mux:Mux14|mux_joc:auto_generated|_~112            ; out0             ;
; |dec4to16|lpm_mux:Mux14|mux_joc:auto_generated|_~113            ; |dec4to16|lpm_mux:Mux14|mux_joc:auto_generated|_~113            ; out0             ;
; |dec4to16|lpm_mux:Mux14|mux_joc:auto_generated|_~114            ; |dec4to16|lpm_mux:Mux14|mux_joc:auto_generated|_~114            ; out0             ;
; |dec4to16|lpm_mux:Mux14|mux_joc:auto_generated|_~115            ; |dec4to16|lpm_mux:Mux14|mux_joc:auto_generated|_~115            ; out0             ;
; |dec4to16|lpm_mux:Mux14|mux_joc:auto_generated|_~118            ; |dec4to16|lpm_mux:Mux14|mux_joc:auto_generated|_~118            ; out0             ;
; |dec4to16|lpm_mux:Mux14|mux_joc:auto_generated|_~120            ; |dec4to16|lpm_mux:Mux14|mux_joc:auto_generated|_~120            ; out0             ;
; |dec4to16|lpm_mux:Mux14|mux_joc:auto_generated|_~122            ; |dec4to16|lpm_mux:Mux14|mux_joc:auto_generated|_~122            ; out0             ;
; |dec4to16|lpm_mux:Mux14|mux_joc:auto_generated|_~124            ; |dec4to16|lpm_mux:Mux14|mux_joc:auto_generated|_~124            ; out0             ;
; |dec4to16|lpm_mux:Mux14|mux_joc:auto_generated|_~126            ; |dec4to16|lpm_mux:Mux14|mux_joc:auto_generated|_~126            ; out0             ;
; |dec4to16|lpm_mux:Mux14|mux_joc:auto_generated|_~127            ; |dec4to16|lpm_mux:Mux14|mux_joc:auto_generated|_~127            ; out0             ;
; |dec4to16|lpm_mux:Mux14|mux_joc:auto_generated|_~128            ; |dec4to16|lpm_mux:Mux14|mux_joc:auto_generated|_~128            ; out0             ;
; |dec4to16|lpm_mux:Mux14|mux_joc:auto_generated|_~129            ; |dec4to16|lpm_mux:Mux14|mux_joc:auto_generated|_~129            ; out0             ;
; |dec4to16|lpm_mux:Mux14|mux_joc:auto_generated|_~131            ; |dec4to16|lpm_mux:Mux14|mux_joc:auto_generated|_~131            ; out0             ;
; |dec4to16|lpm_mux:Mux14|mux_joc:auto_generated|_~133            ; |dec4to16|lpm_mux:Mux14|mux_joc:auto_generated|_~133            ; out0             ;
; |dec4to16|lpm_mux:Mux14|mux_joc:auto_generated|_~135            ; |dec4to16|lpm_mux:Mux14|mux_joc:auto_generated|_~135            ; out0             ;
; |dec4to16|lpm_mux:Mux14|mux_joc:auto_generated|_~136            ; |dec4to16|lpm_mux:Mux14|mux_joc:auto_generated|_~136            ; out0             ;
; |dec4to16|lpm_mux:Mux14|mux_joc:auto_generated|_~137            ; |dec4to16|lpm_mux:Mux14|mux_joc:auto_generated|_~137            ; out0             ;
; |dec4to16|lpm_mux:Mux14|mux_joc:auto_generated|_~138            ; |dec4to16|lpm_mux:Mux14|mux_joc:auto_generated|_~138            ; out0             ;
; |dec4to16|lpm_mux:Mux14|mux_joc:auto_generated|_~139            ; |dec4to16|lpm_mux:Mux14|mux_joc:auto_generated|_~139            ; out0             ;
; |dec4to16|lpm_mux:Mux14|mux_joc:auto_generated|_~142            ; |dec4to16|lpm_mux:Mux14|mux_joc:auto_generated|_~142            ; out0             ;
; |dec4to16|lpm_mux:Mux14|mux_joc:auto_generated|_~143            ; |dec4to16|lpm_mux:Mux14|mux_joc:auto_generated|_~143            ; out0             ;
; |dec4to16|lpm_mux:Mux14|mux_joc:auto_generated|result_node[0]~1 ; |dec4to16|lpm_mux:Mux14|mux_joc:auto_generated|result_node[0]~1 ; out0             ;
; |dec4to16|lpm_mux:Mux14|mux_joc:auto_generated|result_node[0]   ; |dec4to16|lpm_mux:Mux14|mux_joc:auto_generated|result_node[0]   ; out0             ;
; |dec4to16|lpm_mux:Mux13|mux_joc:auto_generated|_~1              ; |dec4to16|lpm_mux:Mux13|mux_joc:auto_generated|_~1              ; out0             ;
; |dec4to16|lpm_mux:Mux13|mux_joc:auto_generated|_~3              ; |dec4to16|lpm_mux:Mux13|mux_joc:auto_generated|_~3              ; out0             ;
; |dec4to16|lpm_mux:Mux13|mux_joc:auto_generated|_~5              ; |dec4to16|lpm_mux:Mux13|mux_joc:auto_generated|_~5              ; out0             ;
; |dec4to16|lpm_mux:Mux13|mux_joc:auto_generated|_~6              ; |dec4to16|lpm_mux:Mux13|mux_joc:auto_generated|_~6              ; out0             ;
; |dec4to16|lpm_mux:Mux13|mux_joc:auto_generated|_~7              ; |dec4to16|lpm_mux:Mux13|mux_joc:auto_generated|_~7              ; out0             ;
; |dec4to16|lpm_mux:Mux13|mux_joc:auto_generated|_~8              ; |dec4to16|lpm_mux:Mux13|mux_joc:auto_generated|_~8              ; out0             ;
; |dec4to16|lpm_mux:Mux13|mux_joc:auto_generated|_~10             ; |dec4to16|lpm_mux:Mux13|mux_joc:auto_generated|_~10             ; out0             ;
; |dec4to16|lpm_mux:Mux13|mux_joc:auto_generated|_~12             ; |dec4to16|lpm_mux:Mux13|mux_joc:auto_generated|_~12             ; out0             ;
; |dec4to16|lpm_mux:Mux13|mux_joc:auto_generated|_~14             ; |dec4to16|lpm_mux:Mux13|mux_joc:auto_generated|_~14             ; out0             ;
; |dec4to16|lpm_mux:Mux13|mux_joc:auto_generated|_~15             ; |dec4to16|lpm_mux:Mux13|mux_joc:auto_generated|_~15             ; out0             ;
; |dec4to16|lpm_mux:Mux13|mux_joc:auto_generated|_~16             ; |dec4to16|lpm_mux:Mux13|mux_joc:auto_generated|_~16             ; out0             ;
; |dec4to16|lpm_mux:Mux13|mux_joc:auto_generated|_~17             ; |dec4to16|lpm_mux:Mux13|mux_joc:auto_generated|_~17             ; out0             ;
; |dec4to16|lpm_mux:Mux13|mux_joc:auto_generated|_~18             ; |dec4to16|lpm_mux:Mux13|mux_joc:auto_generated|_~18             ; out0             ;
; |dec4to16|lpm_mux:Mux13|mux_joc:auto_generated|_~23             ; |dec4to16|lpm_mux:Mux13|mux_joc:auto_generated|_~23             ; out0             ;
; |dec4to16|lpm_mux:Mux13|mux_joc:auto_generated|_~25             ; |dec4to16|lpm_mux:Mux13|mux_joc:auto_generated|_~25             ; out0             ;
; |dec4to16|lpm_mux:Mux13|mux_joc:auto_generated|_~28             ; |dec4to16|lpm_mux:Mux13|mux_joc:auto_generated|_~28             ; out0             ;
; |dec4to16|lpm_mux:Mux13|mux_joc:auto_generated|_~29             ; |dec4to16|lpm_mux:Mux13|mux_joc:auto_generated|_~29             ; out0             ;
; |dec4to16|lpm_mux:Mux13|mux_joc:auto_generated|_~30             ; |dec4to16|lpm_mux:Mux13|mux_joc:auto_generated|_~30             ; out0             ;
; |dec4to16|lpm_mux:Mux13|mux_joc:auto_generated|_~32             ; |dec4to16|lpm_mux:Mux13|mux_joc:auto_generated|_~32             ; out0             ;
; |dec4to16|lpm_mux:Mux13|mux_joc:auto_generated|_~34             ; |dec4to16|lpm_mux:Mux13|mux_joc:auto_generated|_~34             ; out0             ;
; |dec4to16|lpm_mux:Mux13|mux_joc:auto_generated|_~37             ; |dec4to16|lpm_mux:Mux13|mux_joc:auto_generated|_~37             ; out0             ;
; |dec4to16|lpm_mux:Mux13|mux_joc:auto_generated|_~38             ; |dec4to16|lpm_mux:Mux13|mux_joc:auto_generated|_~38             ; out0             ;
; |dec4to16|lpm_mux:Mux13|mux_joc:auto_generated|_~39             ; |dec4to16|lpm_mux:Mux13|mux_joc:auto_generated|_~39             ; out0             ;
; |dec4to16|lpm_mux:Mux13|mux_joc:auto_generated|_~40             ; |dec4to16|lpm_mux:Mux13|mux_joc:auto_generated|_~40             ; out0             ;
; |dec4to16|lpm_mux:Mux13|mux_joc:auto_generated|_~41             ; |dec4to16|lpm_mux:Mux13|mux_joc:auto_generated|_~41             ; out0             ;
; |dec4to16|lpm_mux:Mux13|mux_joc:auto_generated|_~42             ; |dec4to16|lpm_mux:Mux13|mux_joc:auto_generated|_~42             ; out0             ;
; |dec4to16|lpm_mux:Mux13|mux_joc:auto_generated|_~44             ; |dec4to16|lpm_mux:Mux13|mux_joc:auto_generated|_~44             ; out0             ;
; |dec4to16|lpm_mux:Mux13|mux_joc:auto_generated|_~45             ; |dec4to16|lpm_mux:Mux13|mux_joc:auto_generated|_~45             ; out0             ;
; |dec4to16|lpm_mux:Mux13|mux_joc:auto_generated|_~46             ; |dec4to16|lpm_mux:Mux13|mux_joc:auto_generated|_~46             ; out0             ;
; |dec4to16|lpm_mux:Mux13|mux_joc:auto_generated|_~48             ; |dec4to16|lpm_mux:Mux13|mux_joc:auto_generated|_~48             ; out0             ;
; |dec4to16|lpm_mux:Mux13|mux_joc:auto_generated|_~50             ; |dec4to16|lpm_mux:Mux13|mux_joc:auto_generated|_~50             ; out0             ;
; |dec4to16|lpm_mux:Mux13|mux_joc:auto_generated|_~52             ; |dec4to16|lpm_mux:Mux13|mux_joc:auto_generated|_~52             ; out0             ;
; |dec4to16|lpm_mux:Mux13|mux_joc:auto_generated|_~53             ; |dec4to16|lpm_mux:Mux13|mux_joc:auto_generated|_~53             ; out0             ;
; |dec4to16|lpm_mux:Mux13|mux_joc:auto_generated|_~54             ; |dec4to16|lpm_mux:Mux13|mux_joc:auto_generated|_~54             ; out0             ;
; |dec4to16|lpm_mux:Mux13|mux_joc:auto_generated|_~55             ; |dec4to16|lpm_mux:Mux13|mux_joc:auto_generated|_~55             ; out0             ;
; |dec4to16|lpm_mux:Mux13|mux_joc:auto_generated|_~57             ; |dec4to16|lpm_mux:Mux13|mux_joc:auto_generated|_~57             ; out0             ;
; |dec4to16|lpm_mux:Mux13|mux_joc:auto_generated|_~59             ; |dec4to16|lpm_mux:Mux13|mux_joc:auto_generated|_~59             ; out0             ;
; |dec4to16|lpm_mux:Mux13|mux_joc:auto_generated|_~61             ; |dec4to16|lpm_mux:Mux13|mux_joc:auto_generated|_~61             ; out0             ;
; |dec4to16|lpm_mux:Mux13|mux_joc:auto_generated|_~62             ; |dec4to16|lpm_mux:Mux13|mux_joc:auto_generated|_~62             ; out0             ;
; |dec4to16|lpm_mux:Mux13|mux_joc:auto_generated|_~63             ; |dec4to16|lpm_mux:Mux13|mux_joc:auto_generated|_~63             ; out0             ;
; |dec4to16|lpm_mux:Mux13|mux_joc:auto_generated|_~64             ; |dec4to16|lpm_mux:Mux13|mux_joc:auto_generated|_~64             ; out0             ;
; |dec4to16|lpm_mux:Mux13|mux_joc:auto_generated|_~65             ; |dec4to16|lpm_mux:Mux13|mux_joc:auto_generated|_~65             ; out0             ;
; |dec4to16|lpm_mux:Mux13|mux_joc:auto_generated|_~68             ; |dec4to16|lpm_mux:Mux13|mux_joc:auto_generated|_~68             ; out0             ;
; |dec4to16|lpm_mux:Mux13|mux_joc:auto_generated|_~70             ; |dec4to16|lpm_mux:Mux13|mux_joc:auto_generated|_~70             ; out0             ;
; |dec4to16|lpm_mux:Mux13|mux_joc:auto_generated|_~71             ; |dec4to16|lpm_mux:Mux13|mux_joc:auto_generated|_~71             ; out0             ;
; |dec4to16|lpm_mux:Mux13|mux_joc:auto_generated|_~73             ; |dec4to16|lpm_mux:Mux13|mux_joc:auto_generated|_~73             ; out0             ;
; |dec4to16|lpm_mux:Mux13|mux_joc:auto_generated|_~75             ; |dec4to16|lpm_mux:Mux13|mux_joc:auto_generated|_~75             ; out0             ;
; |dec4to16|lpm_mux:Mux13|mux_joc:auto_generated|_~78             ; |dec4to16|lpm_mux:Mux13|mux_joc:auto_generated|_~78             ; out0             ;
; |dec4to16|lpm_mux:Mux13|mux_joc:auto_generated|_~79             ; |dec4to16|lpm_mux:Mux13|mux_joc:auto_generated|_~79             ; out0             ;
; |dec4to16|lpm_mux:Mux13|mux_joc:auto_generated|_~80             ; |dec4to16|lpm_mux:Mux13|mux_joc:auto_generated|_~80             ; out0             ;
; |dec4to16|lpm_mux:Mux13|mux_joc:auto_generated|_~82             ; |dec4to16|lpm_mux:Mux13|mux_joc:auto_generated|_~82             ; out0             ;
; |dec4to16|lpm_mux:Mux13|mux_joc:auto_generated|_~84             ; |dec4to16|lpm_mux:Mux13|mux_joc:auto_generated|_~84             ; out0             ;
; |dec4to16|lpm_mux:Mux13|mux_joc:auto_generated|_~87             ; |dec4to16|lpm_mux:Mux13|mux_joc:auto_generated|_~87             ; out0             ;
; |dec4to16|lpm_mux:Mux13|mux_joc:auto_generated|_~88             ; |dec4to16|lpm_mux:Mux13|mux_joc:auto_generated|_~88             ; out0             ;
; |dec4to16|lpm_mux:Mux13|mux_joc:auto_generated|_~89             ; |dec4to16|lpm_mux:Mux13|mux_joc:auto_generated|_~89             ; out0             ;
; |dec4to16|lpm_mux:Mux13|mux_joc:auto_generated|_~90             ; |dec4to16|lpm_mux:Mux13|mux_joc:auto_generated|_~90             ; out0             ;
; |dec4to16|lpm_mux:Mux13|mux_joc:auto_generated|_~91             ; |dec4to16|lpm_mux:Mux13|mux_joc:auto_generated|_~91             ; out0             ;
; |dec4to16|lpm_mux:Mux13|mux_joc:auto_generated|_~92             ; |dec4to16|lpm_mux:Mux13|mux_joc:auto_generated|_~92             ; out0             ;
; |dec4to16|lpm_mux:Mux13|mux_joc:auto_generated|_~94             ; |dec4to16|lpm_mux:Mux13|mux_joc:auto_generated|_~94             ; out0             ;
; |dec4to16|lpm_mux:Mux13|mux_joc:auto_generated|_~95             ; |dec4to16|lpm_mux:Mux13|mux_joc:auto_generated|_~95             ; out0             ;
; |dec4to16|lpm_mux:Mux13|mux_joc:auto_generated|_~96             ; |dec4to16|lpm_mux:Mux13|mux_joc:auto_generated|_~96             ; out0             ;
; |dec4to16|lpm_mux:Mux13|mux_joc:auto_generated|_~98             ; |dec4to16|lpm_mux:Mux13|mux_joc:auto_generated|_~98             ; out0             ;
; |dec4to16|lpm_mux:Mux13|mux_joc:auto_generated|_~100            ; |dec4to16|lpm_mux:Mux13|mux_joc:auto_generated|_~100            ; out0             ;
; |dec4to16|lpm_mux:Mux13|mux_joc:auto_generated|_~102            ; |dec4to16|lpm_mux:Mux13|mux_joc:auto_generated|_~102            ; out0             ;
; |dec4to16|lpm_mux:Mux13|mux_joc:auto_generated|_~103            ; |dec4to16|lpm_mux:Mux13|mux_joc:auto_generated|_~103            ; out0             ;
; |dec4to16|lpm_mux:Mux13|mux_joc:auto_generated|_~104            ; |dec4to16|lpm_mux:Mux13|mux_joc:auto_generated|_~104            ; out0             ;
; |dec4to16|lpm_mux:Mux13|mux_joc:auto_generated|_~105            ; |dec4to16|lpm_mux:Mux13|mux_joc:auto_generated|_~105            ; out0             ;
; |dec4to16|lpm_mux:Mux13|mux_joc:auto_generated|_~107            ; |dec4to16|lpm_mux:Mux13|mux_joc:auto_generated|_~107            ; out0             ;
; |dec4to16|lpm_mux:Mux13|mux_joc:auto_generated|_~109            ; |dec4to16|lpm_mux:Mux13|mux_joc:auto_generated|_~109            ; out0             ;
; |dec4to16|lpm_mux:Mux13|mux_joc:auto_generated|_~111            ; |dec4to16|lpm_mux:Mux13|mux_joc:auto_generated|_~111            ; out0             ;
; |dec4to16|lpm_mux:Mux13|mux_joc:auto_generated|_~112            ; |dec4to16|lpm_mux:Mux13|mux_joc:auto_generated|_~112            ; out0             ;
; |dec4to16|lpm_mux:Mux13|mux_joc:auto_generated|_~113            ; |dec4to16|lpm_mux:Mux13|mux_joc:auto_generated|_~113            ; out0             ;
; |dec4to16|lpm_mux:Mux13|mux_joc:auto_generated|_~114            ; |dec4to16|lpm_mux:Mux13|mux_joc:auto_generated|_~114            ; out0             ;
; |dec4to16|lpm_mux:Mux13|mux_joc:auto_generated|_~115            ; |dec4to16|lpm_mux:Mux13|mux_joc:auto_generated|_~115            ; out0             ;
; |dec4to16|lpm_mux:Mux13|mux_joc:auto_generated|_~118            ; |dec4to16|lpm_mux:Mux13|mux_joc:auto_generated|_~118            ; out0             ;
; |dec4to16|lpm_mux:Mux13|mux_joc:auto_generated|_~120            ; |dec4to16|lpm_mux:Mux13|mux_joc:auto_generated|_~120            ; out0             ;
; |dec4to16|lpm_mux:Mux13|mux_joc:auto_generated|_~122            ; |dec4to16|lpm_mux:Mux13|mux_joc:auto_generated|_~122            ; out0             ;
; |dec4to16|lpm_mux:Mux13|mux_joc:auto_generated|_~124            ; |dec4to16|lpm_mux:Mux13|mux_joc:auto_generated|_~124            ; out0             ;
; |dec4to16|lpm_mux:Mux13|mux_joc:auto_generated|_~126            ; |dec4to16|lpm_mux:Mux13|mux_joc:auto_generated|_~126            ; out0             ;
; |dec4to16|lpm_mux:Mux13|mux_joc:auto_generated|_~127            ; |dec4to16|lpm_mux:Mux13|mux_joc:auto_generated|_~127            ; out0             ;
; |dec4to16|lpm_mux:Mux13|mux_joc:auto_generated|_~128            ; |dec4to16|lpm_mux:Mux13|mux_joc:auto_generated|_~128            ; out0             ;
; |dec4to16|lpm_mux:Mux13|mux_joc:auto_generated|_~129            ; |dec4to16|lpm_mux:Mux13|mux_joc:auto_generated|_~129            ; out0             ;
; |dec4to16|lpm_mux:Mux13|mux_joc:auto_generated|_~131            ; |dec4to16|lpm_mux:Mux13|mux_joc:auto_generated|_~131            ; out0             ;
; |dec4to16|lpm_mux:Mux13|mux_joc:auto_generated|_~133            ; |dec4to16|lpm_mux:Mux13|mux_joc:auto_generated|_~133            ; out0             ;
; |dec4to16|lpm_mux:Mux13|mux_joc:auto_generated|_~135            ; |dec4to16|lpm_mux:Mux13|mux_joc:auto_generated|_~135            ; out0             ;
; |dec4to16|lpm_mux:Mux13|mux_joc:auto_generated|_~136            ; |dec4to16|lpm_mux:Mux13|mux_joc:auto_generated|_~136            ; out0             ;
; |dec4to16|lpm_mux:Mux13|mux_joc:auto_generated|_~137            ; |dec4to16|lpm_mux:Mux13|mux_joc:auto_generated|_~137            ; out0             ;
; |dec4to16|lpm_mux:Mux13|mux_joc:auto_generated|_~138            ; |dec4to16|lpm_mux:Mux13|mux_joc:auto_generated|_~138            ; out0             ;
; |dec4to16|lpm_mux:Mux13|mux_joc:auto_generated|_~139            ; |dec4to16|lpm_mux:Mux13|mux_joc:auto_generated|_~139            ; out0             ;
; |dec4to16|lpm_mux:Mux13|mux_joc:auto_generated|_~142            ; |dec4to16|lpm_mux:Mux13|mux_joc:auto_generated|_~142            ; out0             ;
; |dec4to16|lpm_mux:Mux13|mux_joc:auto_generated|_~143            ; |dec4to16|lpm_mux:Mux13|mux_joc:auto_generated|_~143            ; out0             ;
; |dec4to16|lpm_mux:Mux13|mux_joc:auto_generated|result_node[0]~1 ; |dec4to16|lpm_mux:Mux13|mux_joc:auto_generated|result_node[0]~1 ; out0             ;
; |dec4to16|lpm_mux:Mux13|mux_joc:auto_generated|result_node[0]   ; |dec4to16|lpm_mux:Mux13|mux_joc:auto_generated|result_node[0]   ; out0             ;
; |dec4to16|lpm_mux:Mux12|mux_joc:auto_generated|_~1              ; |dec4to16|lpm_mux:Mux12|mux_joc:auto_generated|_~1              ; out0             ;
; |dec4to16|lpm_mux:Mux12|mux_joc:auto_generated|_~3              ; |dec4to16|lpm_mux:Mux12|mux_joc:auto_generated|_~3              ; out0             ;
; |dec4to16|lpm_mux:Mux12|mux_joc:auto_generated|_~5              ; |dec4to16|lpm_mux:Mux12|mux_joc:auto_generated|_~5              ; out0             ;
; |dec4to16|lpm_mux:Mux12|mux_joc:auto_generated|_~6              ; |dec4to16|lpm_mux:Mux12|mux_joc:auto_generated|_~6              ; out0             ;
; |dec4to16|lpm_mux:Mux12|mux_joc:auto_generated|_~7              ; |dec4to16|lpm_mux:Mux12|mux_joc:auto_generated|_~7              ; out0             ;
; |dec4to16|lpm_mux:Mux12|mux_joc:auto_generated|_~8              ; |dec4to16|lpm_mux:Mux12|mux_joc:auto_generated|_~8              ; out0             ;
; |dec4to16|lpm_mux:Mux12|mux_joc:auto_generated|_~10             ; |dec4to16|lpm_mux:Mux12|mux_joc:auto_generated|_~10             ; out0             ;
; |dec4to16|lpm_mux:Mux12|mux_joc:auto_generated|_~12             ; |dec4to16|lpm_mux:Mux12|mux_joc:auto_generated|_~12             ; out0             ;
; |dec4to16|lpm_mux:Mux12|mux_joc:auto_generated|_~14             ; |dec4to16|lpm_mux:Mux12|mux_joc:auto_generated|_~14             ; out0             ;
; |dec4to16|lpm_mux:Mux12|mux_joc:auto_generated|_~15             ; |dec4to16|lpm_mux:Mux12|mux_joc:auto_generated|_~15             ; out0             ;
; |dec4to16|lpm_mux:Mux12|mux_joc:auto_generated|_~16             ; |dec4to16|lpm_mux:Mux12|mux_joc:auto_generated|_~16             ; out0             ;
; |dec4to16|lpm_mux:Mux12|mux_joc:auto_generated|_~17             ; |dec4to16|lpm_mux:Mux12|mux_joc:auto_generated|_~17             ; out0             ;
; |dec4to16|lpm_mux:Mux12|mux_joc:auto_generated|_~18             ; |dec4to16|lpm_mux:Mux12|mux_joc:auto_generated|_~18             ; out0             ;
; |dec4to16|lpm_mux:Mux12|mux_joc:auto_generated|_~23             ; |dec4to16|lpm_mux:Mux12|mux_joc:auto_generated|_~23             ; out0             ;
; |dec4to16|lpm_mux:Mux12|mux_joc:auto_generated|_~25             ; |dec4to16|lpm_mux:Mux12|mux_joc:auto_generated|_~25             ; out0             ;
; |dec4to16|lpm_mux:Mux12|mux_joc:auto_generated|_~27             ; |dec4to16|lpm_mux:Mux12|mux_joc:auto_generated|_~27             ; out0             ;
; |dec4to16|lpm_mux:Mux12|mux_joc:auto_generated|_~28             ; |dec4to16|lpm_mux:Mux12|mux_joc:auto_generated|_~28             ; out0             ;
; |dec4to16|lpm_mux:Mux12|mux_joc:auto_generated|_~29             ; |dec4to16|lpm_mux:Mux12|mux_joc:auto_generated|_~29             ; out0             ;
; |dec4to16|lpm_mux:Mux12|mux_joc:auto_generated|_~30             ; |dec4to16|lpm_mux:Mux12|mux_joc:auto_generated|_~30             ; out0             ;
; |dec4to16|lpm_mux:Mux12|mux_joc:auto_generated|_~32             ; |dec4to16|lpm_mux:Mux12|mux_joc:auto_generated|_~32             ; out0             ;
; |dec4to16|lpm_mux:Mux12|mux_joc:auto_generated|_~34             ; |dec4to16|lpm_mux:Mux12|mux_joc:auto_generated|_~34             ; out0             ;
; |dec4to16|lpm_mux:Mux12|mux_joc:auto_generated|_~36             ; |dec4to16|lpm_mux:Mux12|mux_joc:auto_generated|_~36             ; out0             ;
; |dec4to16|lpm_mux:Mux12|mux_joc:auto_generated|_~37             ; |dec4to16|lpm_mux:Mux12|mux_joc:auto_generated|_~37             ; out0             ;
; |dec4to16|lpm_mux:Mux12|mux_joc:auto_generated|_~38             ; |dec4to16|lpm_mux:Mux12|mux_joc:auto_generated|_~38             ; out0             ;
; |dec4to16|lpm_mux:Mux12|mux_joc:auto_generated|_~39             ; |dec4to16|lpm_mux:Mux12|mux_joc:auto_generated|_~39             ; out0             ;
; |dec4to16|lpm_mux:Mux12|mux_joc:auto_generated|_~41             ; |dec4to16|lpm_mux:Mux12|mux_joc:auto_generated|_~41             ; out0             ;
; |dec4to16|lpm_mux:Mux12|mux_joc:auto_generated|_~42             ; |dec4to16|lpm_mux:Mux12|mux_joc:auto_generated|_~42             ; out0             ;
; |dec4to16|lpm_mux:Mux12|mux_joc:auto_generated|_~44             ; |dec4to16|lpm_mux:Mux12|mux_joc:auto_generated|_~44             ; out0             ;
; |dec4to16|lpm_mux:Mux12|mux_joc:auto_generated|_~45             ; |dec4to16|lpm_mux:Mux12|mux_joc:auto_generated|_~45             ; out0             ;
; |dec4to16|lpm_mux:Mux12|mux_joc:auto_generated|_~46             ; |dec4to16|lpm_mux:Mux12|mux_joc:auto_generated|_~46             ; out0             ;
; |dec4to16|lpm_mux:Mux12|mux_joc:auto_generated|_~48             ; |dec4to16|lpm_mux:Mux12|mux_joc:auto_generated|_~48             ; out0             ;
; |dec4to16|lpm_mux:Mux12|mux_joc:auto_generated|_~50             ; |dec4to16|lpm_mux:Mux12|mux_joc:auto_generated|_~50             ; out0             ;
; |dec4to16|lpm_mux:Mux12|mux_joc:auto_generated|_~52             ; |dec4to16|lpm_mux:Mux12|mux_joc:auto_generated|_~52             ; out0             ;
; |dec4to16|lpm_mux:Mux12|mux_joc:auto_generated|_~53             ; |dec4to16|lpm_mux:Mux12|mux_joc:auto_generated|_~53             ; out0             ;
; |dec4to16|lpm_mux:Mux12|mux_joc:auto_generated|_~54             ; |dec4to16|lpm_mux:Mux12|mux_joc:auto_generated|_~54             ; out0             ;
; |dec4to16|lpm_mux:Mux12|mux_joc:auto_generated|_~55             ; |dec4to16|lpm_mux:Mux12|mux_joc:auto_generated|_~55             ; out0             ;
; |dec4to16|lpm_mux:Mux12|mux_joc:auto_generated|_~57             ; |dec4to16|lpm_mux:Mux12|mux_joc:auto_generated|_~57             ; out0             ;
; |dec4to16|lpm_mux:Mux12|mux_joc:auto_generated|_~59             ; |dec4to16|lpm_mux:Mux12|mux_joc:auto_generated|_~59             ; out0             ;
; |dec4to16|lpm_mux:Mux12|mux_joc:auto_generated|_~61             ; |dec4to16|lpm_mux:Mux12|mux_joc:auto_generated|_~61             ; out0             ;
; |dec4to16|lpm_mux:Mux12|mux_joc:auto_generated|_~62             ; |dec4to16|lpm_mux:Mux12|mux_joc:auto_generated|_~62             ; out0             ;
; |dec4to16|lpm_mux:Mux12|mux_joc:auto_generated|_~63             ; |dec4to16|lpm_mux:Mux12|mux_joc:auto_generated|_~63             ; out0             ;
; |dec4to16|lpm_mux:Mux12|mux_joc:auto_generated|_~64             ; |dec4to16|lpm_mux:Mux12|mux_joc:auto_generated|_~64             ; out0             ;
; |dec4to16|lpm_mux:Mux12|mux_joc:auto_generated|_~65             ; |dec4to16|lpm_mux:Mux12|mux_joc:auto_generated|_~65             ; out0             ;
; |dec4to16|lpm_mux:Mux12|mux_joc:auto_generated|_~68             ; |dec4to16|lpm_mux:Mux12|mux_joc:auto_generated|_~68             ; out0             ;
; |dec4to16|lpm_mux:Mux12|mux_joc:auto_generated|_~70             ; |dec4to16|lpm_mux:Mux12|mux_joc:auto_generated|_~70             ; out0             ;
; |dec4to16|lpm_mux:Mux12|mux_joc:auto_generated|_~71             ; |dec4to16|lpm_mux:Mux12|mux_joc:auto_generated|_~71             ; out0             ;
; |dec4to16|lpm_mux:Mux12|mux_joc:auto_generated|_~73             ; |dec4to16|lpm_mux:Mux12|mux_joc:auto_generated|_~73             ; out0             ;
; |dec4to16|lpm_mux:Mux12|mux_joc:auto_generated|_~75             ; |dec4to16|lpm_mux:Mux12|mux_joc:auto_generated|_~75             ; out0             ;
; |dec4to16|lpm_mux:Mux12|mux_joc:auto_generated|_~77             ; |dec4to16|lpm_mux:Mux12|mux_joc:auto_generated|_~77             ; out0             ;
; |dec4to16|lpm_mux:Mux12|mux_joc:auto_generated|_~78             ; |dec4to16|lpm_mux:Mux12|mux_joc:auto_generated|_~78             ; out0             ;
; |dec4to16|lpm_mux:Mux12|mux_joc:auto_generated|_~79             ; |dec4to16|lpm_mux:Mux12|mux_joc:auto_generated|_~79             ; out0             ;
; |dec4to16|lpm_mux:Mux12|mux_joc:auto_generated|_~80             ; |dec4to16|lpm_mux:Mux12|mux_joc:auto_generated|_~80             ; out0             ;
; |dec4to16|lpm_mux:Mux12|mux_joc:auto_generated|_~82             ; |dec4to16|lpm_mux:Mux12|mux_joc:auto_generated|_~82             ; out0             ;
; |dec4to16|lpm_mux:Mux12|mux_joc:auto_generated|_~84             ; |dec4to16|lpm_mux:Mux12|mux_joc:auto_generated|_~84             ; out0             ;
; |dec4to16|lpm_mux:Mux12|mux_joc:auto_generated|_~86             ; |dec4to16|lpm_mux:Mux12|mux_joc:auto_generated|_~86             ; out0             ;
; |dec4to16|lpm_mux:Mux12|mux_joc:auto_generated|_~87             ; |dec4to16|lpm_mux:Mux12|mux_joc:auto_generated|_~87             ; out0             ;
; |dec4to16|lpm_mux:Mux12|mux_joc:auto_generated|_~88             ; |dec4to16|lpm_mux:Mux12|mux_joc:auto_generated|_~88             ; out0             ;
; |dec4to16|lpm_mux:Mux12|mux_joc:auto_generated|_~89             ; |dec4to16|lpm_mux:Mux12|mux_joc:auto_generated|_~89             ; out0             ;
; |dec4to16|lpm_mux:Mux12|mux_joc:auto_generated|_~91             ; |dec4to16|lpm_mux:Mux12|mux_joc:auto_generated|_~91             ; out0             ;
; |dec4to16|lpm_mux:Mux12|mux_joc:auto_generated|_~92             ; |dec4to16|lpm_mux:Mux12|mux_joc:auto_generated|_~92             ; out0             ;
; |dec4to16|lpm_mux:Mux12|mux_joc:auto_generated|_~94             ; |dec4to16|lpm_mux:Mux12|mux_joc:auto_generated|_~94             ; out0             ;
; |dec4to16|lpm_mux:Mux12|mux_joc:auto_generated|_~95             ; |dec4to16|lpm_mux:Mux12|mux_joc:auto_generated|_~95             ; out0             ;
; |dec4to16|lpm_mux:Mux12|mux_joc:auto_generated|_~96             ; |dec4to16|lpm_mux:Mux12|mux_joc:auto_generated|_~96             ; out0             ;
; |dec4to16|lpm_mux:Mux12|mux_joc:auto_generated|_~98             ; |dec4to16|lpm_mux:Mux12|mux_joc:auto_generated|_~98             ; out0             ;
; |dec4to16|lpm_mux:Mux12|mux_joc:auto_generated|_~100            ; |dec4to16|lpm_mux:Mux12|mux_joc:auto_generated|_~100            ; out0             ;
; |dec4to16|lpm_mux:Mux12|mux_joc:auto_generated|_~102            ; |dec4to16|lpm_mux:Mux12|mux_joc:auto_generated|_~102            ; out0             ;
; |dec4to16|lpm_mux:Mux12|mux_joc:auto_generated|_~103            ; |dec4to16|lpm_mux:Mux12|mux_joc:auto_generated|_~103            ; out0             ;
; |dec4to16|lpm_mux:Mux12|mux_joc:auto_generated|_~104            ; |dec4to16|lpm_mux:Mux12|mux_joc:auto_generated|_~104            ; out0             ;
; |dec4to16|lpm_mux:Mux12|mux_joc:auto_generated|_~105            ; |dec4to16|lpm_mux:Mux12|mux_joc:auto_generated|_~105            ; out0             ;
; |dec4to16|lpm_mux:Mux12|mux_joc:auto_generated|_~107            ; |dec4to16|lpm_mux:Mux12|mux_joc:auto_generated|_~107            ; out0             ;
; |dec4to16|lpm_mux:Mux12|mux_joc:auto_generated|_~109            ; |dec4to16|lpm_mux:Mux12|mux_joc:auto_generated|_~109            ; out0             ;
; |dec4to16|lpm_mux:Mux12|mux_joc:auto_generated|_~111            ; |dec4to16|lpm_mux:Mux12|mux_joc:auto_generated|_~111            ; out0             ;
; |dec4to16|lpm_mux:Mux12|mux_joc:auto_generated|_~112            ; |dec4to16|lpm_mux:Mux12|mux_joc:auto_generated|_~112            ; out0             ;
; |dec4to16|lpm_mux:Mux12|mux_joc:auto_generated|_~113            ; |dec4to16|lpm_mux:Mux12|mux_joc:auto_generated|_~113            ; out0             ;
; |dec4to16|lpm_mux:Mux12|mux_joc:auto_generated|_~114            ; |dec4to16|lpm_mux:Mux12|mux_joc:auto_generated|_~114            ; out0             ;
; |dec4to16|lpm_mux:Mux12|mux_joc:auto_generated|_~115            ; |dec4to16|lpm_mux:Mux12|mux_joc:auto_generated|_~115            ; out0             ;
; |dec4to16|lpm_mux:Mux12|mux_joc:auto_generated|_~118            ; |dec4to16|lpm_mux:Mux12|mux_joc:auto_generated|_~118            ; out0             ;
; |dec4to16|lpm_mux:Mux12|mux_joc:auto_generated|_~120            ; |dec4to16|lpm_mux:Mux12|mux_joc:auto_generated|_~120            ; out0             ;
; |dec4to16|lpm_mux:Mux12|mux_joc:auto_generated|_~122            ; |dec4to16|lpm_mux:Mux12|mux_joc:auto_generated|_~122            ; out0             ;
; |dec4to16|lpm_mux:Mux12|mux_joc:auto_generated|_~124            ; |dec4to16|lpm_mux:Mux12|mux_joc:auto_generated|_~124            ; out0             ;
; |dec4to16|lpm_mux:Mux12|mux_joc:auto_generated|_~126            ; |dec4to16|lpm_mux:Mux12|mux_joc:auto_generated|_~126            ; out0             ;
; |dec4to16|lpm_mux:Mux12|mux_joc:auto_generated|_~127            ; |dec4to16|lpm_mux:Mux12|mux_joc:auto_generated|_~127            ; out0             ;
; |dec4to16|lpm_mux:Mux12|mux_joc:auto_generated|_~128            ; |dec4to16|lpm_mux:Mux12|mux_joc:auto_generated|_~128            ; out0             ;
; |dec4to16|lpm_mux:Mux12|mux_joc:auto_generated|_~129            ; |dec4to16|lpm_mux:Mux12|mux_joc:auto_generated|_~129            ; out0             ;
; |dec4to16|lpm_mux:Mux12|mux_joc:auto_generated|_~131            ; |dec4to16|lpm_mux:Mux12|mux_joc:auto_generated|_~131            ; out0             ;
; |dec4to16|lpm_mux:Mux12|mux_joc:auto_generated|_~133            ; |dec4to16|lpm_mux:Mux12|mux_joc:auto_generated|_~133            ; out0             ;
; |dec4to16|lpm_mux:Mux12|mux_joc:auto_generated|_~135            ; |dec4to16|lpm_mux:Mux12|mux_joc:auto_generated|_~135            ; out0             ;
; |dec4to16|lpm_mux:Mux12|mux_joc:auto_generated|_~136            ; |dec4to16|lpm_mux:Mux12|mux_joc:auto_generated|_~136            ; out0             ;
; |dec4to16|lpm_mux:Mux12|mux_joc:auto_generated|_~137            ; |dec4to16|lpm_mux:Mux12|mux_joc:auto_generated|_~137            ; out0             ;
; |dec4to16|lpm_mux:Mux12|mux_joc:auto_generated|_~138            ; |dec4to16|lpm_mux:Mux12|mux_joc:auto_generated|_~138            ; out0             ;
; |dec4to16|lpm_mux:Mux12|mux_joc:auto_generated|_~139            ; |dec4to16|lpm_mux:Mux12|mux_joc:auto_generated|_~139            ; out0             ;
; |dec4to16|lpm_mux:Mux12|mux_joc:auto_generated|_~142            ; |dec4to16|lpm_mux:Mux12|mux_joc:auto_generated|_~142            ; out0             ;
; |dec4to16|lpm_mux:Mux12|mux_joc:auto_generated|_~143            ; |dec4to16|lpm_mux:Mux12|mux_joc:auto_generated|_~143            ; out0             ;
; |dec4to16|lpm_mux:Mux12|mux_joc:auto_generated|result_node[0]~1 ; |dec4to16|lpm_mux:Mux12|mux_joc:auto_generated|result_node[0]~1 ; out0             ;
; |dec4to16|lpm_mux:Mux12|mux_joc:auto_generated|result_node[0]   ; |dec4to16|lpm_mux:Mux12|mux_joc:auto_generated|result_node[0]   ; out0             ;
; |dec4to16|lpm_mux:Mux11|mux_joc:auto_generated|_~1              ; |dec4to16|lpm_mux:Mux11|mux_joc:auto_generated|_~1              ; out0             ;
; |dec4to16|lpm_mux:Mux11|mux_joc:auto_generated|_~2              ; |dec4to16|lpm_mux:Mux11|mux_joc:auto_generated|_~2              ; out0             ;
; |dec4to16|lpm_mux:Mux11|mux_joc:auto_generated|_~3              ; |dec4to16|lpm_mux:Mux11|mux_joc:auto_generated|_~3              ; out0             ;
; |dec4to16|lpm_mux:Mux11|mux_joc:auto_generated|_~4              ; |dec4to16|lpm_mux:Mux11|mux_joc:auto_generated|_~4              ; out0             ;
; |dec4to16|lpm_mux:Mux11|mux_joc:auto_generated|_~5              ; |dec4to16|lpm_mux:Mux11|mux_joc:auto_generated|_~5              ; out0             ;
; |dec4to16|lpm_mux:Mux11|mux_joc:auto_generated|_~6              ; |dec4to16|lpm_mux:Mux11|mux_joc:auto_generated|_~6              ; out0             ;
; |dec4to16|lpm_mux:Mux11|mux_joc:auto_generated|_~7              ; |dec4to16|lpm_mux:Mux11|mux_joc:auto_generated|_~7              ; out0             ;
; |dec4to16|lpm_mux:Mux11|mux_joc:auto_generated|_~8              ; |dec4to16|lpm_mux:Mux11|mux_joc:auto_generated|_~8              ; out0             ;
; |dec4to16|lpm_mux:Mux11|mux_joc:auto_generated|_~10             ; |dec4to16|lpm_mux:Mux11|mux_joc:auto_generated|_~10             ; out0             ;
; |dec4to16|lpm_mux:Mux11|mux_joc:auto_generated|_~11             ; |dec4to16|lpm_mux:Mux11|mux_joc:auto_generated|_~11             ; out0             ;
; |dec4to16|lpm_mux:Mux11|mux_joc:auto_generated|_~12             ; |dec4to16|lpm_mux:Mux11|mux_joc:auto_generated|_~12             ; out0             ;
; |dec4to16|lpm_mux:Mux11|mux_joc:auto_generated|_~13             ; |dec4to16|lpm_mux:Mux11|mux_joc:auto_generated|_~13             ; out0             ;
; |dec4to16|lpm_mux:Mux11|mux_joc:auto_generated|_~14             ; |dec4to16|lpm_mux:Mux11|mux_joc:auto_generated|_~14             ; out0             ;
; |dec4to16|lpm_mux:Mux11|mux_joc:auto_generated|_~15             ; |dec4to16|lpm_mux:Mux11|mux_joc:auto_generated|_~15             ; out0             ;
; |dec4to16|lpm_mux:Mux11|mux_joc:auto_generated|_~16             ; |dec4to16|lpm_mux:Mux11|mux_joc:auto_generated|_~16             ; out0             ;
; |dec4to16|lpm_mux:Mux11|mux_joc:auto_generated|_~17             ; |dec4to16|lpm_mux:Mux11|mux_joc:auto_generated|_~17             ; out0             ;
; |dec4to16|lpm_mux:Mux11|mux_joc:auto_generated|_~18             ; |dec4to16|lpm_mux:Mux11|mux_joc:auto_generated|_~18             ; out0             ;
; |dec4to16|lpm_mux:Mux11|mux_joc:auto_generated|_~19             ; |dec4to16|lpm_mux:Mux11|mux_joc:auto_generated|_~19             ; out0             ;
; |dec4to16|lpm_mux:Mux11|mux_joc:auto_generated|_~20             ; |dec4to16|lpm_mux:Mux11|mux_joc:auto_generated|_~20             ; out0             ;
; |dec4to16|lpm_mux:Mux11|mux_joc:auto_generated|_~21             ; |dec4to16|lpm_mux:Mux11|mux_joc:auto_generated|_~21             ; out0             ;
; |dec4to16|lpm_mux:Mux11|mux_joc:auto_generated|_~23             ; |dec4to16|lpm_mux:Mux11|mux_joc:auto_generated|_~23             ; out0             ;
; |dec4to16|lpm_mux:Mux11|mux_joc:auto_generated|_~25             ; |dec4to16|lpm_mux:Mux11|mux_joc:auto_generated|_~25             ; out0             ;
; |dec4to16|lpm_mux:Mux11|mux_joc:auto_generated|_~27             ; |dec4to16|lpm_mux:Mux11|mux_joc:auto_generated|_~27             ; out0             ;
; |dec4to16|lpm_mux:Mux11|mux_joc:auto_generated|_~28             ; |dec4to16|lpm_mux:Mux11|mux_joc:auto_generated|_~28             ; out0             ;
; |dec4to16|lpm_mux:Mux11|mux_joc:auto_generated|_~29             ; |dec4to16|lpm_mux:Mux11|mux_joc:auto_generated|_~29             ; out0             ;
; |dec4to16|lpm_mux:Mux11|mux_joc:auto_generated|_~30             ; |dec4to16|lpm_mux:Mux11|mux_joc:auto_generated|_~30             ; out0             ;
; |dec4to16|lpm_mux:Mux11|mux_joc:auto_generated|_~32             ; |dec4to16|lpm_mux:Mux11|mux_joc:auto_generated|_~32             ; out0             ;
; |dec4to16|lpm_mux:Mux11|mux_joc:auto_generated|_~34             ; |dec4to16|lpm_mux:Mux11|mux_joc:auto_generated|_~34             ; out0             ;
; |dec4to16|lpm_mux:Mux11|mux_joc:auto_generated|_~36             ; |dec4to16|lpm_mux:Mux11|mux_joc:auto_generated|_~36             ; out0             ;
; |dec4to16|lpm_mux:Mux11|mux_joc:auto_generated|_~37             ; |dec4to16|lpm_mux:Mux11|mux_joc:auto_generated|_~37             ; out0             ;
; |dec4to16|lpm_mux:Mux11|mux_joc:auto_generated|_~38             ; |dec4to16|lpm_mux:Mux11|mux_joc:auto_generated|_~38             ; out0             ;
; |dec4to16|lpm_mux:Mux11|mux_joc:auto_generated|_~39             ; |dec4to16|lpm_mux:Mux11|mux_joc:auto_generated|_~39             ; out0             ;
; |dec4to16|lpm_mux:Mux11|mux_joc:auto_generated|_~40             ; |dec4to16|lpm_mux:Mux11|mux_joc:auto_generated|_~40             ; out0             ;
; |dec4to16|lpm_mux:Mux11|mux_joc:auto_generated|_~45             ; |dec4to16|lpm_mux:Mux11|mux_joc:auto_generated|_~45             ; out0             ;
; |dec4to16|lpm_mux:Mux11|mux_joc:auto_generated|_~48             ; |dec4to16|lpm_mux:Mux11|mux_joc:auto_generated|_~48             ; out0             ;
; |dec4to16|lpm_mux:Mux11|mux_joc:auto_generated|_~50             ; |dec4to16|lpm_mux:Mux11|mux_joc:auto_generated|_~50             ; out0             ;
; |dec4to16|lpm_mux:Mux11|mux_joc:auto_generated|_~52             ; |dec4to16|lpm_mux:Mux11|mux_joc:auto_generated|_~52             ; out0             ;
; |dec4to16|lpm_mux:Mux11|mux_joc:auto_generated|_~53             ; |dec4to16|lpm_mux:Mux11|mux_joc:auto_generated|_~53             ; out0             ;
; |dec4to16|lpm_mux:Mux11|mux_joc:auto_generated|_~54             ; |dec4to16|lpm_mux:Mux11|mux_joc:auto_generated|_~54             ; out0             ;
; |dec4to16|lpm_mux:Mux11|mux_joc:auto_generated|_~55             ; |dec4to16|lpm_mux:Mux11|mux_joc:auto_generated|_~55             ; out0             ;
; |dec4to16|lpm_mux:Mux11|mux_joc:auto_generated|_~57             ; |dec4to16|lpm_mux:Mux11|mux_joc:auto_generated|_~57             ; out0             ;
; |dec4to16|lpm_mux:Mux11|mux_joc:auto_generated|_~59             ; |dec4to16|lpm_mux:Mux11|mux_joc:auto_generated|_~59             ; out0             ;
; |dec4to16|lpm_mux:Mux11|mux_joc:auto_generated|_~61             ; |dec4to16|lpm_mux:Mux11|mux_joc:auto_generated|_~61             ; out0             ;
; |dec4to16|lpm_mux:Mux11|mux_joc:auto_generated|_~62             ; |dec4to16|lpm_mux:Mux11|mux_joc:auto_generated|_~62             ; out0             ;
; |dec4to16|lpm_mux:Mux11|mux_joc:auto_generated|_~63             ; |dec4to16|lpm_mux:Mux11|mux_joc:auto_generated|_~63             ; out0             ;
; |dec4to16|lpm_mux:Mux11|mux_joc:auto_generated|_~64             ; |dec4to16|lpm_mux:Mux11|mux_joc:auto_generated|_~64             ; out0             ;
; |dec4to16|lpm_mux:Mux11|mux_joc:auto_generated|_~65             ; |dec4to16|lpm_mux:Mux11|mux_joc:auto_generated|_~65             ; out0             ;
; |dec4to16|lpm_mux:Mux11|mux_joc:auto_generated|_~68             ; |dec4to16|lpm_mux:Mux11|mux_joc:auto_generated|_~68             ; out0             ;
; |dec4to16|lpm_mux:Mux11|mux_joc:auto_generated|result_node[0]~0 ; |dec4to16|lpm_mux:Mux11|mux_joc:auto_generated|result_node[0]~0 ; out0             ;
; |dec4to16|lpm_mux:Mux11|mux_joc:auto_generated|_~73             ; |dec4to16|lpm_mux:Mux11|mux_joc:auto_generated|_~73             ; out0             ;
; |dec4to16|lpm_mux:Mux11|mux_joc:auto_generated|_~75             ; |dec4to16|lpm_mux:Mux11|mux_joc:auto_generated|_~75             ; out0             ;
; |dec4to16|lpm_mux:Mux11|mux_joc:auto_generated|_~77             ; |dec4to16|lpm_mux:Mux11|mux_joc:auto_generated|_~77             ; out0             ;
; |dec4to16|lpm_mux:Mux11|mux_joc:auto_generated|_~78             ; |dec4to16|lpm_mux:Mux11|mux_joc:auto_generated|_~78             ; out0             ;
; |dec4to16|lpm_mux:Mux11|mux_joc:auto_generated|_~79             ; |dec4to16|lpm_mux:Mux11|mux_joc:auto_generated|_~79             ; out0             ;
; |dec4to16|lpm_mux:Mux11|mux_joc:auto_generated|_~80             ; |dec4to16|lpm_mux:Mux11|mux_joc:auto_generated|_~80             ; out0             ;
; |dec4to16|lpm_mux:Mux11|mux_joc:auto_generated|_~82             ; |dec4to16|lpm_mux:Mux11|mux_joc:auto_generated|_~82             ; out0             ;
; |dec4to16|lpm_mux:Mux11|mux_joc:auto_generated|_~84             ; |dec4to16|lpm_mux:Mux11|mux_joc:auto_generated|_~84             ; out0             ;
; |dec4to16|lpm_mux:Mux11|mux_joc:auto_generated|_~86             ; |dec4to16|lpm_mux:Mux11|mux_joc:auto_generated|_~86             ; out0             ;
; |dec4to16|lpm_mux:Mux11|mux_joc:auto_generated|_~87             ; |dec4to16|lpm_mux:Mux11|mux_joc:auto_generated|_~87             ; out0             ;
; |dec4to16|lpm_mux:Mux11|mux_joc:auto_generated|_~88             ; |dec4to16|lpm_mux:Mux11|mux_joc:auto_generated|_~88             ; out0             ;
; |dec4to16|lpm_mux:Mux11|mux_joc:auto_generated|_~89             ; |dec4to16|lpm_mux:Mux11|mux_joc:auto_generated|_~89             ; out0             ;
; |dec4to16|lpm_mux:Mux11|mux_joc:auto_generated|_~90             ; |dec4to16|lpm_mux:Mux11|mux_joc:auto_generated|_~90             ; out0             ;
; |dec4to16|lpm_mux:Mux11|mux_joc:auto_generated|_~95             ; |dec4to16|lpm_mux:Mux11|mux_joc:auto_generated|_~95             ; out0             ;
; |dec4to16|lpm_mux:Mux11|mux_joc:auto_generated|_~98             ; |dec4to16|lpm_mux:Mux11|mux_joc:auto_generated|_~98             ; out0             ;
; |dec4to16|lpm_mux:Mux11|mux_joc:auto_generated|_~100            ; |dec4to16|lpm_mux:Mux11|mux_joc:auto_generated|_~100            ; out0             ;
; |dec4to16|lpm_mux:Mux11|mux_joc:auto_generated|_~102            ; |dec4to16|lpm_mux:Mux11|mux_joc:auto_generated|_~102            ; out0             ;
; |dec4to16|lpm_mux:Mux11|mux_joc:auto_generated|_~103            ; |dec4to16|lpm_mux:Mux11|mux_joc:auto_generated|_~103            ; out0             ;
; |dec4to16|lpm_mux:Mux11|mux_joc:auto_generated|_~104            ; |dec4to16|lpm_mux:Mux11|mux_joc:auto_generated|_~104            ; out0             ;
; |dec4to16|lpm_mux:Mux11|mux_joc:auto_generated|_~105            ; |dec4to16|lpm_mux:Mux11|mux_joc:auto_generated|_~105            ; out0             ;
; |dec4to16|lpm_mux:Mux11|mux_joc:auto_generated|_~107            ; |dec4to16|lpm_mux:Mux11|mux_joc:auto_generated|_~107            ; out0             ;
; |dec4to16|lpm_mux:Mux11|mux_joc:auto_generated|_~109            ; |dec4to16|lpm_mux:Mux11|mux_joc:auto_generated|_~109            ; out0             ;
; |dec4to16|lpm_mux:Mux11|mux_joc:auto_generated|_~111            ; |dec4to16|lpm_mux:Mux11|mux_joc:auto_generated|_~111            ; out0             ;
; |dec4to16|lpm_mux:Mux11|mux_joc:auto_generated|_~112            ; |dec4to16|lpm_mux:Mux11|mux_joc:auto_generated|_~112            ; out0             ;
; |dec4to16|lpm_mux:Mux11|mux_joc:auto_generated|_~113            ; |dec4to16|lpm_mux:Mux11|mux_joc:auto_generated|_~113            ; out0             ;
; |dec4to16|lpm_mux:Mux11|mux_joc:auto_generated|_~114            ; |dec4to16|lpm_mux:Mux11|mux_joc:auto_generated|_~114            ; out0             ;
; |dec4to16|lpm_mux:Mux11|mux_joc:auto_generated|_~115            ; |dec4to16|lpm_mux:Mux11|mux_joc:auto_generated|_~115            ; out0             ;
; |dec4to16|lpm_mux:Mux11|mux_joc:auto_generated|_~118            ; |dec4to16|lpm_mux:Mux11|mux_joc:auto_generated|_~118            ; out0             ;
; |dec4to16|lpm_mux:Mux11|mux_joc:auto_generated|_~122            ; |dec4to16|lpm_mux:Mux11|mux_joc:auto_generated|_~122            ; out0             ;
; |dec4to16|lpm_mux:Mux11|mux_joc:auto_generated|_~124            ; |dec4to16|lpm_mux:Mux11|mux_joc:auto_generated|_~124            ; out0             ;
; |dec4to16|lpm_mux:Mux11|mux_joc:auto_generated|_~126            ; |dec4to16|lpm_mux:Mux11|mux_joc:auto_generated|_~126            ; out0             ;
; |dec4to16|lpm_mux:Mux11|mux_joc:auto_generated|_~127            ; |dec4to16|lpm_mux:Mux11|mux_joc:auto_generated|_~127            ; out0             ;
; |dec4to16|lpm_mux:Mux11|mux_joc:auto_generated|_~128            ; |dec4to16|lpm_mux:Mux11|mux_joc:auto_generated|_~128            ; out0             ;
; |dec4to16|lpm_mux:Mux11|mux_joc:auto_generated|_~129            ; |dec4to16|lpm_mux:Mux11|mux_joc:auto_generated|_~129            ; out0             ;
; |dec4to16|lpm_mux:Mux11|mux_joc:auto_generated|_~131            ; |dec4to16|lpm_mux:Mux11|mux_joc:auto_generated|_~131            ; out0             ;
; |dec4to16|lpm_mux:Mux11|mux_joc:auto_generated|_~133            ; |dec4to16|lpm_mux:Mux11|mux_joc:auto_generated|_~133            ; out0             ;
; |dec4to16|lpm_mux:Mux11|mux_joc:auto_generated|_~135            ; |dec4to16|lpm_mux:Mux11|mux_joc:auto_generated|_~135            ; out0             ;
; |dec4to16|lpm_mux:Mux11|mux_joc:auto_generated|_~136            ; |dec4to16|lpm_mux:Mux11|mux_joc:auto_generated|_~136            ; out0             ;
; |dec4to16|lpm_mux:Mux11|mux_joc:auto_generated|_~137            ; |dec4to16|lpm_mux:Mux11|mux_joc:auto_generated|_~137            ; out0             ;
; |dec4to16|lpm_mux:Mux11|mux_joc:auto_generated|_~138            ; |dec4to16|lpm_mux:Mux11|mux_joc:auto_generated|_~138            ; out0             ;
; |dec4to16|lpm_mux:Mux11|mux_joc:auto_generated|_~139            ; |dec4to16|lpm_mux:Mux11|mux_joc:auto_generated|_~139            ; out0             ;
; |dec4to16|lpm_mux:Mux11|mux_joc:auto_generated|_~142            ; |dec4to16|lpm_mux:Mux11|mux_joc:auto_generated|_~142            ; out0             ;
; |dec4to16|lpm_mux:Mux11|mux_joc:auto_generated|_~143            ; |dec4to16|lpm_mux:Mux11|mux_joc:auto_generated|_~143            ; out0             ;
; |dec4to16|lpm_mux:Mux11|mux_joc:auto_generated|result_node[0]   ; |dec4to16|lpm_mux:Mux11|mux_joc:auto_generated|result_node[0]   ; out0             ;
; |dec4to16|lpm_mux:Mux10|mux_joc:auto_generated|_~0              ; |dec4to16|lpm_mux:Mux10|mux_joc:auto_generated|_~0              ; out0             ;
; |dec4to16|lpm_mux:Mux10|mux_joc:auto_generated|_~1              ; |dec4to16|lpm_mux:Mux10|mux_joc:auto_generated|_~1              ; out0             ;
; |dec4to16|lpm_mux:Mux10|mux_joc:auto_generated|_~3              ; |dec4to16|lpm_mux:Mux10|mux_joc:auto_generated|_~3              ; out0             ;
; |dec4to16|lpm_mux:Mux10|mux_joc:auto_generated|_~5              ; |dec4to16|lpm_mux:Mux10|mux_joc:auto_generated|_~5              ; out0             ;
; |dec4to16|lpm_mux:Mux10|mux_joc:auto_generated|_~6              ; |dec4to16|lpm_mux:Mux10|mux_joc:auto_generated|_~6              ; out0             ;
; |dec4to16|lpm_mux:Mux10|mux_joc:auto_generated|_~7              ; |dec4to16|lpm_mux:Mux10|mux_joc:auto_generated|_~7              ; out0             ;
; |dec4to16|lpm_mux:Mux10|mux_joc:auto_generated|_~8              ; |dec4to16|lpm_mux:Mux10|mux_joc:auto_generated|_~8              ; out0             ;
; |dec4to16|lpm_mux:Mux10|mux_joc:auto_generated|_~9              ; |dec4to16|lpm_mux:Mux10|mux_joc:auto_generated|_~9              ; out0             ;
; |dec4to16|lpm_mux:Mux10|mux_joc:auto_generated|_~10             ; |dec4to16|lpm_mux:Mux10|mux_joc:auto_generated|_~10             ; out0             ;
; |dec4to16|lpm_mux:Mux10|mux_joc:auto_generated|_~12             ; |dec4to16|lpm_mux:Mux10|mux_joc:auto_generated|_~12             ; out0             ;
; |dec4to16|lpm_mux:Mux10|mux_joc:auto_generated|_~14             ; |dec4to16|lpm_mux:Mux10|mux_joc:auto_generated|_~14             ; out0             ;
; |dec4to16|lpm_mux:Mux10|mux_joc:auto_generated|_~15             ; |dec4to16|lpm_mux:Mux10|mux_joc:auto_generated|_~15             ; out0             ;
; |dec4to16|lpm_mux:Mux10|mux_joc:auto_generated|_~16             ; |dec4to16|lpm_mux:Mux10|mux_joc:auto_generated|_~16             ; out0             ;
; |dec4to16|lpm_mux:Mux10|mux_joc:auto_generated|_~17             ; |dec4to16|lpm_mux:Mux10|mux_joc:auto_generated|_~17             ; out0             ;
; |dec4to16|lpm_mux:Mux10|mux_joc:auto_generated|_~18             ; |dec4to16|lpm_mux:Mux10|mux_joc:auto_generated|_~18             ; out0             ;
; |dec4to16|lpm_mux:Mux10|mux_joc:auto_generated|_~20             ; |dec4to16|lpm_mux:Mux10|mux_joc:auto_generated|_~20             ; out0             ;
; |dec4to16|lpm_mux:Mux10|mux_joc:auto_generated|_~21             ; |dec4to16|lpm_mux:Mux10|mux_joc:auto_generated|_~21             ; out0             ;
; |dec4to16|lpm_mux:Mux10|mux_joc:auto_generated|_~23             ; |dec4to16|lpm_mux:Mux10|mux_joc:auto_generated|_~23             ; out0             ;
; |dec4to16|lpm_mux:Mux10|mux_joc:auto_generated|_~25             ; |dec4to16|lpm_mux:Mux10|mux_joc:auto_generated|_~25             ; out0             ;
; |dec4to16|lpm_mux:Mux10|mux_joc:auto_generated|_~27             ; |dec4to16|lpm_mux:Mux10|mux_joc:auto_generated|_~27             ; out0             ;
; |dec4to16|lpm_mux:Mux10|mux_joc:auto_generated|_~28             ; |dec4to16|lpm_mux:Mux10|mux_joc:auto_generated|_~28             ; out0             ;
; |dec4to16|lpm_mux:Mux10|mux_joc:auto_generated|_~29             ; |dec4to16|lpm_mux:Mux10|mux_joc:auto_generated|_~29             ; out0             ;
; |dec4to16|lpm_mux:Mux10|mux_joc:auto_generated|_~30             ; |dec4to16|lpm_mux:Mux10|mux_joc:auto_generated|_~30             ; out0             ;
; |dec4to16|lpm_mux:Mux10|mux_joc:auto_generated|_~32             ; |dec4to16|lpm_mux:Mux10|mux_joc:auto_generated|_~32             ; out0             ;
; |dec4to16|lpm_mux:Mux10|mux_joc:auto_generated|_~34             ; |dec4to16|lpm_mux:Mux10|mux_joc:auto_generated|_~34             ; out0             ;
; |dec4to16|lpm_mux:Mux10|mux_joc:auto_generated|_~36             ; |dec4to16|lpm_mux:Mux10|mux_joc:auto_generated|_~36             ; out0             ;
; |dec4to16|lpm_mux:Mux10|mux_joc:auto_generated|_~37             ; |dec4to16|lpm_mux:Mux10|mux_joc:auto_generated|_~37             ; out0             ;
; |dec4to16|lpm_mux:Mux10|mux_joc:auto_generated|_~38             ; |dec4to16|lpm_mux:Mux10|mux_joc:auto_generated|_~38             ; out0             ;
; |dec4to16|lpm_mux:Mux10|mux_joc:auto_generated|_~39             ; |dec4to16|lpm_mux:Mux10|mux_joc:auto_generated|_~39             ; out0             ;
; |dec4to16|lpm_mux:Mux10|mux_joc:auto_generated|_~40             ; |dec4to16|lpm_mux:Mux10|mux_joc:auto_generated|_~40             ; out0             ;
; |dec4to16|lpm_mux:Mux10|mux_joc:auto_generated|_~45             ; |dec4to16|lpm_mux:Mux10|mux_joc:auto_generated|_~45             ; out0             ;
; |dec4to16|lpm_mux:Mux10|mux_joc:auto_generated|_~48             ; |dec4to16|lpm_mux:Mux10|mux_joc:auto_generated|_~48             ; out0             ;
; |dec4to16|lpm_mux:Mux10|mux_joc:auto_generated|_~50             ; |dec4to16|lpm_mux:Mux10|mux_joc:auto_generated|_~50             ; out0             ;
; |dec4to16|lpm_mux:Mux10|mux_joc:auto_generated|_~52             ; |dec4to16|lpm_mux:Mux10|mux_joc:auto_generated|_~52             ; out0             ;
; |dec4to16|lpm_mux:Mux10|mux_joc:auto_generated|_~53             ; |dec4to16|lpm_mux:Mux10|mux_joc:auto_generated|_~53             ; out0             ;
; |dec4to16|lpm_mux:Mux10|mux_joc:auto_generated|_~54             ; |dec4to16|lpm_mux:Mux10|mux_joc:auto_generated|_~54             ; out0             ;
; |dec4to16|lpm_mux:Mux10|mux_joc:auto_generated|_~55             ; |dec4to16|lpm_mux:Mux10|mux_joc:auto_generated|_~55             ; out0             ;
; |dec4to16|lpm_mux:Mux10|mux_joc:auto_generated|_~57             ; |dec4to16|lpm_mux:Mux10|mux_joc:auto_generated|_~57             ; out0             ;
; |dec4to16|lpm_mux:Mux10|mux_joc:auto_generated|_~59             ; |dec4to16|lpm_mux:Mux10|mux_joc:auto_generated|_~59             ; out0             ;
; |dec4to16|lpm_mux:Mux10|mux_joc:auto_generated|_~61             ; |dec4to16|lpm_mux:Mux10|mux_joc:auto_generated|_~61             ; out0             ;
; |dec4to16|lpm_mux:Mux10|mux_joc:auto_generated|_~62             ; |dec4to16|lpm_mux:Mux10|mux_joc:auto_generated|_~62             ; out0             ;
; |dec4to16|lpm_mux:Mux10|mux_joc:auto_generated|_~63             ; |dec4to16|lpm_mux:Mux10|mux_joc:auto_generated|_~63             ; out0             ;
; |dec4to16|lpm_mux:Mux10|mux_joc:auto_generated|_~64             ; |dec4to16|lpm_mux:Mux10|mux_joc:auto_generated|_~64             ; out0             ;
; |dec4to16|lpm_mux:Mux10|mux_joc:auto_generated|_~65             ; |dec4to16|lpm_mux:Mux10|mux_joc:auto_generated|_~65             ; out0             ;
; |dec4to16|lpm_mux:Mux10|mux_joc:auto_generated|_~68             ; |dec4to16|lpm_mux:Mux10|mux_joc:auto_generated|_~68             ; out0             ;
; |dec4to16|lpm_mux:Mux10|mux_joc:auto_generated|result_node[0]~0 ; |dec4to16|lpm_mux:Mux10|mux_joc:auto_generated|result_node[0]~0 ; out0             ;
; |dec4to16|lpm_mux:Mux10|mux_joc:auto_generated|_~73             ; |dec4to16|lpm_mux:Mux10|mux_joc:auto_generated|_~73             ; out0             ;
; |dec4to16|lpm_mux:Mux10|mux_joc:auto_generated|_~75             ; |dec4to16|lpm_mux:Mux10|mux_joc:auto_generated|_~75             ; out0             ;
; |dec4to16|lpm_mux:Mux10|mux_joc:auto_generated|_~77             ; |dec4to16|lpm_mux:Mux10|mux_joc:auto_generated|_~77             ; out0             ;
; |dec4to16|lpm_mux:Mux10|mux_joc:auto_generated|_~78             ; |dec4to16|lpm_mux:Mux10|mux_joc:auto_generated|_~78             ; out0             ;
; |dec4to16|lpm_mux:Mux10|mux_joc:auto_generated|_~79             ; |dec4to16|lpm_mux:Mux10|mux_joc:auto_generated|_~79             ; out0             ;
; |dec4to16|lpm_mux:Mux10|mux_joc:auto_generated|_~80             ; |dec4to16|lpm_mux:Mux10|mux_joc:auto_generated|_~80             ; out0             ;
; |dec4to16|lpm_mux:Mux10|mux_joc:auto_generated|_~82             ; |dec4to16|lpm_mux:Mux10|mux_joc:auto_generated|_~82             ; out0             ;
; |dec4to16|lpm_mux:Mux10|mux_joc:auto_generated|_~84             ; |dec4to16|lpm_mux:Mux10|mux_joc:auto_generated|_~84             ; out0             ;
; |dec4to16|lpm_mux:Mux10|mux_joc:auto_generated|_~86             ; |dec4to16|lpm_mux:Mux10|mux_joc:auto_generated|_~86             ; out0             ;
; |dec4to16|lpm_mux:Mux10|mux_joc:auto_generated|_~87             ; |dec4to16|lpm_mux:Mux10|mux_joc:auto_generated|_~87             ; out0             ;
; |dec4to16|lpm_mux:Mux10|mux_joc:auto_generated|_~88             ; |dec4to16|lpm_mux:Mux10|mux_joc:auto_generated|_~88             ; out0             ;
; |dec4to16|lpm_mux:Mux10|mux_joc:auto_generated|_~89             ; |dec4to16|lpm_mux:Mux10|mux_joc:auto_generated|_~89             ; out0             ;
; |dec4to16|lpm_mux:Mux10|mux_joc:auto_generated|_~90             ; |dec4to16|lpm_mux:Mux10|mux_joc:auto_generated|_~90             ; out0             ;
; |dec4to16|lpm_mux:Mux10|mux_joc:auto_generated|_~95             ; |dec4to16|lpm_mux:Mux10|mux_joc:auto_generated|_~95             ; out0             ;
; |dec4to16|lpm_mux:Mux10|mux_joc:auto_generated|_~98             ; |dec4to16|lpm_mux:Mux10|mux_joc:auto_generated|_~98             ; out0             ;
; |dec4to16|lpm_mux:Mux10|mux_joc:auto_generated|_~100            ; |dec4to16|lpm_mux:Mux10|mux_joc:auto_generated|_~100            ; out0             ;
; |dec4to16|lpm_mux:Mux10|mux_joc:auto_generated|_~102            ; |dec4to16|lpm_mux:Mux10|mux_joc:auto_generated|_~102            ; out0             ;
; |dec4to16|lpm_mux:Mux10|mux_joc:auto_generated|_~103            ; |dec4to16|lpm_mux:Mux10|mux_joc:auto_generated|_~103            ; out0             ;
; |dec4to16|lpm_mux:Mux10|mux_joc:auto_generated|_~104            ; |dec4to16|lpm_mux:Mux10|mux_joc:auto_generated|_~104            ; out0             ;
; |dec4to16|lpm_mux:Mux10|mux_joc:auto_generated|_~105            ; |dec4to16|lpm_mux:Mux10|mux_joc:auto_generated|_~105            ; out0             ;
; |dec4to16|lpm_mux:Mux10|mux_joc:auto_generated|_~107            ; |dec4to16|lpm_mux:Mux10|mux_joc:auto_generated|_~107            ; out0             ;
; |dec4to16|lpm_mux:Mux10|mux_joc:auto_generated|_~109            ; |dec4to16|lpm_mux:Mux10|mux_joc:auto_generated|_~109            ; out0             ;
; |dec4to16|lpm_mux:Mux10|mux_joc:auto_generated|_~111            ; |dec4to16|lpm_mux:Mux10|mux_joc:auto_generated|_~111            ; out0             ;
; |dec4to16|lpm_mux:Mux10|mux_joc:auto_generated|_~112            ; |dec4to16|lpm_mux:Mux10|mux_joc:auto_generated|_~112            ; out0             ;
; |dec4to16|lpm_mux:Mux10|mux_joc:auto_generated|_~113            ; |dec4to16|lpm_mux:Mux10|mux_joc:auto_generated|_~113            ; out0             ;
; |dec4to16|lpm_mux:Mux10|mux_joc:auto_generated|_~114            ; |dec4to16|lpm_mux:Mux10|mux_joc:auto_generated|_~114            ; out0             ;
; |dec4to16|lpm_mux:Mux10|mux_joc:auto_generated|_~115            ; |dec4to16|lpm_mux:Mux10|mux_joc:auto_generated|_~115            ; out0             ;
; |dec4to16|lpm_mux:Mux10|mux_joc:auto_generated|_~118            ; |dec4to16|lpm_mux:Mux10|mux_joc:auto_generated|_~118            ; out0             ;
; |dec4to16|lpm_mux:Mux10|mux_joc:auto_generated|_~122            ; |dec4to16|lpm_mux:Mux10|mux_joc:auto_generated|_~122            ; out0             ;
; |dec4to16|lpm_mux:Mux10|mux_joc:auto_generated|_~124            ; |dec4to16|lpm_mux:Mux10|mux_joc:auto_generated|_~124            ; out0             ;
; |dec4to16|lpm_mux:Mux10|mux_joc:auto_generated|_~126            ; |dec4to16|lpm_mux:Mux10|mux_joc:auto_generated|_~126            ; out0             ;
; |dec4to16|lpm_mux:Mux10|mux_joc:auto_generated|_~127            ; |dec4to16|lpm_mux:Mux10|mux_joc:auto_generated|_~127            ; out0             ;
; |dec4to16|lpm_mux:Mux10|mux_joc:auto_generated|_~128            ; |dec4to16|lpm_mux:Mux10|mux_joc:auto_generated|_~128            ; out0             ;
; |dec4to16|lpm_mux:Mux10|mux_joc:auto_generated|_~129            ; |dec4to16|lpm_mux:Mux10|mux_joc:auto_generated|_~129            ; out0             ;
; |dec4to16|lpm_mux:Mux10|mux_joc:auto_generated|_~131            ; |dec4to16|lpm_mux:Mux10|mux_joc:auto_generated|_~131            ; out0             ;
; |dec4to16|lpm_mux:Mux10|mux_joc:auto_generated|_~133            ; |dec4to16|lpm_mux:Mux10|mux_joc:auto_generated|_~133            ; out0             ;
; |dec4to16|lpm_mux:Mux10|mux_joc:auto_generated|_~135            ; |dec4to16|lpm_mux:Mux10|mux_joc:auto_generated|_~135            ; out0             ;
; |dec4to16|lpm_mux:Mux10|mux_joc:auto_generated|_~136            ; |dec4to16|lpm_mux:Mux10|mux_joc:auto_generated|_~136            ; out0             ;
; |dec4to16|lpm_mux:Mux10|mux_joc:auto_generated|_~137            ; |dec4to16|lpm_mux:Mux10|mux_joc:auto_generated|_~137            ; out0             ;
; |dec4to16|lpm_mux:Mux10|mux_joc:auto_generated|_~138            ; |dec4to16|lpm_mux:Mux10|mux_joc:auto_generated|_~138            ; out0             ;
; |dec4to16|lpm_mux:Mux10|mux_joc:auto_generated|_~139            ; |dec4to16|lpm_mux:Mux10|mux_joc:auto_generated|_~139            ; out0             ;
; |dec4to16|lpm_mux:Mux10|mux_joc:auto_generated|_~142            ; |dec4to16|lpm_mux:Mux10|mux_joc:auto_generated|_~142            ; out0             ;
; |dec4to16|lpm_mux:Mux10|mux_joc:auto_generated|_~143            ; |dec4to16|lpm_mux:Mux10|mux_joc:auto_generated|_~143            ; out0             ;
; |dec4to16|lpm_mux:Mux10|mux_joc:auto_generated|result_node[0]   ; |dec4to16|lpm_mux:Mux10|mux_joc:auto_generated|result_node[0]   ; out0             ;
; |dec4to16|lpm_mux:Mux9|mux_joc:auto_generated|_~1               ; |dec4to16|lpm_mux:Mux9|mux_joc:auto_generated|_~1               ; out0             ;
; |dec4to16|lpm_mux:Mux9|mux_joc:auto_generated|_~3               ; |dec4to16|lpm_mux:Mux9|mux_joc:auto_generated|_~3               ; out0             ;
; |dec4to16|lpm_mux:Mux9|mux_joc:auto_generated|_~6               ; |dec4to16|lpm_mux:Mux9|mux_joc:auto_generated|_~6               ; out0             ;
; |dec4to16|lpm_mux:Mux9|mux_joc:auto_generated|_~7               ; |dec4to16|lpm_mux:Mux9|mux_joc:auto_generated|_~7               ; out0             ;
; |dec4to16|lpm_mux:Mux9|mux_joc:auto_generated|_~8               ; |dec4to16|lpm_mux:Mux9|mux_joc:auto_generated|_~8               ; out0             ;
; |dec4to16|lpm_mux:Mux9|mux_joc:auto_generated|_~10              ; |dec4to16|lpm_mux:Mux9|mux_joc:auto_generated|_~10              ; out0             ;
; |dec4to16|lpm_mux:Mux9|mux_joc:auto_generated|_~12              ; |dec4to16|lpm_mux:Mux9|mux_joc:auto_generated|_~12              ; out0             ;
; |dec4to16|lpm_mux:Mux9|mux_joc:auto_generated|_~15              ; |dec4to16|lpm_mux:Mux9|mux_joc:auto_generated|_~15              ; out0             ;
; |dec4to16|lpm_mux:Mux9|mux_joc:auto_generated|_~16              ; |dec4to16|lpm_mux:Mux9|mux_joc:auto_generated|_~16              ; out0             ;
; |dec4to16|lpm_mux:Mux9|mux_joc:auto_generated|_~17              ; |dec4to16|lpm_mux:Mux9|mux_joc:auto_generated|_~17              ; out0             ;
; |dec4to16|lpm_mux:Mux9|mux_joc:auto_generated|_~18              ; |dec4to16|lpm_mux:Mux9|mux_joc:auto_generated|_~18              ; out0             ;
; |dec4to16|lpm_mux:Mux9|mux_joc:auto_generated|_~19              ; |dec4to16|lpm_mux:Mux9|mux_joc:auto_generated|_~19              ; out0             ;
; |dec4to16|lpm_mux:Mux9|mux_joc:auto_generated|_~20              ; |dec4to16|lpm_mux:Mux9|mux_joc:auto_generated|_~20              ; out0             ;
; |dec4to16|lpm_mux:Mux9|mux_joc:auto_generated|_~21              ; |dec4to16|lpm_mux:Mux9|mux_joc:auto_generated|_~21              ; out0             ;
; |dec4to16|lpm_mux:Mux9|mux_joc:auto_generated|_~23              ; |dec4to16|lpm_mux:Mux9|mux_joc:auto_generated|_~23              ; out0             ;
; |dec4to16|lpm_mux:Mux9|mux_joc:auto_generated|_~25              ; |dec4to16|lpm_mux:Mux9|mux_joc:auto_generated|_~25              ; out0             ;
; |dec4to16|lpm_mux:Mux9|mux_joc:auto_generated|_~27              ; |dec4to16|lpm_mux:Mux9|mux_joc:auto_generated|_~27              ; out0             ;
; |dec4to16|lpm_mux:Mux9|mux_joc:auto_generated|_~28              ; |dec4to16|lpm_mux:Mux9|mux_joc:auto_generated|_~28              ; out0             ;
; |dec4to16|lpm_mux:Mux9|mux_joc:auto_generated|_~29              ; |dec4to16|lpm_mux:Mux9|mux_joc:auto_generated|_~29              ; out0             ;
; |dec4to16|lpm_mux:Mux9|mux_joc:auto_generated|_~30              ; |dec4to16|lpm_mux:Mux9|mux_joc:auto_generated|_~30              ; out0             ;
; |dec4to16|lpm_mux:Mux9|mux_joc:auto_generated|_~32              ; |dec4to16|lpm_mux:Mux9|mux_joc:auto_generated|_~32              ; out0             ;
; |dec4to16|lpm_mux:Mux9|mux_joc:auto_generated|_~34              ; |dec4to16|lpm_mux:Mux9|mux_joc:auto_generated|_~34              ; out0             ;
; |dec4to16|lpm_mux:Mux9|mux_joc:auto_generated|_~36              ; |dec4to16|lpm_mux:Mux9|mux_joc:auto_generated|_~36              ; out0             ;
; |dec4to16|lpm_mux:Mux9|mux_joc:auto_generated|_~37              ; |dec4to16|lpm_mux:Mux9|mux_joc:auto_generated|_~37              ; out0             ;
; |dec4to16|lpm_mux:Mux9|mux_joc:auto_generated|_~38              ; |dec4to16|lpm_mux:Mux9|mux_joc:auto_generated|_~38              ; out0             ;
; |dec4to16|lpm_mux:Mux9|mux_joc:auto_generated|_~39              ; |dec4to16|lpm_mux:Mux9|mux_joc:auto_generated|_~39              ; out0             ;
; |dec4to16|lpm_mux:Mux9|mux_joc:auto_generated|_~40              ; |dec4to16|lpm_mux:Mux9|mux_joc:auto_generated|_~40              ; out0             ;
; |dec4to16|lpm_mux:Mux9|mux_joc:auto_generated|_~45              ; |dec4to16|lpm_mux:Mux9|mux_joc:auto_generated|_~45              ; out0             ;
; |dec4to16|lpm_mux:Mux9|mux_joc:auto_generated|_~48              ; |dec4to16|lpm_mux:Mux9|mux_joc:auto_generated|_~48              ; out0             ;
; |dec4to16|lpm_mux:Mux9|mux_joc:auto_generated|_~50              ; |dec4to16|lpm_mux:Mux9|mux_joc:auto_generated|_~50              ; out0             ;
; |dec4to16|lpm_mux:Mux9|mux_joc:auto_generated|_~52              ; |dec4to16|lpm_mux:Mux9|mux_joc:auto_generated|_~52              ; out0             ;
; |dec4to16|lpm_mux:Mux9|mux_joc:auto_generated|_~53              ; |dec4to16|lpm_mux:Mux9|mux_joc:auto_generated|_~53              ; out0             ;
; |dec4to16|lpm_mux:Mux9|mux_joc:auto_generated|_~54              ; |dec4to16|lpm_mux:Mux9|mux_joc:auto_generated|_~54              ; out0             ;
; |dec4to16|lpm_mux:Mux9|mux_joc:auto_generated|_~55              ; |dec4to16|lpm_mux:Mux9|mux_joc:auto_generated|_~55              ; out0             ;
; |dec4to16|lpm_mux:Mux9|mux_joc:auto_generated|_~57              ; |dec4to16|lpm_mux:Mux9|mux_joc:auto_generated|_~57              ; out0             ;
; |dec4to16|lpm_mux:Mux9|mux_joc:auto_generated|_~59              ; |dec4to16|lpm_mux:Mux9|mux_joc:auto_generated|_~59              ; out0             ;
; |dec4to16|lpm_mux:Mux9|mux_joc:auto_generated|_~61              ; |dec4to16|lpm_mux:Mux9|mux_joc:auto_generated|_~61              ; out0             ;
; |dec4to16|lpm_mux:Mux9|mux_joc:auto_generated|_~62              ; |dec4to16|lpm_mux:Mux9|mux_joc:auto_generated|_~62              ; out0             ;
; |dec4to16|lpm_mux:Mux9|mux_joc:auto_generated|_~63              ; |dec4to16|lpm_mux:Mux9|mux_joc:auto_generated|_~63              ; out0             ;
; |dec4to16|lpm_mux:Mux9|mux_joc:auto_generated|_~64              ; |dec4to16|lpm_mux:Mux9|mux_joc:auto_generated|_~64              ; out0             ;
; |dec4to16|lpm_mux:Mux9|mux_joc:auto_generated|_~65              ; |dec4to16|lpm_mux:Mux9|mux_joc:auto_generated|_~65              ; out0             ;
; |dec4to16|lpm_mux:Mux9|mux_joc:auto_generated|_~68              ; |dec4to16|lpm_mux:Mux9|mux_joc:auto_generated|_~68              ; out0             ;
; |dec4to16|lpm_mux:Mux9|mux_joc:auto_generated|result_node[0]~0  ; |dec4to16|lpm_mux:Mux9|mux_joc:auto_generated|result_node[0]~0  ; out0             ;
; |dec4to16|lpm_mux:Mux9|mux_joc:auto_generated|_~73              ; |dec4to16|lpm_mux:Mux9|mux_joc:auto_generated|_~73              ; out0             ;
; |dec4to16|lpm_mux:Mux9|mux_joc:auto_generated|_~75              ; |dec4to16|lpm_mux:Mux9|mux_joc:auto_generated|_~75              ; out0             ;
; |dec4to16|lpm_mux:Mux9|mux_joc:auto_generated|_~77              ; |dec4to16|lpm_mux:Mux9|mux_joc:auto_generated|_~77              ; out0             ;
; |dec4to16|lpm_mux:Mux9|mux_joc:auto_generated|_~78              ; |dec4to16|lpm_mux:Mux9|mux_joc:auto_generated|_~78              ; out0             ;
; |dec4to16|lpm_mux:Mux9|mux_joc:auto_generated|_~79              ; |dec4to16|lpm_mux:Mux9|mux_joc:auto_generated|_~79              ; out0             ;
; |dec4to16|lpm_mux:Mux9|mux_joc:auto_generated|_~80              ; |dec4to16|lpm_mux:Mux9|mux_joc:auto_generated|_~80              ; out0             ;
; |dec4to16|lpm_mux:Mux9|mux_joc:auto_generated|_~82              ; |dec4to16|lpm_mux:Mux9|mux_joc:auto_generated|_~82              ; out0             ;
; |dec4to16|lpm_mux:Mux9|mux_joc:auto_generated|_~84              ; |dec4to16|lpm_mux:Mux9|mux_joc:auto_generated|_~84              ; out0             ;
; |dec4to16|lpm_mux:Mux9|mux_joc:auto_generated|_~86              ; |dec4to16|lpm_mux:Mux9|mux_joc:auto_generated|_~86              ; out0             ;
; |dec4to16|lpm_mux:Mux9|mux_joc:auto_generated|_~87              ; |dec4to16|lpm_mux:Mux9|mux_joc:auto_generated|_~87              ; out0             ;
; |dec4to16|lpm_mux:Mux9|mux_joc:auto_generated|_~88              ; |dec4to16|lpm_mux:Mux9|mux_joc:auto_generated|_~88              ; out0             ;
; |dec4to16|lpm_mux:Mux9|mux_joc:auto_generated|_~89              ; |dec4to16|lpm_mux:Mux9|mux_joc:auto_generated|_~89              ; out0             ;
; |dec4to16|lpm_mux:Mux9|mux_joc:auto_generated|_~90              ; |dec4to16|lpm_mux:Mux9|mux_joc:auto_generated|_~90              ; out0             ;
; |dec4to16|lpm_mux:Mux9|mux_joc:auto_generated|_~95              ; |dec4to16|lpm_mux:Mux9|mux_joc:auto_generated|_~95              ; out0             ;
; |dec4to16|lpm_mux:Mux9|mux_joc:auto_generated|_~98              ; |dec4to16|lpm_mux:Mux9|mux_joc:auto_generated|_~98              ; out0             ;
; |dec4to16|lpm_mux:Mux9|mux_joc:auto_generated|_~100             ; |dec4to16|lpm_mux:Mux9|mux_joc:auto_generated|_~100             ; out0             ;
; |dec4to16|lpm_mux:Mux9|mux_joc:auto_generated|_~102             ; |dec4to16|lpm_mux:Mux9|mux_joc:auto_generated|_~102             ; out0             ;
; |dec4to16|lpm_mux:Mux9|mux_joc:auto_generated|_~103             ; |dec4to16|lpm_mux:Mux9|mux_joc:auto_generated|_~103             ; out0             ;
; |dec4to16|lpm_mux:Mux9|mux_joc:auto_generated|_~104             ; |dec4to16|lpm_mux:Mux9|mux_joc:auto_generated|_~104             ; out0             ;
; |dec4to16|lpm_mux:Mux9|mux_joc:auto_generated|_~105             ; |dec4to16|lpm_mux:Mux9|mux_joc:auto_generated|_~105             ; out0             ;
; |dec4to16|lpm_mux:Mux9|mux_joc:auto_generated|_~107             ; |dec4to16|lpm_mux:Mux9|mux_joc:auto_generated|_~107             ; out0             ;
; |dec4to16|lpm_mux:Mux9|mux_joc:auto_generated|_~109             ; |dec4to16|lpm_mux:Mux9|mux_joc:auto_generated|_~109             ; out0             ;
; |dec4to16|lpm_mux:Mux9|mux_joc:auto_generated|_~111             ; |dec4to16|lpm_mux:Mux9|mux_joc:auto_generated|_~111             ; out0             ;
; |dec4to16|lpm_mux:Mux9|mux_joc:auto_generated|_~112             ; |dec4to16|lpm_mux:Mux9|mux_joc:auto_generated|_~112             ; out0             ;
; |dec4to16|lpm_mux:Mux9|mux_joc:auto_generated|_~113             ; |dec4to16|lpm_mux:Mux9|mux_joc:auto_generated|_~113             ; out0             ;
; |dec4to16|lpm_mux:Mux9|mux_joc:auto_generated|_~114             ; |dec4to16|lpm_mux:Mux9|mux_joc:auto_generated|_~114             ; out0             ;
; |dec4to16|lpm_mux:Mux9|mux_joc:auto_generated|_~115             ; |dec4to16|lpm_mux:Mux9|mux_joc:auto_generated|_~115             ; out0             ;
; |dec4to16|lpm_mux:Mux9|mux_joc:auto_generated|_~118             ; |dec4to16|lpm_mux:Mux9|mux_joc:auto_generated|_~118             ; out0             ;
; |dec4to16|lpm_mux:Mux9|mux_joc:auto_generated|_~122             ; |dec4to16|lpm_mux:Mux9|mux_joc:auto_generated|_~122             ; out0             ;
; |dec4to16|lpm_mux:Mux9|mux_joc:auto_generated|_~124             ; |dec4to16|lpm_mux:Mux9|mux_joc:auto_generated|_~124             ; out0             ;
; |dec4to16|lpm_mux:Mux9|mux_joc:auto_generated|_~126             ; |dec4to16|lpm_mux:Mux9|mux_joc:auto_generated|_~126             ; out0             ;
; |dec4to16|lpm_mux:Mux9|mux_joc:auto_generated|_~127             ; |dec4to16|lpm_mux:Mux9|mux_joc:auto_generated|_~127             ; out0             ;
; |dec4to16|lpm_mux:Mux9|mux_joc:auto_generated|_~128             ; |dec4to16|lpm_mux:Mux9|mux_joc:auto_generated|_~128             ; out0             ;
; |dec4to16|lpm_mux:Mux9|mux_joc:auto_generated|_~129             ; |dec4to16|lpm_mux:Mux9|mux_joc:auto_generated|_~129             ; out0             ;
; |dec4to16|lpm_mux:Mux9|mux_joc:auto_generated|_~131             ; |dec4to16|lpm_mux:Mux9|mux_joc:auto_generated|_~131             ; out0             ;
; |dec4to16|lpm_mux:Mux9|mux_joc:auto_generated|_~133             ; |dec4to16|lpm_mux:Mux9|mux_joc:auto_generated|_~133             ; out0             ;
; |dec4to16|lpm_mux:Mux9|mux_joc:auto_generated|_~135             ; |dec4to16|lpm_mux:Mux9|mux_joc:auto_generated|_~135             ; out0             ;
; |dec4to16|lpm_mux:Mux9|mux_joc:auto_generated|_~136             ; |dec4to16|lpm_mux:Mux9|mux_joc:auto_generated|_~136             ; out0             ;
; |dec4to16|lpm_mux:Mux9|mux_joc:auto_generated|_~137             ; |dec4to16|lpm_mux:Mux9|mux_joc:auto_generated|_~137             ; out0             ;
; |dec4to16|lpm_mux:Mux9|mux_joc:auto_generated|_~138             ; |dec4to16|lpm_mux:Mux9|mux_joc:auto_generated|_~138             ; out0             ;
; |dec4to16|lpm_mux:Mux9|mux_joc:auto_generated|_~139             ; |dec4to16|lpm_mux:Mux9|mux_joc:auto_generated|_~139             ; out0             ;
; |dec4to16|lpm_mux:Mux9|mux_joc:auto_generated|_~142             ; |dec4to16|lpm_mux:Mux9|mux_joc:auto_generated|_~142             ; out0             ;
; |dec4to16|lpm_mux:Mux9|mux_joc:auto_generated|_~143             ; |dec4to16|lpm_mux:Mux9|mux_joc:auto_generated|_~143             ; out0             ;
; |dec4to16|lpm_mux:Mux9|mux_joc:auto_generated|result_node[0]    ; |dec4to16|lpm_mux:Mux9|mux_joc:auto_generated|result_node[0]    ; out0             ;
; |dec4to16|lpm_mux:Mux8|mux_joc:auto_generated|_~1               ; |dec4to16|lpm_mux:Mux8|mux_joc:auto_generated|_~1               ; out0             ;
; |dec4to16|lpm_mux:Mux8|mux_joc:auto_generated|_~3               ; |dec4to16|lpm_mux:Mux8|mux_joc:auto_generated|_~3               ; out0             ;
; |dec4to16|lpm_mux:Mux8|mux_joc:auto_generated|_~5               ; |dec4to16|lpm_mux:Mux8|mux_joc:auto_generated|_~5               ; out0             ;
; |dec4to16|lpm_mux:Mux8|mux_joc:auto_generated|_~6               ; |dec4to16|lpm_mux:Mux8|mux_joc:auto_generated|_~6               ; out0             ;
; |dec4to16|lpm_mux:Mux8|mux_joc:auto_generated|_~7               ; |dec4to16|lpm_mux:Mux8|mux_joc:auto_generated|_~7               ; out0             ;
; |dec4to16|lpm_mux:Mux8|mux_joc:auto_generated|_~8               ; |dec4to16|lpm_mux:Mux8|mux_joc:auto_generated|_~8               ; out0             ;
; |dec4to16|lpm_mux:Mux8|mux_joc:auto_generated|_~10              ; |dec4to16|lpm_mux:Mux8|mux_joc:auto_generated|_~10              ; out0             ;
; |dec4to16|lpm_mux:Mux8|mux_joc:auto_generated|_~12              ; |dec4to16|lpm_mux:Mux8|mux_joc:auto_generated|_~12              ; out0             ;
; |dec4to16|lpm_mux:Mux8|mux_joc:auto_generated|_~14              ; |dec4to16|lpm_mux:Mux8|mux_joc:auto_generated|_~14              ; out0             ;
; |dec4to16|lpm_mux:Mux8|mux_joc:auto_generated|_~15              ; |dec4to16|lpm_mux:Mux8|mux_joc:auto_generated|_~15              ; out0             ;
; |dec4to16|lpm_mux:Mux8|mux_joc:auto_generated|_~16              ; |dec4to16|lpm_mux:Mux8|mux_joc:auto_generated|_~16              ; out0             ;
; |dec4to16|lpm_mux:Mux8|mux_joc:auto_generated|_~17              ; |dec4to16|lpm_mux:Mux8|mux_joc:auto_generated|_~17              ; out0             ;
; |dec4to16|lpm_mux:Mux8|mux_joc:auto_generated|_~19              ; |dec4to16|lpm_mux:Mux8|mux_joc:auto_generated|_~19              ; out0             ;
; |dec4to16|lpm_mux:Mux8|mux_joc:auto_generated|_~20              ; |dec4to16|lpm_mux:Mux8|mux_joc:auto_generated|_~20              ; out0             ;
; |dec4to16|lpm_mux:Mux8|mux_joc:auto_generated|_~21              ; |dec4to16|lpm_mux:Mux8|mux_joc:auto_generated|_~21              ; out0             ;
; |dec4to16|lpm_mux:Mux8|mux_joc:auto_generated|_~23              ; |dec4to16|lpm_mux:Mux8|mux_joc:auto_generated|_~23              ; out0             ;
; |dec4to16|lpm_mux:Mux8|mux_joc:auto_generated|_~25              ; |dec4to16|lpm_mux:Mux8|mux_joc:auto_generated|_~25              ; out0             ;
; |dec4to16|lpm_mux:Mux8|mux_joc:auto_generated|_~27              ; |dec4to16|lpm_mux:Mux8|mux_joc:auto_generated|_~27              ; out0             ;
; |dec4to16|lpm_mux:Mux8|mux_joc:auto_generated|_~28              ; |dec4to16|lpm_mux:Mux8|mux_joc:auto_generated|_~28              ; out0             ;
; |dec4to16|lpm_mux:Mux8|mux_joc:auto_generated|_~29              ; |dec4to16|lpm_mux:Mux8|mux_joc:auto_generated|_~29              ; out0             ;
; |dec4to16|lpm_mux:Mux8|mux_joc:auto_generated|_~30              ; |dec4to16|lpm_mux:Mux8|mux_joc:auto_generated|_~30              ; out0             ;
; |dec4to16|lpm_mux:Mux8|mux_joc:auto_generated|_~32              ; |dec4to16|lpm_mux:Mux8|mux_joc:auto_generated|_~32              ; out0             ;
; |dec4to16|lpm_mux:Mux8|mux_joc:auto_generated|_~34              ; |dec4to16|lpm_mux:Mux8|mux_joc:auto_generated|_~34              ; out0             ;
; |dec4to16|lpm_mux:Mux8|mux_joc:auto_generated|_~36              ; |dec4to16|lpm_mux:Mux8|mux_joc:auto_generated|_~36              ; out0             ;
; |dec4to16|lpm_mux:Mux8|mux_joc:auto_generated|_~37              ; |dec4to16|lpm_mux:Mux8|mux_joc:auto_generated|_~37              ; out0             ;
; |dec4to16|lpm_mux:Mux8|mux_joc:auto_generated|_~38              ; |dec4to16|lpm_mux:Mux8|mux_joc:auto_generated|_~38              ; out0             ;
; |dec4to16|lpm_mux:Mux8|mux_joc:auto_generated|_~39              ; |dec4to16|lpm_mux:Mux8|mux_joc:auto_generated|_~39              ; out0             ;
; |dec4to16|lpm_mux:Mux8|mux_joc:auto_generated|_~40              ; |dec4to16|lpm_mux:Mux8|mux_joc:auto_generated|_~40              ; out0             ;
; |dec4to16|lpm_mux:Mux8|mux_joc:auto_generated|_~45              ; |dec4to16|lpm_mux:Mux8|mux_joc:auto_generated|_~45              ; out0             ;
; |dec4to16|lpm_mux:Mux8|mux_joc:auto_generated|_~48              ; |dec4to16|lpm_mux:Mux8|mux_joc:auto_generated|_~48              ; out0             ;
; |dec4to16|lpm_mux:Mux8|mux_joc:auto_generated|_~50              ; |dec4to16|lpm_mux:Mux8|mux_joc:auto_generated|_~50              ; out0             ;
; |dec4to16|lpm_mux:Mux8|mux_joc:auto_generated|_~52              ; |dec4to16|lpm_mux:Mux8|mux_joc:auto_generated|_~52              ; out0             ;
; |dec4to16|lpm_mux:Mux8|mux_joc:auto_generated|_~53              ; |dec4to16|lpm_mux:Mux8|mux_joc:auto_generated|_~53              ; out0             ;
; |dec4to16|lpm_mux:Mux8|mux_joc:auto_generated|_~54              ; |dec4to16|lpm_mux:Mux8|mux_joc:auto_generated|_~54              ; out0             ;
; |dec4to16|lpm_mux:Mux8|mux_joc:auto_generated|_~55              ; |dec4to16|lpm_mux:Mux8|mux_joc:auto_generated|_~55              ; out0             ;
; |dec4to16|lpm_mux:Mux8|mux_joc:auto_generated|_~57              ; |dec4to16|lpm_mux:Mux8|mux_joc:auto_generated|_~57              ; out0             ;
; |dec4to16|lpm_mux:Mux8|mux_joc:auto_generated|_~59              ; |dec4to16|lpm_mux:Mux8|mux_joc:auto_generated|_~59              ; out0             ;
; |dec4to16|lpm_mux:Mux8|mux_joc:auto_generated|_~61              ; |dec4to16|lpm_mux:Mux8|mux_joc:auto_generated|_~61              ; out0             ;
; |dec4to16|lpm_mux:Mux8|mux_joc:auto_generated|_~62              ; |dec4to16|lpm_mux:Mux8|mux_joc:auto_generated|_~62              ; out0             ;
; |dec4to16|lpm_mux:Mux8|mux_joc:auto_generated|_~63              ; |dec4to16|lpm_mux:Mux8|mux_joc:auto_generated|_~63              ; out0             ;
; |dec4to16|lpm_mux:Mux8|mux_joc:auto_generated|_~64              ; |dec4to16|lpm_mux:Mux8|mux_joc:auto_generated|_~64              ; out0             ;
; |dec4to16|lpm_mux:Mux8|mux_joc:auto_generated|_~65              ; |dec4to16|lpm_mux:Mux8|mux_joc:auto_generated|_~65              ; out0             ;
; |dec4to16|lpm_mux:Mux8|mux_joc:auto_generated|_~68              ; |dec4to16|lpm_mux:Mux8|mux_joc:auto_generated|_~68              ; out0             ;
; |dec4to16|lpm_mux:Mux8|mux_joc:auto_generated|result_node[0]~0  ; |dec4to16|lpm_mux:Mux8|mux_joc:auto_generated|result_node[0]~0  ; out0             ;
; |dec4to16|lpm_mux:Mux8|mux_joc:auto_generated|_~73              ; |dec4to16|lpm_mux:Mux8|mux_joc:auto_generated|_~73              ; out0             ;
; |dec4to16|lpm_mux:Mux8|mux_joc:auto_generated|_~75              ; |dec4to16|lpm_mux:Mux8|mux_joc:auto_generated|_~75              ; out0             ;
; |dec4to16|lpm_mux:Mux8|mux_joc:auto_generated|_~77              ; |dec4to16|lpm_mux:Mux8|mux_joc:auto_generated|_~77              ; out0             ;
; |dec4to16|lpm_mux:Mux8|mux_joc:auto_generated|_~78              ; |dec4to16|lpm_mux:Mux8|mux_joc:auto_generated|_~78              ; out0             ;
; |dec4to16|lpm_mux:Mux8|mux_joc:auto_generated|_~79              ; |dec4to16|lpm_mux:Mux8|mux_joc:auto_generated|_~79              ; out0             ;
; |dec4to16|lpm_mux:Mux8|mux_joc:auto_generated|_~80              ; |dec4to16|lpm_mux:Mux8|mux_joc:auto_generated|_~80              ; out0             ;
; |dec4to16|lpm_mux:Mux8|mux_joc:auto_generated|_~82              ; |dec4to16|lpm_mux:Mux8|mux_joc:auto_generated|_~82              ; out0             ;
; |dec4to16|lpm_mux:Mux8|mux_joc:auto_generated|_~84              ; |dec4to16|lpm_mux:Mux8|mux_joc:auto_generated|_~84              ; out0             ;
; |dec4to16|lpm_mux:Mux8|mux_joc:auto_generated|_~86              ; |dec4to16|lpm_mux:Mux8|mux_joc:auto_generated|_~86              ; out0             ;
; |dec4to16|lpm_mux:Mux8|mux_joc:auto_generated|_~87              ; |dec4to16|lpm_mux:Mux8|mux_joc:auto_generated|_~87              ; out0             ;
; |dec4to16|lpm_mux:Mux8|mux_joc:auto_generated|_~88              ; |dec4to16|lpm_mux:Mux8|mux_joc:auto_generated|_~88              ; out0             ;
; |dec4to16|lpm_mux:Mux8|mux_joc:auto_generated|_~89              ; |dec4to16|lpm_mux:Mux8|mux_joc:auto_generated|_~89              ; out0             ;
; |dec4to16|lpm_mux:Mux8|mux_joc:auto_generated|_~90              ; |dec4to16|lpm_mux:Mux8|mux_joc:auto_generated|_~90              ; out0             ;
; |dec4to16|lpm_mux:Mux8|mux_joc:auto_generated|_~95              ; |dec4to16|lpm_mux:Mux8|mux_joc:auto_generated|_~95              ; out0             ;
; |dec4to16|lpm_mux:Mux8|mux_joc:auto_generated|_~98              ; |dec4to16|lpm_mux:Mux8|mux_joc:auto_generated|_~98              ; out0             ;
; |dec4to16|lpm_mux:Mux8|mux_joc:auto_generated|_~100             ; |dec4to16|lpm_mux:Mux8|mux_joc:auto_generated|_~100             ; out0             ;
; |dec4to16|lpm_mux:Mux8|mux_joc:auto_generated|_~102             ; |dec4to16|lpm_mux:Mux8|mux_joc:auto_generated|_~102             ; out0             ;
; |dec4to16|lpm_mux:Mux8|mux_joc:auto_generated|_~103             ; |dec4to16|lpm_mux:Mux8|mux_joc:auto_generated|_~103             ; out0             ;
; |dec4to16|lpm_mux:Mux8|mux_joc:auto_generated|_~104             ; |dec4to16|lpm_mux:Mux8|mux_joc:auto_generated|_~104             ; out0             ;
; |dec4to16|lpm_mux:Mux8|mux_joc:auto_generated|_~105             ; |dec4to16|lpm_mux:Mux8|mux_joc:auto_generated|_~105             ; out0             ;
; |dec4to16|lpm_mux:Mux8|mux_joc:auto_generated|_~107             ; |dec4to16|lpm_mux:Mux8|mux_joc:auto_generated|_~107             ; out0             ;
; |dec4to16|lpm_mux:Mux8|mux_joc:auto_generated|_~109             ; |dec4to16|lpm_mux:Mux8|mux_joc:auto_generated|_~109             ; out0             ;
; |dec4to16|lpm_mux:Mux8|mux_joc:auto_generated|_~111             ; |dec4to16|lpm_mux:Mux8|mux_joc:auto_generated|_~111             ; out0             ;
; |dec4to16|lpm_mux:Mux8|mux_joc:auto_generated|_~112             ; |dec4to16|lpm_mux:Mux8|mux_joc:auto_generated|_~112             ; out0             ;
; |dec4to16|lpm_mux:Mux8|mux_joc:auto_generated|_~113             ; |dec4to16|lpm_mux:Mux8|mux_joc:auto_generated|_~113             ; out0             ;
; |dec4to16|lpm_mux:Mux8|mux_joc:auto_generated|_~114             ; |dec4to16|lpm_mux:Mux8|mux_joc:auto_generated|_~114             ; out0             ;
; |dec4to16|lpm_mux:Mux8|mux_joc:auto_generated|_~115             ; |dec4to16|lpm_mux:Mux8|mux_joc:auto_generated|_~115             ; out0             ;
; |dec4to16|lpm_mux:Mux8|mux_joc:auto_generated|_~118             ; |dec4to16|lpm_mux:Mux8|mux_joc:auto_generated|_~118             ; out0             ;
; |dec4to16|lpm_mux:Mux8|mux_joc:auto_generated|_~122             ; |dec4to16|lpm_mux:Mux8|mux_joc:auto_generated|_~122             ; out0             ;
; |dec4to16|lpm_mux:Mux8|mux_joc:auto_generated|_~124             ; |dec4to16|lpm_mux:Mux8|mux_joc:auto_generated|_~124             ; out0             ;
; |dec4to16|lpm_mux:Mux8|mux_joc:auto_generated|_~126             ; |dec4to16|lpm_mux:Mux8|mux_joc:auto_generated|_~126             ; out0             ;
; |dec4to16|lpm_mux:Mux8|mux_joc:auto_generated|_~127             ; |dec4to16|lpm_mux:Mux8|mux_joc:auto_generated|_~127             ; out0             ;
; |dec4to16|lpm_mux:Mux8|mux_joc:auto_generated|_~128             ; |dec4to16|lpm_mux:Mux8|mux_joc:auto_generated|_~128             ; out0             ;
; |dec4to16|lpm_mux:Mux8|mux_joc:auto_generated|_~129             ; |dec4to16|lpm_mux:Mux8|mux_joc:auto_generated|_~129             ; out0             ;
; |dec4to16|lpm_mux:Mux8|mux_joc:auto_generated|_~131             ; |dec4to16|lpm_mux:Mux8|mux_joc:auto_generated|_~131             ; out0             ;
; |dec4to16|lpm_mux:Mux8|mux_joc:auto_generated|_~133             ; |dec4to16|lpm_mux:Mux8|mux_joc:auto_generated|_~133             ; out0             ;
; |dec4to16|lpm_mux:Mux8|mux_joc:auto_generated|_~135             ; |dec4to16|lpm_mux:Mux8|mux_joc:auto_generated|_~135             ; out0             ;
; |dec4to16|lpm_mux:Mux8|mux_joc:auto_generated|_~136             ; |dec4to16|lpm_mux:Mux8|mux_joc:auto_generated|_~136             ; out0             ;
; |dec4to16|lpm_mux:Mux8|mux_joc:auto_generated|_~137             ; |dec4to16|lpm_mux:Mux8|mux_joc:auto_generated|_~137             ; out0             ;
; |dec4to16|lpm_mux:Mux8|mux_joc:auto_generated|_~138             ; |dec4to16|lpm_mux:Mux8|mux_joc:auto_generated|_~138             ; out0             ;
; |dec4to16|lpm_mux:Mux8|mux_joc:auto_generated|_~139             ; |dec4to16|lpm_mux:Mux8|mux_joc:auto_generated|_~139             ; out0             ;
; |dec4to16|lpm_mux:Mux8|mux_joc:auto_generated|_~142             ; |dec4to16|lpm_mux:Mux8|mux_joc:auto_generated|_~142             ; out0             ;
; |dec4to16|lpm_mux:Mux8|mux_joc:auto_generated|_~143             ; |dec4to16|lpm_mux:Mux8|mux_joc:auto_generated|_~143             ; out0             ;
; |dec4to16|lpm_mux:Mux8|mux_joc:auto_generated|result_node[0]    ; |dec4to16|lpm_mux:Mux8|mux_joc:auto_generated|result_node[0]    ; out0             ;
; |dec4to16|lpm_mux:Mux7|mux_joc:auto_generated|_~1               ; |dec4to16|lpm_mux:Mux7|mux_joc:auto_generated|_~1               ; out0             ;
; |dec4to16|lpm_mux:Mux7|mux_joc:auto_generated|_~3               ; |dec4to16|lpm_mux:Mux7|mux_joc:auto_generated|_~3               ; out0             ;
; |dec4to16|lpm_mux:Mux7|mux_joc:auto_generated|_~5               ; |dec4to16|lpm_mux:Mux7|mux_joc:auto_generated|_~5               ; out0             ;
; |dec4to16|lpm_mux:Mux7|mux_joc:auto_generated|_~6               ; |dec4to16|lpm_mux:Mux7|mux_joc:auto_generated|_~6               ; out0             ;
; |dec4to16|lpm_mux:Mux7|mux_joc:auto_generated|_~7               ; |dec4to16|lpm_mux:Mux7|mux_joc:auto_generated|_~7               ; out0             ;
; |dec4to16|lpm_mux:Mux7|mux_joc:auto_generated|_~8               ; |dec4to16|lpm_mux:Mux7|mux_joc:auto_generated|_~8               ; out0             ;
; |dec4to16|lpm_mux:Mux7|mux_joc:auto_generated|_~10              ; |dec4to16|lpm_mux:Mux7|mux_joc:auto_generated|_~10              ; out0             ;
; |dec4to16|lpm_mux:Mux7|mux_joc:auto_generated|_~12              ; |dec4to16|lpm_mux:Mux7|mux_joc:auto_generated|_~12              ; out0             ;
; |dec4to16|lpm_mux:Mux7|mux_joc:auto_generated|_~14              ; |dec4to16|lpm_mux:Mux7|mux_joc:auto_generated|_~14              ; out0             ;
; |dec4to16|lpm_mux:Mux7|mux_joc:auto_generated|_~15              ; |dec4to16|lpm_mux:Mux7|mux_joc:auto_generated|_~15              ; out0             ;
; |dec4to16|lpm_mux:Mux7|mux_joc:auto_generated|_~16              ; |dec4to16|lpm_mux:Mux7|mux_joc:auto_generated|_~16              ; out0             ;
; |dec4to16|lpm_mux:Mux7|mux_joc:auto_generated|_~17              ; |dec4to16|lpm_mux:Mux7|mux_joc:auto_generated|_~17              ; out0             ;
; |dec4to16|lpm_mux:Mux7|mux_joc:auto_generated|_~18              ; |dec4to16|lpm_mux:Mux7|mux_joc:auto_generated|_~18              ; out0             ;
; |dec4to16|lpm_mux:Mux7|mux_joc:auto_generated|_~23              ; |dec4to16|lpm_mux:Mux7|mux_joc:auto_generated|_~23              ; out0             ;
; |dec4to16|lpm_mux:Mux7|mux_joc:auto_generated|_~25              ; |dec4to16|lpm_mux:Mux7|mux_joc:auto_generated|_~25              ; out0             ;
; |dec4to16|lpm_mux:Mux7|mux_joc:auto_generated|_~27              ; |dec4to16|lpm_mux:Mux7|mux_joc:auto_generated|_~27              ; out0             ;
; |dec4to16|lpm_mux:Mux7|mux_joc:auto_generated|_~28              ; |dec4to16|lpm_mux:Mux7|mux_joc:auto_generated|_~28              ; out0             ;
; |dec4to16|lpm_mux:Mux7|mux_joc:auto_generated|_~29              ; |dec4to16|lpm_mux:Mux7|mux_joc:auto_generated|_~29              ; out0             ;
; |dec4to16|lpm_mux:Mux7|mux_joc:auto_generated|_~30              ; |dec4to16|lpm_mux:Mux7|mux_joc:auto_generated|_~30              ; out0             ;
; |dec4to16|lpm_mux:Mux7|mux_joc:auto_generated|_~32              ; |dec4to16|lpm_mux:Mux7|mux_joc:auto_generated|_~32              ; out0             ;
; |dec4to16|lpm_mux:Mux7|mux_joc:auto_generated|_~34              ; |dec4to16|lpm_mux:Mux7|mux_joc:auto_generated|_~34              ; out0             ;
; |dec4to16|lpm_mux:Mux7|mux_joc:auto_generated|_~36              ; |dec4to16|lpm_mux:Mux7|mux_joc:auto_generated|_~36              ; out0             ;
; |dec4to16|lpm_mux:Mux7|mux_joc:auto_generated|_~37              ; |dec4to16|lpm_mux:Mux7|mux_joc:auto_generated|_~37              ; out0             ;
; |dec4to16|lpm_mux:Mux7|mux_joc:auto_generated|_~38              ; |dec4to16|lpm_mux:Mux7|mux_joc:auto_generated|_~38              ; out0             ;
; |dec4to16|lpm_mux:Mux7|mux_joc:auto_generated|_~39              ; |dec4to16|lpm_mux:Mux7|mux_joc:auto_generated|_~39              ; out0             ;
; |dec4to16|lpm_mux:Mux7|mux_joc:auto_generated|_~40              ; |dec4to16|lpm_mux:Mux7|mux_joc:auto_generated|_~40              ; out0             ;
; |dec4to16|lpm_mux:Mux7|mux_joc:auto_generated|_~45              ; |dec4to16|lpm_mux:Mux7|mux_joc:auto_generated|_~45              ; out0             ;
; |dec4to16|lpm_mux:Mux7|mux_joc:auto_generated|_~48              ; |dec4to16|lpm_mux:Mux7|mux_joc:auto_generated|_~48              ; out0             ;
; |dec4to16|lpm_mux:Mux7|mux_joc:auto_generated|_~49              ; |dec4to16|lpm_mux:Mux7|mux_joc:auto_generated|_~49              ; out0             ;
; |dec4to16|lpm_mux:Mux7|mux_joc:auto_generated|_~50              ; |dec4to16|lpm_mux:Mux7|mux_joc:auto_generated|_~50              ; out0             ;
; |dec4to16|lpm_mux:Mux7|mux_joc:auto_generated|_~51              ; |dec4to16|lpm_mux:Mux7|mux_joc:auto_generated|_~51              ; out0             ;
; |dec4to16|lpm_mux:Mux7|mux_joc:auto_generated|_~52              ; |dec4to16|lpm_mux:Mux7|mux_joc:auto_generated|_~52              ; out0             ;
; |dec4to16|lpm_mux:Mux7|mux_joc:auto_generated|_~53              ; |dec4to16|lpm_mux:Mux7|mux_joc:auto_generated|_~53              ; out0             ;
; |dec4to16|lpm_mux:Mux7|mux_joc:auto_generated|_~54              ; |dec4to16|lpm_mux:Mux7|mux_joc:auto_generated|_~54              ; out0             ;
; |dec4to16|lpm_mux:Mux7|mux_joc:auto_generated|_~55              ; |dec4to16|lpm_mux:Mux7|mux_joc:auto_generated|_~55              ; out0             ;
; |dec4to16|lpm_mux:Mux7|mux_joc:auto_generated|_~57              ; |dec4to16|lpm_mux:Mux7|mux_joc:auto_generated|_~57              ; out0             ;
; |dec4to16|lpm_mux:Mux7|mux_joc:auto_generated|_~58              ; |dec4to16|lpm_mux:Mux7|mux_joc:auto_generated|_~58              ; out0             ;
; |dec4to16|lpm_mux:Mux7|mux_joc:auto_generated|_~59              ; |dec4to16|lpm_mux:Mux7|mux_joc:auto_generated|_~59              ; out0             ;
; |dec4to16|lpm_mux:Mux7|mux_joc:auto_generated|_~60              ; |dec4to16|lpm_mux:Mux7|mux_joc:auto_generated|_~60              ; out0             ;
; |dec4to16|lpm_mux:Mux7|mux_joc:auto_generated|_~61              ; |dec4to16|lpm_mux:Mux7|mux_joc:auto_generated|_~61              ; out0             ;
; |dec4to16|lpm_mux:Mux7|mux_joc:auto_generated|_~62              ; |dec4to16|lpm_mux:Mux7|mux_joc:auto_generated|_~62              ; out0             ;
; |dec4to16|lpm_mux:Mux7|mux_joc:auto_generated|_~63              ; |dec4to16|lpm_mux:Mux7|mux_joc:auto_generated|_~63              ; out0             ;
; |dec4to16|lpm_mux:Mux7|mux_joc:auto_generated|_~64              ; |dec4to16|lpm_mux:Mux7|mux_joc:auto_generated|_~64              ; out0             ;
; |dec4to16|lpm_mux:Mux7|mux_joc:auto_generated|_~65              ; |dec4to16|lpm_mux:Mux7|mux_joc:auto_generated|_~65              ; out0             ;
; |dec4to16|lpm_mux:Mux7|mux_joc:auto_generated|_~66              ; |dec4to16|lpm_mux:Mux7|mux_joc:auto_generated|_~66              ; out0             ;
; |dec4to16|lpm_mux:Mux7|mux_joc:auto_generated|_~67              ; |dec4to16|lpm_mux:Mux7|mux_joc:auto_generated|_~67              ; out0             ;
; |dec4to16|lpm_mux:Mux7|mux_joc:auto_generated|_~68              ; |dec4to16|lpm_mux:Mux7|mux_joc:auto_generated|_~68              ; out0             ;
; |dec4to16|lpm_mux:Mux7|mux_joc:auto_generated|_~73              ; |dec4to16|lpm_mux:Mux7|mux_joc:auto_generated|_~73              ; out0             ;
; |dec4to16|lpm_mux:Mux7|mux_joc:auto_generated|_~75              ; |dec4to16|lpm_mux:Mux7|mux_joc:auto_generated|_~75              ; out0             ;
; |dec4to16|lpm_mux:Mux7|mux_joc:auto_generated|_~77              ; |dec4to16|lpm_mux:Mux7|mux_joc:auto_generated|_~77              ; out0             ;
; |dec4to16|lpm_mux:Mux7|mux_joc:auto_generated|_~78              ; |dec4to16|lpm_mux:Mux7|mux_joc:auto_generated|_~78              ; out0             ;
; |dec4to16|lpm_mux:Mux7|mux_joc:auto_generated|_~79              ; |dec4to16|lpm_mux:Mux7|mux_joc:auto_generated|_~79              ; out0             ;
; |dec4to16|lpm_mux:Mux7|mux_joc:auto_generated|_~80              ; |dec4to16|lpm_mux:Mux7|mux_joc:auto_generated|_~80              ; out0             ;
; |dec4to16|lpm_mux:Mux7|mux_joc:auto_generated|_~82              ; |dec4to16|lpm_mux:Mux7|mux_joc:auto_generated|_~82              ; out0             ;
; |dec4to16|lpm_mux:Mux7|mux_joc:auto_generated|_~84              ; |dec4to16|lpm_mux:Mux7|mux_joc:auto_generated|_~84              ; out0             ;
; |dec4to16|lpm_mux:Mux7|mux_joc:auto_generated|_~86              ; |dec4to16|lpm_mux:Mux7|mux_joc:auto_generated|_~86              ; out0             ;
; |dec4to16|lpm_mux:Mux7|mux_joc:auto_generated|_~87              ; |dec4to16|lpm_mux:Mux7|mux_joc:auto_generated|_~87              ; out0             ;
; |dec4to16|lpm_mux:Mux7|mux_joc:auto_generated|_~88              ; |dec4to16|lpm_mux:Mux7|mux_joc:auto_generated|_~88              ; out0             ;
; |dec4to16|lpm_mux:Mux7|mux_joc:auto_generated|_~89              ; |dec4to16|lpm_mux:Mux7|mux_joc:auto_generated|_~89              ; out0             ;
; |dec4to16|lpm_mux:Mux7|mux_joc:auto_generated|_~90              ; |dec4to16|lpm_mux:Mux7|mux_joc:auto_generated|_~90              ; out0             ;
; |dec4to16|lpm_mux:Mux7|mux_joc:auto_generated|_~95              ; |dec4to16|lpm_mux:Mux7|mux_joc:auto_generated|_~95              ; out0             ;
; |dec4to16|lpm_mux:Mux7|mux_joc:auto_generated|_~98              ; |dec4to16|lpm_mux:Mux7|mux_joc:auto_generated|_~98              ; out0             ;
; |dec4to16|lpm_mux:Mux7|mux_joc:auto_generated|_~99              ; |dec4to16|lpm_mux:Mux7|mux_joc:auto_generated|_~99              ; out0             ;
; |dec4to16|lpm_mux:Mux7|mux_joc:auto_generated|_~100             ; |dec4to16|lpm_mux:Mux7|mux_joc:auto_generated|_~100             ; out0             ;
; |dec4to16|lpm_mux:Mux7|mux_joc:auto_generated|_~101             ; |dec4to16|lpm_mux:Mux7|mux_joc:auto_generated|_~101             ; out0             ;
; |dec4to16|lpm_mux:Mux7|mux_joc:auto_generated|_~102             ; |dec4to16|lpm_mux:Mux7|mux_joc:auto_generated|_~102             ; out0             ;
; |dec4to16|lpm_mux:Mux7|mux_joc:auto_generated|_~103             ; |dec4to16|lpm_mux:Mux7|mux_joc:auto_generated|_~103             ; out0             ;
; |dec4to16|lpm_mux:Mux7|mux_joc:auto_generated|_~104             ; |dec4to16|lpm_mux:Mux7|mux_joc:auto_generated|_~104             ; out0             ;
; |dec4to16|lpm_mux:Mux7|mux_joc:auto_generated|_~105             ; |dec4to16|lpm_mux:Mux7|mux_joc:auto_generated|_~105             ; out0             ;
; |dec4to16|lpm_mux:Mux7|mux_joc:auto_generated|_~107             ; |dec4to16|lpm_mux:Mux7|mux_joc:auto_generated|_~107             ; out0             ;
; |dec4to16|lpm_mux:Mux7|mux_joc:auto_generated|_~108             ; |dec4to16|lpm_mux:Mux7|mux_joc:auto_generated|_~108             ; out0             ;
; |dec4to16|lpm_mux:Mux7|mux_joc:auto_generated|_~109             ; |dec4to16|lpm_mux:Mux7|mux_joc:auto_generated|_~109             ; out0             ;
; |dec4to16|lpm_mux:Mux7|mux_joc:auto_generated|_~110             ; |dec4to16|lpm_mux:Mux7|mux_joc:auto_generated|_~110             ; out0             ;
; |dec4to16|lpm_mux:Mux7|mux_joc:auto_generated|_~111             ; |dec4to16|lpm_mux:Mux7|mux_joc:auto_generated|_~111             ; out0             ;
; |dec4to16|lpm_mux:Mux7|mux_joc:auto_generated|_~112             ; |dec4to16|lpm_mux:Mux7|mux_joc:auto_generated|_~112             ; out0             ;
; |dec4to16|lpm_mux:Mux7|mux_joc:auto_generated|_~113             ; |dec4to16|lpm_mux:Mux7|mux_joc:auto_generated|_~113             ; out0             ;
; |dec4to16|lpm_mux:Mux7|mux_joc:auto_generated|_~114             ; |dec4to16|lpm_mux:Mux7|mux_joc:auto_generated|_~114             ; out0             ;
; |dec4to16|lpm_mux:Mux7|mux_joc:auto_generated|_~115             ; |dec4to16|lpm_mux:Mux7|mux_joc:auto_generated|_~115             ; out0             ;
; |dec4to16|lpm_mux:Mux7|mux_joc:auto_generated|_~116             ; |dec4to16|lpm_mux:Mux7|mux_joc:auto_generated|_~116             ; out0             ;
; |dec4to16|lpm_mux:Mux7|mux_joc:auto_generated|_~117             ; |dec4to16|lpm_mux:Mux7|mux_joc:auto_generated|_~117             ; out0             ;
; |dec4to16|lpm_mux:Mux7|mux_joc:auto_generated|_~118             ; |dec4to16|lpm_mux:Mux7|mux_joc:auto_generated|_~118             ; out0             ;
; |dec4to16|lpm_mux:Mux7|mux_joc:auto_generated|_~122             ; |dec4to16|lpm_mux:Mux7|mux_joc:auto_generated|_~122             ; out0             ;
; |dec4to16|lpm_mux:Mux7|mux_joc:auto_generated|_~124             ; |dec4to16|lpm_mux:Mux7|mux_joc:auto_generated|_~124             ; out0             ;
; |dec4to16|lpm_mux:Mux7|mux_joc:auto_generated|_~126             ; |dec4to16|lpm_mux:Mux7|mux_joc:auto_generated|_~126             ; out0             ;
; |dec4to16|lpm_mux:Mux7|mux_joc:auto_generated|_~127             ; |dec4to16|lpm_mux:Mux7|mux_joc:auto_generated|_~127             ; out0             ;
; |dec4to16|lpm_mux:Mux7|mux_joc:auto_generated|_~128             ; |dec4to16|lpm_mux:Mux7|mux_joc:auto_generated|_~128             ; out0             ;
; |dec4to16|lpm_mux:Mux7|mux_joc:auto_generated|_~129             ; |dec4to16|lpm_mux:Mux7|mux_joc:auto_generated|_~129             ; out0             ;
; |dec4to16|lpm_mux:Mux7|mux_joc:auto_generated|_~131             ; |dec4to16|lpm_mux:Mux7|mux_joc:auto_generated|_~131             ; out0             ;
; |dec4to16|lpm_mux:Mux7|mux_joc:auto_generated|_~133             ; |dec4to16|lpm_mux:Mux7|mux_joc:auto_generated|_~133             ; out0             ;
; |dec4to16|lpm_mux:Mux7|mux_joc:auto_generated|_~135             ; |dec4to16|lpm_mux:Mux7|mux_joc:auto_generated|_~135             ; out0             ;
; |dec4to16|lpm_mux:Mux7|mux_joc:auto_generated|_~136             ; |dec4to16|lpm_mux:Mux7|mux_joc:auto_generated|_~136             ; out0             ;
; |dec4to16|lpm_mux:Mux7|mux_joc:auto_generated|_~137             ; |dec4to16|lpm_mux:Mux7|mux_joc:auto_generated|_~137             ; out0             ;
; |dec4to16|lpm_mux:Mux7|mux_joc:auto_generated|_~138             ; |dec4to16|lpm_mux:Mux7|mux_joc:auto_generated|_~138             ; out0             ;
; |dec4to16|lpm_mux:Mux7|mux_joc:auto_generated|_~139             ; |dec4to16|lpm_mux:Mux7|mux_joc:auto_generated|_~139             ; out0             ;
; |dec4to16|lpm_mux:Mux7|mux_joc:auto_generated|_~142             ; |dec4to16|lpm_mux:Mux7|mux_joc:auto_generated|_~142             ; out0             ;
; |dec4to16|lpm_mux:Mux7|mux_joc:auto_generated|_~143             ; |dec4to16|lpm_mux:Mux7|mux_joc:auto_generated|_~143             ; out0             ;
; |dec4to16|lpm_mux:Mux6|mux_joc:auto_generated|_~1               ; |dec4to16|lpm_mux:Mux6|mux_joc:auto_generated|_~1               ; out0             ;
; |dec4to16|lpm_mux:Mux6|mux_joc:auto_generated|_~3               ; |dec4to16|lpm_mux:Mux6|mux_joc:auto_generated|_~3               ; out0             ;
; |dec4to16|lpm_mux:Mux6|mux_joc:auto_generated|_~5               ; |dec4to16|lpm_mux:Mux6|mux_joc:auto_generated|_~5               ; out0             ;
; |dec4to16|lpm_mux:Mux6|mux_joc:auto_generated|_~6               ; |dec4to16|lpm_mux:Mux6|mux_joc:auto_generated|_~6               ; out0             ;
; |dec4to16|lpm_mux:Mux6|mux_joc:auto_generated|_~7               ; |dec4to16|lpm_mux:Mux6|mux_joc:auto_generated|_~7               ; out0             ;
; |dec4to16|lpm_mux:Mux6|mux_joc:auto_generated|_~8               ; |dec4to16|lpm_mux:Mux6|mux_joc:auto_generated|_~8               ; out0             ;
; |dec4to16|lpm_mux:Mux6|mux_joc:auto_generated|_~10              ; |dec4to16|lpm_mux:Mux6|mux_joc:auto_generated|_~10              ; out0             ;
; |dec4to16|lpm_mux:Mux6|mux_joc:auto_generated|_~12              ; |dec4to16|lpm_mux:Mux6|mux_joc:auto_generated|_~12              ; out0             ;
; |dec4to16|lpm_mux:Mux6|mux_joc:auto_generated|_~14              ; |dec4to16|lpm_mux:Mux6|mux_joc:auto_generated|_~14              ; out0             ;
; |dec4to16|lpm_mux:Mux6|mux_joc:auto_generated|_~15              ; |dec4to16|lpm_mux:Mux6|mux_joc:auto_generated|_~15              ; out0             ;
; |dec4to16|lpm_mux:Mux6|mux_joc:auto_generated|_~16              ; |dec4to16|lpm_mux:Mux6|mux_joc:auto_generated|_~16              ; out0             ;
; |dec4to16|lpm_mux:Mux6|mux_joc:auto_generated|_~17              ; |dec4to16|lpm_mux:Mux6|mux_joc:auto_generated|_~17              ; out0             ;
; |dec4to16|lpm_mux:Mux6|mux_joc:auto_generated|_~18              ; |dec4to16|lpm_mux:Mux6|mux_joc:auto_generated|_~18              ; out0             ;
; |dec4to16|lpm_mux:Mux6|mux_joc:auto_generated|_~23              ; |dec4to16|lpm_mux:Mux6|mux_joc:auto_generated|_~23              ; out0             ;
; |dec4to16|lpm_mux:Mux6|mux_joc:auto_generated|_~25              ; |dec4to16|lpm_mux:Mux6|mux_joc:auto_generated|_~25              ; out0             ;
; |dec4to16|lpm_mux:Mux6|mux_joc:auto_generated|_~27              ; |dec4to16|lpm_mux:Mux6|mux_joc:auto_generated|_~27              ; out0             ;
; |dec4to16|lpm_mux:Mux6|mux_joc:auto_generated|_~28              ; |dec4to16|lpm_mux:Mux6|mux_joc:auto_generated|_~28              ; out0             ;
; |dec4to16|lpm_mux:Mux6|mux_joc:auto_generated|_~29              ; |dec4to16|lpm_mux:Mux6|mux_joc:auto_generated|_~29              ; out0             ;
; |dec4to16|lpm_mux:Mux6|mux_joc:auto_generated|_~30              ; |dec4to16|lpm_mux:Mux6|mux_joc:auto_generated|_~30              ; out0             ;
; |dec4to16|lpm_mux:Mux6|mux_joc:auto_generated|_~32              ; |dec4to16|lpm_mux:Mux6|mux_joc:auto_generated|_~32              ; out0             ;
; |dec4to16|lpm_mux:Mux6|mux_joc:auto_generated|_~34              ; |dec4to16|lpm_mux:Mux6|mux_joc:auto_generated|_~34              ; out0             ;
; |dec4to16|lpm_mux:Mux6|mux_joc:auto_generated|_~36              ; |dec4to16|lpm_mux:Mux6|mux_joc:auto_generated|_~36              ; out0             ;
; |dec4to16|lpm_mux:Mux6|mux_joc:auto_generated|_~37              ; |dec4to16|lpm_mux:Mux6|mux_joc:auto_generated|_~37              ; out0             ;
; |dec4to16|lpm_mux:Mux6|mux_joc:auto_generated|_~38              ; |dec4to16|lpm_mux:Mux6|mux_joc:auto_generated|_~38              ; out0             ;
; |dec4to16|lpm_mux:Mux6|mux_joc:auto_generated|_~39              ; |dec4to16|lpm_mux:Mux6|mux_joc:auto_generated|_~39              ; out0             ;
; |dec4to16|lpm_mux:Mux6|mux_joc:auto_generated|_~40              ; |dec4to16|lpm_mux:Mux6|mux_joc:auto_generated|_~40              ; out0             ;
; |dec4to16|lpm_mux:Mux6|mux_joc:auto_generated|_~45              ; |dec4to16|lpm_mux:Mux6|mux_joc:auto_generated|_~45              ; out0             ;
; |dec4to16|lpm_mux:Mux6|mux_joc:auto_generated|_~47              ; |dec4to16|lpm_mux:Mux6|mux_joc:auto_generated|_~47              ; out0             ;
; |dec4to16|lpm_mux:Mux6|mux_joc:auto_generated|_~48              ; |dec4to16|lpm_mux:Mux6|mux_joc:auto_generated|_~48              ; out0             ;
; |dec4to16|lpm_mux:Mux6|mux_joc:auto_generated|_~50              ; |dec4to16|lpm_mux:Mux6|mux_joc:auto_generated|_~50              ; out0             ;
; |dec4to16|lpm_mux:Mux6|mux_joc:auto_generated|_~52              ; |dec4to16|lpm_mux:Mux6|mux_joc:auto_generated|_~52              ; out0             ;
; |dec4to16|lpm_mux:Mux6|mux_joc:auto_generated|_~53              ; |dec4to16|lpm_mux:Mux6|mux_joc:auto_generated|_~53              ; out0             ;
; |dec4to16|lpm_mux:Mux6|mux_joc:auto_generated|_~54              ; |dec4to16|lpm_mux:Mux6|mux_joc:auto_generated|_~54              ; out0             ;
; |dec4to16|lpm_mux:Mux6|mux_joc:auto_generated|_~55              ; |dec4to16|lpm_mux:Mux6|mux_joc:auto_generated|_~55              ; out0             ;
; |dec4to16|lpm_mux:Mux6|mux_joc:auto_generated|_~56              ; |dec4to16|lpm_mux:Mux6|mux_joc:auto_generated|_~56              ; out0             ;
; |dec4to16|lpm_mux:Mux6|mux_joc:auto_generated|_~57              ; |dec4to16|lpm_mux:Mux6|mux_joc:auto_generated|_~57              ; out0             ;
; |dec4to16|lpm_mux:Mux6|mux_joc:auto_generated|_~59              ; |dec4to16|lpm_mux:Mux6|mux_joc:auto_generated|_~59              ; out0             ;
; |dec4to16|lpm_mux:Mux6|mux_joc:auto_generated|_~61              ; |dec4to16|lpm_mux:Mux6|mux_joc:auto_generated|_~61              ; out0             ;
; |dec4to16|lpm_mux:Mux6|mux_joc:auto_generated|_~62              ; |dec4to16|lpm_mux:Mux6|mux_joc:auto_generated|_~62              ; out0             ;
; |dec4to16|lpm_mux:Mux6|mux_joc:auto_generated|_~63              ; |dec4to16|lpm_mux:Mux6|mux_joc:auto_generated|_~63              ; out0             ;
; |dec4to16|lpm_mux:Mux6|mux_joc:auto_generated|_~64              ; |dec4to16|lpm_mux:Mux6|mux_joc:auto_generated|_~64              ; out0             ;
; |dec4to16|lpm_mux:Mux6|mux_joc:auto_generated|_~65              ; |dec4to16|lpm_mux:Mux6|mux_joc:auto_generated|_~65              ; out0             ;
; |dec4to16|lpm_mux:Mux6|mux_joc:auto_generated|_~67              ; |dec4to16|lpm_mux:Mux6|mux_joc:auto_generated|_~67              ; out0             ;
; |dec4to16|lpm_mux:Mux6|mux_joc:auto_generated|_~68              ; |dec4to16|lpm_mux:Mux6|mux_joc:auto_generated|_~68              ; out0             ;
; |dec4to16|lpm_mux:Mux6|mux_joc:auto_generated|_~73              ; |dec4to16|lpm_mux:Mux6|mux_joc:auto_generated|_~73              ; out0             ;
; |dec4to16|lpm_mux:Mux6|mux_joc:auto_generated|_~75              ; |dec4to16|lpm_mux:Mux6|mux_joc:auto_generated|_~75              ; out0             ;
; |dec4to16|lpm_mux:Mux6|mux_joc:auto_generated|_~77              ; |dec4to16|lpm_mux:Mux6|mux_joc:auto_generated|_~77              ; out0             ;
; |dec4to16|lpm_mux:Mux6|mux_joc:auto_generated|_~78              ; |dec4to16|lpm_mux:Mux6|mux_joc:auto_generated|_~78              ; out0             ;
; |dec4to16|lpm_mux:Mux6|mux_joc:auto_generated|_~79              ; |dec4to16|lpm_mux:Mux6|mux_joc:auto_generated|_~79              ; out0             ;
; |dec4to16|lpm_mux:Mux6|mux_joc:auto_generated|_~80              ; |dec4to16|lpm_mux:Mux6|mux_joc:auto_generated|_~80              ; out0             ;
; |dec4to16|lpm_mux:Mux6|mux_joc:auto_generated|_~82              ; |dec4to16|lpm_mux:Mux6|mux_joc:auto_generated|_~82              ; out0             ;
; |dec4to16|lpm_mux:Mux6|mux_joc:auto_generated|_~84              ; |dec4to16|lpm_mux:Mux6|mux_joc:auto_generated|_~84              ; out0             ;
; |dec4to16|lpm_mux:Mux6|mux_joc:auto_generated|_~86              ; |dec4to16|lpm_mux:Mux6|mux_joc:auto_generated|_~86              ; out0             ;
; |dec4to16|lpm_mux:Mux6|mux_joc:auto_generated|_~87              ; |dec4to16|lpm_mux:Mux6|mux_joc:auto_generated|_~87              ; out0             ;
; |dec4to16|lpm_mux:Mux6|mux_joc:auto_generated|_~88              ; |dec4to16|lpm_mux:Mux6|mux_joc:auto_generated|_~88              ; out0             ;
; |dec4to16|lpm_mux:Mux6|mux_joc:auto_generated|_~89              ; |dec4to16|lpm_mux:Mux6|mux_joc:auto_generated|_~89              ; out0             ;
; |dec4to16|lpm_mux:Mux6|mux_joc:auto_generated|_~90              ; |dec4to16|lpm_mux:Mux6|mux_joc:auto_generated|_~90              ; out0             ;
; |dec4to16|lpm_mux:Mux6|mux_joc:auto_generated|_~95              ; |dec4to16|lpm_mux:Mux6|mux_joc:auto_generated|_~95              ; out0             ;
; |dec4to16|lpm_mux:Mux6|mux_joc:auto_generated|_~97              ; |dec4to16|lpm_mux:Mux6|mux_joc:auto_generated|_~97              ; out0             ;
; |dec4to16|lpm_mux:Mux6|mux_joc:auto_generated|_~98              ; |dec4to16|lpm_mux:Mux6|mux_joc:auto_generated|_~98              ; out0             ;
; |dec4to16|lpm_mux:Mux6|mux_joc:auto_generated|_~100             ; |dec4to16|lpm_mux:Mux6|mux_joc:auto_generated|_~100             ; out0             ;
; |dec4to16|lpm_mux:Mux6|mux_joc:auto_generated|_~102             ; |dec4to16|lpm_mux:Mux6|mux_joc:auto_generated|_~102             ; out0             ;
; |dec4to16|lpm_mux:Mux6|mux_joc:auto_generated|_~103             ; |dec4to16|lpm_mux:Mux6|mux_joc:auto_generated|_~103             ; out0             ;
; |dec4to16|lpm_mux:Mux6|mux_joc:auto_generated|_~104             ; |dec4to16|lpm_mux:Mux6|mux_joc:auto_generated|_~104             ; out0             ;
; |dec4to16|lpm_mux:Mux6|mux_joc:auto_generated|_~105             ; |dec4to16|lpm_mux:Mux6|mux_joc:auto_generated|_~105             ; out0             ;
; |dec4to16|lpm_mux:Mux6|mux_joc:auto_generated|_~106             ; |dec4to16|lpm_mux:Mux6|mux_joc:auto_generated|_~106             ; out0             ;
; |dec4to16|lpm_mux:Mux6|mux_joc:auto_generated|_~107             ; |dec4to16|lpm_mux:Mux6|mux_joc:auto_generated|_~107             ; out0             ;
; |dec4to16|lpm_mux:Mux6|mux_joc:auto_generated|_~109             ; |dec4to16|lpm_mux:Mux6|mux_joc:auto_generated|_~109             ; out0             ;
; |dec4to16|lpm_mux:Mux6|mux_joc:auto_generated|_~111             ; |dec4to16|lpm_mux:Mux6|mux_joc:auto_generated|_~111             ; out0             ;
; |dec4to16|lpm_mux:Mux6|mux_joc:auto_generated|_~112             ; |dec4to16|lpm_mux:Mux6|mux_joc:auto_generated|_~112             ; out0             ;
; |dec4to16|lpm_mux:Mux6|mux_joc:auto_generated|_~113             ; |dec4to16|lpm_mux:Mux6|mux_joc:auto_generated|_~113             ; out0             ;
; |dec4to16|lpm_mux:Mux6|mux_joc:auto_generated|_~114             ; |dec4to16|lpm_mux:Mux6|mux_joc:auto_generated|_~114             ; out0             ;
; |dec4to16|lpm_mux:Mux6|mux_joc:auto_generated|_~115             ; |dec4to16|lpm_mux:Mux6|mux_joc:auto_generated|_~115             ; out0             ;
; |dec4to16|lpm_mux:Mux6|mux_joc:auto_generated|_~117             ; |dec4to16|lpm_mux:Mux6|mux_joc:auto_generated|_~117             ; out0             ;
; |dec4to16|lpm_mux:Mux6|mux_joc:auto_generated|_~118             ; |dec4to16|lpm_mux:Mux6|mux_joc:auto_generated|_~118             ; out0             ;
; |dec4to16|lpm_mux:Mux6|mux_joc:auto_generated|_~122             ; |dec4to16|lpm_mux:Mux6|mux_joc:auto_generated|_~122             ; out0             ;
; |dec4to16|lpm_mux:Mux6|mux_joc:auto_generated|_~124             ; |dec4to16|lpm_mux:Mux6|mux_joc:auto_generated|_~124             ; out0             ;
; |dec4to16|lpm_mux:Mux6|mux_joc:auto_generated|_~126             ; |dec4to16|lpm_mux:Mux6|mux_joc:auto_generated|_~126             ; out0             ;
; |dec4to16|lpm_mux:Mux6|mux_joc:auto_generated|_~127             ; |dec4to16|lpm_mux:Mux6|mux_joc:auto_generated|_~127             ; out0             ;
; |dec4to16|lpm_mux:Mux6|mux_joc:auto_generated|_~128             ; |dec4to16|lpm_mux:Mux6|mux_joc:auto_generated|_~128             ; out0             ;
; |dec4to16|lpm_mux:Mux6|mux_joc:auto_generated|_~129             ; |dec4to16|lpm_mux:Mux6|mux_joc:auto_generated|_~129             ; out0             ;
; |dec4to16|lpm_mux:Mux6|mux_joc:auto_generated|_~131             ; |dec4to16|lpm_mux:Mux6|mux_joc:auto_generated|_~131             ; out0             ;
; |dec4to16|lpm_mux:Mux6|mux_joc:auto_generated|_~133             ; |dec4to16|lpm_mux:Mux6|mux_joc:auto_generated|_~133             ; out0             ;
; |dec4to16|lpm_mux:Mux6|mux_joc:auto_generated|_~135             ; |dec4to16|lpm_mux:Mux6|mux_joc:auto_generated|_~135             ; out0             ;
; |dec4to16|lpm_mux:Mux6|mux_joc:auto_generated|_~136             ; |dec4to16|lpm_mux:Mux6|mux_joc:auto_generated|_~136             ; out0             ;
; |dec4to16|lpm_mux:Mux6|mux_joc:auto_generated|_~137             ; |dec4to16|lpm_mux:Mux6|mux_joc:auto_generated|_~137             ; out0             ;
; |dec4to16|lpm_mux:Mux6|mux_joc:auto_generated|_~138             ; |dec4to16|lpm_mux:Mux6|mux_joc:auto_generated|_~138             ; out0             ;
; |dec4to16|lpm_mux:Mux6|mux_joc:auto_generated|_~139             ; |dec4to16|lpm_mux:Mux6|mux_joc:auto_generated|_~139             ; out0             ;
; |dec4to16|lpm_mux:Mux6|mux_joc:auto_generated|_~142             ; |dec4to16|lpm_mux:Mux6|mux_joc:auto_generated|_~142             ; out0             ;
; |dec4to16|lpm_mux:Mux6|mux_joc:auto_generated|_~143             ; |dec4to16|lpm_mux:Mux6|mux_joc:auto_generated|_~143             ; out0             ;
; |dec4to16|lpm_mux:Mux5|mux_joc:auto_generated|_~1               ; |dec4to16|lpm_mux:Mux5|mux_joc:auto_generated|_~1               ; out0             ;
; |dec4to16|lpm_mux:Mux5|mux_joc:auto_generated|_~3               ; |dec4to16|lpm_mux:Mux5|mux_joc:auto_generated|_~3               ; out0             ;
; |dec4to16|lpm_mux:Mux5|mux_joc:auto_generated|_~5               ; |dec4to16|lpm_mux:Mux5|mux_joc:auto_generated|_~5               ; out0             ;
; |dec4to16|lpm_mux:Mux5|mux_joc:auto_generated|_~6               ; |dec4to16|lpm_mux:Mux5|mux_joc:auto_generated|_~6               ; out0             ;
; |dec4to16|lpm_mux:Mux5|mux_joc:auto_generated|_~7               ; |dec4to16|lpm_mux:Mux5|mux_joc:auto_generated|_~7               ; out0             ;
; |dec4to16|lpm_mux:Mux5|mux_joc:auto_generated|_~8               ; |dec4to16|lpm_mux:Mux5|mux_joc:auto_generated|_~8               ; out0             ;
; |dec4to16|lpm_mux:Mux5|mux_joc:auto_generated|_~10              ; |dec4to16|lpm_mux:Mux5|mux_joc:auto_generated|_~10              ; out0             ;
; |dec4to16|lpm_mux:Mux5|mux_joc:auto_generated|_~12              ; |dec4to16|lpm_mux:Mux5|mux_joc:auto_generated|_~12              ; out0             ;
; |dec4to16|lpm_mux:Mux5|mux_joc:auto_generated|_~14              ; |dec4to16|lpm_mux:Mux5|mux_joc:auto_generated|_~14              ; out0             ;
; |dec4to16|lpm_mux:Mux5|mux_joc:auto_generated|_~15              ; |dec4to16|lpm_mux:Mux5|mux_joc:auto_generated|_~15              ; out0             ;
; |dec4to16|lpm_mux:Mux5|mux_joc:auto_generated|_~16              ; |dec4to16|lpm_mux:Mux5|mux_joc:auto_generated|_~16              ; out0             ;
; |dec4to16|lpm_mux:Mux5|mux_joc:auto_generated|_~17              ; |dec4to16|lpm_mux:Mux5|mux_joc:auto_generated|_~17              ; out0             ;
; |dec4to16|lpm_mux:Mux5|mux_joc:auto_generated|_~18              ; |dec4to16|lpm_mux:Mux5|mux_joc:auto_generated|_~18              ; out0             ;
; |dec4to16|lpm_mux:Mux5|mux_joc:auto_generated|_~23              ; |dec4to16|lpm_mux:Mux5|mux_joc:auto_generated|_~23              ; out0             ;
; |dec4to16|lpm_mux:Mux5|mux_joc:auto_generated|_~25              ; |dec4to16|lpm_mux:Mux5|mux_joc:auto_generated|_~25              ; out0             ;
; |dec4to16|lpm_mux:Mux5|mux_joc:auto_generated|_~27              ; |dec4to16|lpm_mux:Mux5|mux_joc:auto_generated|_~27              ; out0             ;
; |dec4to16|lpm_mux:Mux5|mux_joc:auto_generated|_~28              ; |dec4to16|lpm_mux:Mux5|mux_joc:auto_generated|_~28              ; out0             ;
; |dec4to16|lpm_mux:Mux5|mux_joc:auto_generated|_~29              ; |dec4to16|lpm_mux:Mux5|mux_joc:auto_generated|_~29              ; out0             ;
; |dec4to16|lpm_mux:Mux5|mux_joc:auto_generated|_~30              ; |dec4to16|lpm_mux:Mux5|mux_joc:auto_generated|_~30              ; out0             ;
; |dec4to16|lpm_mux:Mux5|mux_joc:auto_generated|_~32              ; |dec4to16|lpm_mux:Mux5|mux_joc:auto_generated|_~32              ; out0             ;
; |dec4to16|lpm_mux:Mux5|mux_joc:auto_generated|_~34              ; |dec4to16|lpm_mux:Mux5|mux_joc:auto_generated|_~34              ; out0             ;
; |dec4to16|lpm_mux:Mux5|mux_joc:auto_generated|_~36              ; |dec4to16|lpm_mux:Mux5|mux_joc:auto_generated|_~36              ; out0             ;
; |dec4to16|lpm_mux:Mux5|mux_joc:auto_generated|_~37              ; |dec4to16|lpm_mux:Mux5|mux_joc:auto_generated|_~37              ; out0             ;
; |dec4to16|lpm_mux:Mux5|mux_joc:auto_generated|_~38              ; |dec4to16|lpm_mux:Mux5|mux_joc:auto_generated|_~38              ; out0             ;
; |dec4to16|lpm_mux:Mux5|mux_joc:auto_generated|_~39              ; |dec4to16|lpm_mux:Mux5|mux_joc:auto_generated|_~39              ; out0             ;
; |dec4to16|lpm_mux:Mux5|mux_joc:auto_generated|_~40              ; |dec4to16|lpm_mux:Mux5|mux_joc:auto_generated|_~40              ; out0             ;
; |dec4to16|lpm_mux:Mux5|mux_joc:auto_generated|_~45              ; |dec4to16|lpm_mux:Mux5|mux_joc:auto_generated|_~45              ; out0             ;
; |dec4to16|lpm_mux:Mux5|mux_joc:auto_generated|_~48              ; |dec4to16|lpm_mux:Mux5|mux_joc:auto_generated|_~48              ; out0             ;
; |dec4to16|lpm_mux:Mux5|mux_joc:auto_generated|_~50              ; |dec4to16|lpm_mux:Mux5|mux_joc:auto_generated|_~50              ; out0             ;
; |dec4to16|lpm_mux:Mux5|mux_joc:auto_generated|_~53              ; |dec4to16|lpm_mux:Mux5|mux_joc:auto_generated|_~53              ; out0             ;
; |dec4to16|lpm_mux:Mux5|mux_joc:auto_generated|_~54              ; |dec4to16|lpm_mux:Mux5|mux_joc:auto_generated|_~54              ; out0             ;
; |dec4to16|lpm_mux:Mux5|mux_joc:auto_generated|_~55              ; |dec4to16|lpm_mux:Mux5|mux_joc:auto_generated|_~55              ; out0             ;
; |dec4to16|lpm_mux:Mux5|mux_joc:auto_generated|_~57              ; |dec4to16|lpm_mux:Mux5|mux_joc:auto_generated|_~57              ; out0             ;
; |dec4to16|lpm_mux:Mux5|mux_joc:auto_generated|_~59              ; |dec4to16|lpm_mux:Mux5|mux_joc:auto_generated|_~59              ; out0             ;
; |dec4to16|lpm_mux:Mux5|mux_joc:auto_generated|_~62              ; |dec4to16|lpm_mux:Mux5|mux_joc:auto_generated|_~62              ; out0             ;
; |dec4to16|lpm_mux:Mux5|mux_joc:auto_generated|_~63              ; |dec4to16|lpm_mux:Mux5|mux_joc:auto_generated|_~63              ; out0             ;
; |dec4to16|lpm_mux:Mux5|mux_joc:auto_generated|_~64              ; |dec4to16|lpm_mux:Mux5|mux_joc:auto_generated|_~64              ; out0             ;
; |dec4to16|lpm_mux:Mux5|mux_joc:auto_generated|_~65              ; |dec4to16|lpm_mux:Mux5|mux_joc:auto_generated|_~65              ; out0             ;
; |dec4to16|lpm_mux:Mux5|mux_joc:auto_generated|_~66              ; |dec4to16|lpm_mux:Mux5|mux_joc:auto_generated|_~66              ; out0             ;
; |dec4to16|lpm_mux:Mux5|mux_joc:auto_generated|_~67              ; |dec4to16|lpm_mux:Mux5|mux_joc:auto_generated|_~67              ; out0             ;
; |dec4to16|lpm_mux:Mux5|mux_joc:auto_generated|_~68              ; |dec4to16|lpm_mux:Mux5|mux_joc:auto_generated|_~68              ; out0             ;
; |dec4to16|lpm_mux:Mux5|mux_joc:auto_generated|_~73              ; |dec4to16|lpm_mux:Mux5|mux_joc:auto_generated|_~73              ; out0             ;
; |dec4to16|lpm_mux:Mux5|mux_joc:auto_generated|_~75              ; |dec4to16|lpm_mux:Mux5|mux_joc:auto_generated|_~75              ; out0             ;
; |dec4to16|lpm_mux:Mux5|mux_joc:auto_generated|_~77              ; |dec4to16|lpm_mux:Mux5|mux_joc:auto_generated|_~77              ; out0             ;
; |dec4to16|lpm_mux:Mux5|mux_joc:auto_generated|_~78              ; |dec4to16|lpm_mux:Mux5|mux_joc:auto_generated|_~78              ; out0             ;
; |dec4to16|lpm_mux:Mux5|mux_joc:auto_generated|_~79              ; |dec4to16|lpm_mux:Mux5|mux_joc:auto_generated|_~79              ; out0             ;
; |dec4to16|lpm_mux:Mux5|mux_joc:auto_generated|_~80              ; |dec4to16|lpm_mux:Mux5|mux_joc:auto_generated|_~80              ; out0             ;
; |dec4to16|lpm_mux:Mux5|mux_joc:auto_generated|_~82              ; |dec4to16|lpm_mux:Mux5|mux_joc:auto_generated|_~82              ; out0             ;
; |dec4to16|lpm_mux:Mux5|mux_joc:auto_generated|_~84              ; |dec4to16|lpm_mux:Mux5|mux_joc:auto_generated|_~84              ; out0             ;
; |dec4to16|lpm_mux:Mux5|mux_joc:auto_generated|_~86              ; |dec4to16|lpm_mux:Mux5|mux_joc:auto_generated|_~86              ; out0             ;
; |dec4to16|lpm_mux:Mux5|mux_joc:auto_generated|_~87              ; |dec4to16|lpm_mux:Mux5|mux_joc:auto_generated|_~87              ; out0             ;
; |dec4to16|lpm_mux:Mux5|mux_joc:auto_generated|_~88              ; |dec4to16|lpm_mux:Mux5|mux_joc:auto_generated|_~88              ; out0             ;
; |dec4to16|lpm_mux:Mux5|mux_joc:auto_generated|_~89              ; |dec4to16|lpm_mux:Mux5|mux_joc:auto_generated|_~89              ; out0             ;
; |dec4to16|lpm_mux:Mux5|mux_joc:auto_generated|_~90              ; |dec4to16|lpm_mux:Mux5|mux_joc:auto_generated|_~90              ; out0             ;
; |dec4to16|lpm_mux:Mux5|mux_joc:auto_generated|_~95              ; |dec4to16|lpm_mux:Mux5|mux_joc:auto_generated|_~95              ; out0             ;
; |dec4to16|lpm_mux:Mux5|mux_joc:auto_generated|_~98              ; |dec4to16|lpm_mux:Mux5|mux_joc:auto_generated|_~98              ; out0             ;
; |dec4to16|lpm_mux:Mux5|mux_joc:auto_generated|_~100             ; |dec4to16|lpm_mux:Mux5|mux_joc:auto_generated|_~100             ; out0             ;
; |dec4to16|lpm_mux:Mux5|mux_joc:auto_generated|_~103             ; |dec4to16|lpm_mux:Mux5|mux_joc:auto_generated|_~103             ; out0             ;
; |dec4to16|lpm_mux:Mux5|mux_joc:auto_generated|_~104             ; |dec4to16|lpm_mux:Mux5|mux_joc:auto_generated|_~104             ; out0             ;
; |dec4to16|lpm_mux:Mux5|mux_joc:auto_generated|_~105             ; |dec4to16|lpm_mux:Mux5|mux_joc:auto_generated|_~105             ; out0             ;
; |dec4to16|lpm_mux:Mux5|mux_joc:auto_generated|_~107             ; |dec4to16|lpm_mux:Mux5|mux_joc:auto_generated|_~107             ; out0             ;
; |dec4to16|lpm_mux:Mux5|mux_joc:auto_generated|_~109             ; |dec4to16|lpm_mux:Mux5|mux_joc:auto_generated|_~109             ; out0             ;
; |dec4to16|lpm_mux:Mux5|mux_joc:auto_generated|_~112             ; |dec4to16|lpm_mux:Mux5|mux_joc:auto_generated|_~112             ; out0             ;
; |dec4to16|lpm_mux:Mux5|mux_joc:auto_generated|_~113             ; |dec4to16|lpm_mux:Mux5|mux_joc:auto_generated|_~113             ; out0             ;
; |dec4to16|lpm_mux:Mux5|mux_joc:auto_generated|_~114             ; |dec4to16|lpm_mux:Mux5|mux_joc:auto_generated|_~114             ; out0             ;
; |dec4to16|lpm_mux:Mux5|mux_joc:auto_generated|_~115             ; |dec4to16|lpm_mux:Mux5|mux_joc:auto_generated|_~115             ; out0             ;
; |dec4to16|lpm_mux:Mux5|mux_joc:auto_generated|_~116             ; |dec4to16|lpm_mux:Mux5|mux_joc:auto_generated|_~116             ; out0             ;
; |dec4to16|lpm_mux:Mux5|mux_joc:auto_generated|_~117             ; |dec4to16|lpm_mux:Mux5|mux_joc:auto_generated|_~117             ; out0             ;
; |dec4to16|lpm_mux:Mux5|mux_joc:auto_generated|_~118             ; |dec4to16|lpm_mux:Mux5|mux_joc:auto_generated|_~118             ; out0             ;
; |dec4to16|lpm_mux:Mux5|mux_joc:auto_generated|_~122             ; |dec4to16|lpm_mux:Mux5|mux_joc:auto_generated|_~122             ; out0             ;
; |dec4to16|lpm_mux:Mux5|mux_joc:auto_generated|_~124             ; |dec4to16|lpm_mux:Mux5|mux_joc:auto_generated|_~124             ; out0             ;
; |dec4to16|lpm_mux:Mux5|mux_joc:auto_generated|_~126             ; |dec4to16|lpm_mux:Mux5|mux_joc:auto_generated|_~126             ; out0             ;
; |dec4to16|lpm_mux:Mux5|mux_joc:auto_generated|_~127             ; |dec4to16|lpm_mux:Mux5|mux_joc:auto_generated|_~127             ; out0             ;
; |dec4to16|lpm_mux:Mux5|mux_joc:auto_generated|_~128             ; |dec4to16|lpm_mux:Mux5|mux_joc:auto_generated|_~128             ; out0             ;
; |dec4to16|lpm_mux:Mux5|mux_joc:auto_generated|_~129             ; |dec4to16|lpm_mux:Mux5|mux_joc:auto_generated|_~129             ; out0             ;
; |dec4to16|lpm_mux:Mux5|mux_joc:auto_generated|_~131             ; |dec4to16|lpm_mux:Mux5|mux_joc:auto_generated|_~131             ; out0             ;
; |dec4to16|lpm_mux:Mux5|mux_joc:auto_generated|_~133             ; |dec4to16|lpm_mux:Mux5|mux_joc:auto_generated|_~133             ; out0             ;
; |dec4to16|lpm_mux:Mux5|mux_joc:auto_generated|_~135             ; |dec4to16|lpm_mux:Mux5|mux_joc:auto_generated|_~135             ; out0             ;
; |dec4to16|lpm_mux:Mux5|mux_joc:auto_generated|_~136             ; |dec4to16|lpm_mux:Mux5|mux_joc:auto_generated|_~136             ; out0             ;
; |dec4to16|lpm_mux:Mux5|mux_joc:auto_generated|_~137             ; |dec4to16|lpm_mux:Mux5|mux_joc:auto_generated|_~137             ; out0             ;
; |dec4to16|lpm_mux:Mux5|mux_joc:auto_generated|_~138             ; |dec4to16|lpm_mux:Mux5|mux_joc:auto_generated|_~138             ; out0             ;
; |dec4to16|lpm_mux:Mux5|mux_joc:auto_generated|_~139             ; |dec4to16|lpm_mux:Mux5|mux_joc:auto_generated|_~139             ; out0             ;
; |dec4to16|lpm_mux:Mux5|mux_joc:auto_generated|_~142             ; |dec4to16|lpm_mux:Mux5|mux_joc:auto_generated|_~142             ; out0             ;
; |dec4to16|lpm_mux:Mux5|mux_joc:auto_generated|_~143             ; |dec4to16|lpm_mux:Mux5|mux_joc:auto_generated|_~143             ; out0             ;
; |dec4to16|lpm_mux:Mux4|mux_joc:auto_generated|_~1               ; |dec4to16|lpm_mux:Mux4|mux_joc:auto_generated|_~1               ; out0             ;
; |dec4to16|lpm_mux:Mux4|mux_joc:auto_generated|_~3               ; |dec4to16|lpm_mux:Mux4|mux_joc:auto_generated|_~3               ; out0             ;
; |dec4to16|lpm_mux:Mux4|mux_joc:auto_generated|_~5               ; |dec4to16|lpm_mux:Mux4|mux_joc:auto_generated|_~5               ; out0             ;
; |dec4to16|lpm_mux:Mux4|mux_joc:auto_generated|_~6               ; |dec4to16|lpm_mux:Mux4|mux_joc:auto_generated|_~6               ; out0             ;
; |dec4to16|lpm_mux:Mux4|mux_joc:auto_generated|_~7               ; |dec4to16|lpm_mux:Mux4|mux_joc:auto_generated|_~7               ; out0             ;
; |dec4to16|lpm_mux:Mux4|mux_joc:auto_generated|_~8               ; |dec4to16|lpm_mux:Mux4|mux_joc:auto_generated|_~8               ; out0             ;
; |dec4to16|lpm_mux:Mux4|mux_joc:auto_generated|_~10              ; |dec4to16|lpm_mux:Mux4|mux_joc:auto_generated|_~10              ; out0             ;
; |dec4to16|lpm_mux:Mux4|mux_joc:auto_generated|_~12              ; |dec4to16|lpm_mux:Mux4|mux_joc:auto_generated|_~12              ; out0             ;
; |dec4to16|lpm_mux:Mux4|mux_joc:auto_generated|_~14              ; |dec4to16|lpm_mux:Mux4|mux_joc:auto_generated|_~14              ; out0             ;
; |dec4to16|lpm_mux:Mux4|mux_joc:auto_generated|_~15              ; |dec4to16|lpm_mux:Mux4|mux_joc:auto_generated|_~15              ; out0             ;
; |dec4to16|lpm_mux:Mux4|mux_joc:auto_generated|_~16              ; |dec4to16|lpm_mux:Mux4|mux_joc:auto_generated|_~16              ; out0             ;
; |dec4to16|lpm_mux:Mux4|mux_joc:auto_generated|_~17              ; |dec4to16|lpm_mux:Mux4|mux_joc:auto_generated|_~17              ; out0             ;
; |dec4to16|lpm_mux:Mux4|mux_joc:auto_generated|_~18              ; |dec4to16|lpm_mux:Mux4|mux_joc:auto_generated|_~18              ; out0             ;
; |dec4to16|lpm_mux:Mux4|mux_joc:auto_generated|_~23              ; |dec4to16|lpm_mux:Mux4|mux_joc:auto_generated|_~23              ; out0             ;
; |dec4to16|lpm_mux:Mux4|mux_joc:auto_generated|_~25              ; |dec4to16|lpm_mux:Mux4|mux_joc:auto_generated|_~25              ; out0             ;
; |dec4to16|lpm_mux:Mux4|mux_joc:auto_generated|_~27              ; |dec4to16|lpm_mux:Mux4|mux_joc:auto_generated|_~27              ; out0             ;
; |dec4to16|lpm_mux:Mux4|mux_joc:auto_generated|_~28              ; |dec4to16|lpm_mux:Mux4|mux_joc:auto_generated|_~28              ; out0             ;
; |dec4to16|lpm_mux:Mux4|mux_joc:auto_generated|_~29              ; |dec4to16|lpm_mux:Mux4|mux_joc:auto_generated|_~29              ; out0             ;
; |dec4to16|lpm_mux:Mux4|mux_joc:auto_generated|_~30              ; |dec4to16|lpm_mux:Mux4|mux_joc:auto_generated|_~30              ; out0             ;
; |dec4to16|lpm_mux:Mux4|mux_joc:auto_generated|_~32              ; |dec4to16|lpm_mux:Mux4|mux_joc:auto_generated|_~32              ; out0             ;
; |dec4to16|lpm_mux:Mux4|mux_joc:auto_generated|_~34              ; |dec4to16|lpm_mux:Mux4|mux_joc:auto_generated|_~34              ; out0             ;
; |dec4to16|lpm_mux:Mux4|mux_joc:auto_generated|_~36              ; |dec4to16|lpm_mux:Mux4|mux_joc:auto_generated|_~36              ; out0             ;
; |dec4to16|lpm_mux:Mux4|mux_joc:auto_generated|_~37              ; |dec4to16|lpm_mux:Mux4|mux_joc:auto_generated|_~37              ; out0             ;
; |dec4to16|lpm_mux:Mux4|mux_joc:auto_generated|_~38              ; |dec4to16|lpm_mux:Mux4|mux_joc:auto_generated|_~38              ; out0             ;
; |dec4to16|lpm_mux:Mux4|mux_joc:auto_generated|_~39              ; |dec4to16|lpm_mux:Mux4|mux_joc:auto_generated|_~39              ; out0             ;
; |dec4to16|lpm_mux:Mux4|mux_joc:auto_generated|_~40              ; |dec4to16|lpm_mux:Mux4|mux_joc:auto_generated|_~40              ; out0             ;
; |dec4to16|lpm_mux:Mux4|mux_joc:auto_generated|_~45              ; |dec4to16|lpm_mux:Mux4|mux_joc:auto_generated|_~45              ; out0             ;
; |dec4to16|lpm_mux:Mux4|mux_joc:auto_generated|_~48              ; |dec4to16|lpm_mux:Mux4|mux_joc:auto_generated|_~48              ; out0             ;
; |dec4to16|lpm_mux:Mux4|mux_joc:auto_generated|_~50              ; |dec4to16|lpm_mux:Mux4|mux_joc:auto_generated|_~50              ; out0             ;
; |dec4to16|lpm_mux:Mux4|mux_joc:auto_generated|_~52              ; |dec4to16|lpm_mux:Mux4|mux_joc:auto_generated|_~52              ; out0             ;
; |dec4to16|lpm_mux:Mux4|mux_joc:auto_generated|_~53              ; |dec4to16|lpm_mux:Mux4|mux_joc:auto_generated|_~53              ; out0             ;
; |dec4to16|lpm_mux:Mux4|mux_joc:auto_generated|_~54              ; |dec4to16|lpm_mux:Mux4|mux_joc:auto_generated|_~54              ; out0             ;
; |dec4to16|lpm_mux:Mux4|mux_joc:auto_generated|_~55              ; |dec4to16|lpm_mux:Mux4|mux_joc:auto_generated|_~55              ; out0             ;
; |dec4to16|lpm_mux:Mux4|mux_joc:auto_generated|_~57              ; |dec4to16|lpm_mux:Mux4|mux_joc:auto_generated|_~57              ; out0             ;
; |dec4to16|lpm_mux:Mux4|mux_joc:auto_generated|_~59              ; |dec4to16|lpm_mux:Mux4|mux_joc:auto_generated|_~59              ; out0             ;
; |dec4to16|lpm_mux:Mux4|mux_joc:auto_generated|_~61              ; |dec4to16|lpm_mux:Mux4|mux_joc:auto_generated|_~61              ; out0             ;
; |dec4to16|lpm_mux:Mux4|mux_joc:auto_generated|_~62              ; |dec4to16|lpm_mux:Mux4|mux_joc:auto_generated|_~62              ; out0             ;
; |dec4to16|lpm_mux:Mux4|mux_joc:auto_generated|_~63              ; |dec4to16|lpm_mux:Mux4|mux_joc:auto_generated|_~63              ; out0             ;
; |dec4to16|lpm_mux:Mux4|mux_joc:auto_generated|_~64              ; |dec4to16|lpm_mux:Mux4|mux_joc:auto_generated|_~64              ; out0             ;
; |dec4to16|lpm_mux:Mux4|mux_joc:auto_generated|_~66              ; |dec4to16|lpm_mux:Mux4|mux_joc:auto_generated|_~66              ; out0             ;
; |dec4to16|lpm_mux:Mux4|mux_joc:auto_generated|_~67              ; |dec4to16|lpm_mux:Mux4|mux_joc:auto_generated|_~67              ; out0             ;
; |dec4to16|lpm_mux:Mux4|mux_joc:auto_generated|_~68              ; |dec4to16|lpm_mux:Mux4|mux_joc:auto_generated|_~68              ; out0             ;
; |dec4to16|lpm_mux:Mux4|mux_joc:auto_generated|_~69              ; |dec4to16|lpm_mux:Mux4|mux_joc:auto_generated|_~69              ; out0             ;
; |dec4to16|lpm_mux:Mux4|mux_joc:auto_generated|_~70              ; |dec4to16|lpm_mux:Mux4|mux_joc:auto_generated|_~70              ; out0             ;
; |dec4to16|lpm_mux:Mux4|mux_joc:auto_generated|_~71              ; |dec4to16|lpm_mux:Mux4|mux_joc:auto_generated|_~71              ; out0             ;
; |dec4to16|lpm_mux:Mux4|mux_joc:auto_generated|_~73              ; |dec4to16|lpm_mux:Mux4|mux_joc:auto_generated|_~73              ; out0             ;
; |dec4to16|lpm_mux:Mux4|mux_joc:auto_generated|_~75              ; |dec4to16|lpm_mux:Mux4|mux_joc:auto_generated|_~75              ; out0             ;
; |dec4to16|lpm_mux:Mux4|mux_joc:auto_generated|_~77              ; |dec4to16|lpm_mux:Mux4|mux_joc:auto_generated|_~77              ; out0             ;
; |dec4to16|lpm_mux:Mux4|mux_joc:auto_generated|_~78              ; |dec4to16|lpm_mux:Mux4|mux_joc:auto_generated|_~78              ; out0             ;
; |dec4to16|lpm_mux:Mux4|mux_joc:auto_generated|_~79              ; |dec4to16|lpm_mux:Mux4|mux_joc:auto_generated|_~79              ; out0             ;
; |dec4to16|lpm_mux:Mux4|mux_joc:auto_generated|_~80              ; |dec4to16|lpm_mux:Mux4|mux_joc:auto_generated|_~80              ; out0             ;
; |dec4to16|lpm_mux:Mux4|mux_joc:auto_generated|_~82              ; |dec4to16|lpm_mux:Mux4|mux_joc:auto_generated|_~82              ; out0             ;
; |dec4to16|lpm_mux:Mux4|mux_joc:auto_generated|_~84              ; |dec4to16|lpm_mux:Mux4|mux_joc:auto_generated|_~84              ; out0             ;
; |dec4to16|lpm_mux:Mux4|mux_joc:auto_generated|_~86              ; |dec4to16|lpm_mux:Mux4|mux_joc:auto_generated|_~86              ; out0             ;
; |dec4to16|lpm_mux:Mux4|mux_joc:auto_generated|_~87              ; |dec4to16|lpm_mux:Mux4|mux_joc:auto_generated|_~87              ; out0             ;
; |dec4to16|lpm_mux:Mux4|mux_joc:auto_generated|_~88              ; |dec4to16|lpm_mux:Mux4|mux_joc:auto_generated|_~88              ; out0             ;
; |dec4to16|lpm_mux:Mux4|mux_joc:auto_generated|_~89              ; |dec4to16|lpm_mux:Mux4|mux_joc:auto_generated|_~89              ; out0             ;
; |dec4to16|lpm_mux:Mux4|mux_joc:auto_generated|_~90              ; |dec4to16|lpm_mux:Mux4|mux_joc:auto_generated|_~90              ; out0             ;
; |dec4to16|lpm_mux:Mux4|mux_joc:auto_generated|_~95              ; |dec4to16|lpm_mux:Mux4|mux_joc:auto_generated|_~95              ; out0             ;
; |dec4to16|lpm_mux:Mux4|mux_joc:auto_generated|_~98              ; |dec4to16|lpm_mux:Mux4|mux_joc:auto_generated|_~98              ; out0             ;
; |dec4to16|lpm_mux:Mux4|mux_joc:auto_generated|_~100             ; |dec4to16|lpm_mux:Mux4|mux_joc:auto_generated|_~100             ; out0             ;
; |dec4to16|lpm_mux:Mux4|mux_joc:auto_generated|_~102             ; |dec4to16|lpm_mux:Mux4|mux_joc:auto_generated|_~102             ; out0             ;
; |dec4to16|lpm_mux:Mux4|mux_joc:auto_generated|_~103             ; |dec4to16|lpm_mux:Mux4|mux_joc:auto_generated|_~103             ; out0             ;
; |dec4to16|lpm_mux:Mux4|mux_joc:auto_generated|_~104             ; |dec4to16|lpm_mux:Mux4|mux_joc:auto_generated|_~104             ; out0             ;
; |dec4to16|lpm_mux:Mux4|mux_joc:auto_generated|_~105             ; |dec4to16|lpm_mux:Mux4|mux_joc:auto_generated|_~105             ; out0             ;
; |dec4to16|lpm_mux:Mux4|mux_joc:auto_generated|_~107             ; |dec4to16|lpm_mux:Mux4|mux_joc:auto_generated|_~107             ; out0             ;
; |dec4to16|lpm_mux:Mux4|mux_joc:auto_generated|_~109             ; |dec4to16|lpm_mux:Mux4|mux_joc:auto_generated|_~109             ; out0             ;
; |dec4to16|lpm_mux:Mux4|mux_joc:auto_generated|_~111             ; |dec4to16|lpm_mux:Mux4|mux_joc:auto_generated|_~111             ; out0             ;
; |dec4to16|lpm_mux:Mux4|mux_joc:auto_generated|_~112             ; |dec4to16|lpm_mux:Mux4|mux_joc:auto_generated|_~112             ; out0             ;
; |dec4to16|lpm_mux:Mux4|mux_joc:auto_generated|_~113             ; |dec4to16|lpm_mux:Mux4|mux_joc:auto_generated|_~113             ; out0             ;
; |dec4to16|lpm_mux:Mux4|mux_joc:auto_generated|_~114             ; |dec4to16|lpm_mux:Mux4|mux_joc:auto_generated|_~114             ; out0             ;
; |dec4to16|lpm_mux:Mux4|mux_joc:auto_generated|_~116             ; |dec4to16|lpm_mux:Mux4|mux_joc:auto_generated|_~116             ; out0             ;
; |dec4to16|lpm_mux:Mux4|mux_joc:auto_generated|_~117             ; |dec4to16|lpm_mux:Mux4|mux_joc:auto_generated|_~117             ; out0             ;
; |dec4to16|lpm_mux:Mux4|mux_joc:auto_generated|_~118             ; |dec4to16|lpm_mux:Mux4|mux_joc:auto_generated|_~118             ; out0             ;
; |dec4to16|lpm_mux:Mux4|mux_joc:auto_generated|_~119             ; |dec4to16|lpm_mux:Mux4|mux_joc:auto_generated|_~119             ; out0             ;
; |dec4to16|lpm_mux:Mux4|mux_joc:auto_generated|_~120             ; |dec4to16|lpm_mux:Mux4|mux_joc:auto_generated|_~120             ; out0             ;
; |dec4to16|lpm_mux:Mux4|mux_joc:auto_generated|_~122             ; |dec4to16|lpm_mux:Mux4|mux_joc:auto_generated|_~122             ; out0             ;
; |dec4to16|lpm_mux:Mux4|mux_joc:auto_generated|_~124             ; |dec4to16|lpm_mux:Mux4|mux_joc:auto_generated|_~124             ; out0             ;
; |dec4to16|lpm_mux:Mux4|mux_joc:auto_generated|_~126             ; |dec4to16|lpm_mux:Mux4|mux_joc:auto_generated|_~126             ; out0             ;
; |dec4to16|lpm_mux:Mux4|mux_joc:auto_generated|_~127             ; |dec4to16|lpm_mux:Mux4|mux_joc:auto_generated|_~127             ; out0             ;
; |dec4to16|lpm_mux:Mux4|mux_joc:auto_generated|_~128             ; |dec4to16|lpm_mux:Mux4|mux_joc:auto_generated|_~128             ; out0             ;
; |dec4to16|lpm_mux:Mux4|mux_joc:auto_generated|_~129             ; |dec4to16|lpm_mux:Mux4|mux_joc:auto_generated|_~129             ; out0             ;
; |dec4to16|lpm_mux:Mux4|mux_joc:auto_generated|_~131             ; |dec4to16|lpm_mux:Mux4|mux_joc:auto_generated|_~131             ; out0             ;
; |dec4to16|lpm_mux:Mux4|mux_joc:auto_generated|_~133             ; |dec4to16|lpm_mux:Mux4|mux_joc:auto_generated|_~133             ; out0             ;
; |dec4to16|lpm_mux:Mux4|mux_joc:auto_generated|_~135             ; |dec4to16|lpm_mux:Mux4|mux_joc:auto_generated|_~135             ; out0             ;
; |dec4to16|lpm_mux:Mux4|mux_joc:auto_generated|_~136             ; |dec4to16|lpm_mux:Mux4|mux_joc:auto_generated|_~136             ; out0             ;
; |dec4to16|lpm_mux:Mux4|mux_joc:auto_generated|_~137             ; |dec4to16|lpm_mux:Mux4|mux_joc:auto_generated|_~137             ; out0             ;
; |dec4to16|lpm_mux:Mux4|mux_joc:auto_generated|_~138             ; |dec4to16|lpm_mux:Mux4|mux_joc:auto_generated|_~138             ; out0             ;
; |dec4to16|lpm_mux:Mux4|mux_joc:auto_generated|_~139             ; |dec4to16|lpm_mux:Mux4|mux_joc:auto_generated|_~139             ; out0             ;
; |dec4to16|lpm_mux:Mux4|mux_joc:auto_generated|_~142             ; |dec4to16|lpm_mux:Mux4|mux_joc:auto_generated|_~142             ; out0             ;
; |dec4to16|lpm_mux:Mux4|mux_joc:auto_generated|_~143             ; |dec4to16|lpm_mux:Mux4|mux_joc:auto_generated|_~143             ; out0             ;
; |dec4to16|lpm_mux:Mux4|mux_joc:auto_generated|result_node[0]~1  ; |dec4to16|lpm_mux:Mux4|mux_joc:auto_generated|result_node[0]~1  ; out0             ;
; |dec4to16|lpm_mux:Mux4|mux_joc:auto_generated|result_node[0]    ; |dec4to16|lpm_mux:Mux4|mux_joc:auto_generated|result_node[0]    ; out0             ;
; |dec4to16|lpm_mux:Mux3|mux_joc:auto_generated|_~1               ; |dec4to16|lpm_mux:Mux3|mux_joc:auto_generated|_~1               ; out0             ;
; |dec4to16|lpm_mux:Mux3|mux_joc:auto_generated|_~3               ; |dec4to16|lpm_mux:Mux3|mux_joc:auto_generated|_~3               ; out0             ;
; |dec4to16|lpm_mux:Mux3|mux_joc:auto_generated|_~5               ; |dec4to16|lpm_mux:Mux3|mux_joc:auto_generated|_~5               ; out0             ;
; |dec4to16|lpm_mux:Mux3|mux_joc:auto_generated|_~6               ; |dec4to16|lpm_mux:Mux3|mux_joc:auto_generated|_~6               ; out0             ;
; |dec4to16|lpm_mux:Mux3|mux_joc:auto_generated|_~7               ; |dec4to16|lpm_mux:Mux3|mux_joc:auto_generated|_~7               ; out0             ;
; |dec4to16|lpm_mux:Mux3|mux_joc:auto_generated|_~8               ; |dec4to16|lpm_mux:Mux3|mux_joc:auto_generated|_~8               ; out0             ;
; |dec4to16|lpm_mux:Mux3|mux_joc:auto_generated|_~10              ; |dec4to16|lpm_mux:Mux3|mux_joc:auto_generated|_~10              ; out0             ;
; |dec4to16|lpm_mux:Mux3|mux_joc:auto_generated|_~12              ; |dec4to16|lpm_mux:Mux3|mux_joc:auto_generated|_~12              ; out0             ;
; |dec4to16|lpm_mux:Mux3|mux_joc:auto_generated|_~14              ; |dec4to16|lpm_mux:Mux3|mux_joc:auto_generated|_~14              ; out0             ;
; |dec4to16|lpm_mux:Mux3|mux_joc:auto_generated|_~15              ; |dec4to16|lpm_mux:Mux3|mux_joc:auto_generated|_~15              ; out0             ;
; |dec4to16|lpm_mux:Mux3|mux_joc:auto_generated|_~16              ; |dec4to16|lpm_mux:Mux3|mux_joc:auto_generated|_~16              ; out0             ;
; |dec4to16|lpm_mux:Mux3|mux_joc:auto_generated|_~17              ; |dec4to16|lpm_mux:Mux3|mux_joc:auto_generated|_~17              ; out0             ;
; |dec4to16|lpm_mux:Mux3|mux_joc:auto_generated|_~18              ; |dec4to16|lpm_mux:Mux3|mux_joc:auto_generated|_~18              ; out0             ;
; |dec4to16|lpm_mux:Mux3|mux_joc:auto_generated|_~23              ; |dec4to16|lpm_mux:Mux3|mux_joc:auto_generated|_~23              ; out0             ;
; |dec4to16|lpm_mux:Mux3|mux_joc:auto_generated|_~25              ; |dec4to16|lpm_mux:Mux3|mux_joc:auto_generated|_~25              ; out0             ;
; |dec4to16|lpm_mux:Mux3|mux_joc:auto_generated|_~27              ; |dec4to16|lpm_mux:Mux3|mux_joc:auto_generated|_~27              ; out0             ;
; |dec4to16|lpm_mux:Mux3|mux_joc:auto_generated|_~28              ; |dec4to16|lpm_mux:Mux3|mux_joc:auto_generated|_~28              ; out0             ;
; |dec4to16|lpm_mux:Mux3|mux_joc:auto_generated|_~29              ; |dec4to16|lpm_mux:Mux3|mux_joc:auto_generated|_~29              ; out0             ;
; |dec4to16|lpm_mux:Mux3|mux_joc:auto_generated|_~30              ; |dec4to16|lpm_mux:Mux3|mux_joc:auto_generated|_~30              ; out0             ;
; |dec4to16|lpm_mux:Mux3|mux_joc:auto_generated|_~32              ; |dec4to16|lpm_mux:Mux3|mux_joc:auto_generated|_~32              ; out0             ;
; |dec4to16|lpm_mux:Mux3|mux_joc:auto_generated|_~34              ; |dec4to16|lpm_mux:Mux3|mux_joc:auto_generated|_~34              ; out0             ;
; |dec4to16|lpm_mux:Mux3|mux_joc:auto_generated|_~36              ; |dec4to16|lpm_mux:Mux3|mux_joc:auto_generated|_~36              ; out0             ;
; |dec4to16|lpm_mux:Mux3|mux_joc:auto_generated|_~37              ; |dec4to16|lpm_mux:Mux3|mux_joc:auto_generated|_~37              ; out0             ;
; |dec4to16|lpm_mux:Mux3|mux_joc:auto_generated|_~38              ; |dec4to16|lpm_mux:Mux3|mux_joc:auto_generated|_~38              ; out0             ;
; |dec4to16|lpm_mux:Mux3|mux_joc:auto_generated|_~39              ; |dec4to16|lpm_mux:Mux3|mux_joc:auto_generated|_~39              ; out0             ;
; |dec4to16|lpm_mux:Mux3|mux_joc:auto_generated|_~40              ; |dec4to16|lpm_mux:Mux3|mux_joc:auto_generated|_~40              ; out0             ;
; |dec4to16|lpm_mux:Mux3|mux_joc:auto_generated|_~45              ; |dec4to16|lpm_mux:Mux3|mux_joc:auto_generated|_~45              ; out0             ;
; |dec4to16|lpm_mux:Mux3|mux_joc:auto_generated|_~48              ; |dec4to16|lpm_mux:Mux3|mux_joc:auto_generated|_~48              ; out0             ;
; |dec4to16|lpm_mux:Mux3|mux_joc:auto_generated|_~50              ; |dec4to16|lpm_mux:Mux3|mux_joc:auto_generated|_~50              ; out0             ;
; |dec4to16|lpm_mux:Mux3|mux_joc:auto_generated|_~52              ; |dec4to16|lpm_mux:Mux3|mux_joc:auto_generated|_~52              ; out0             ;
; |dec4to16|lpm_mux:Mux3|mux_joc:auto_generated|_~53              ; |dec4to16|lpm_mux:Mux3|mux_joc:auto_generated|_~53              ; out0             ;
; |dec4to16|lpm_mux:Mux3|mux_joc:auto_generated|_~54              ; |dec4to16|lpm_mux:Mux3|mux_joc:auto_generated|_~54              ; out0             ;
; |dec4to16|lpm_mux:Mux3|mux_joc:auto_generated|_~55              ; |dec4to16|lpm_mux:Mux3|mux_joc:auto_generated|_~55              ; out0             ;
; |dec4to16|lpm_mux:Mux3|mux_joc:auto_generated|_~57              ; |dec4to16|lpm_mux:Mux3|mux_joc:auto_generated|_~57              ; out0             ;
; |dec4to16|lpm_mux:Mux3|mux_joc:auto_generated|_~59              ; |dec4to16|lpm_mux:Mux3|mux_joc:auto_generated|_~59              ; out0             ;
; |dec4to16|lpm_mux:Mux3|mux_joc:auto_generated|_~61              ; |dec4to16|lpm_mux:Mux3|mux_joc:auto_generated|_~61              ; out0             ;
; |dec4to16|lpm_mux:Mux3|mux_joc:auto_generated|_~62              ; |dec4to16|lpm_mux:Mux3|mux_joc:auto_generated|_~62              ; out0             ;
; |dec4to16|lpm_mux:Mux3|mux_joc:auto_generated|_~63              ; |dec4to16|lpm_mux:Mux3|mux_joc:auto_generated|_~63              ; out0             ;
; |dec4to16|lpm_mux:Mux3|mux_joc:auto_generated|_~64              ; |dec4to16|lpm_mux:Mux3|mux_joc:auto_generated|_~64              ; out0             ;
; |dec4to16|lpm_mux:Mux3|mux_joc:auto_generated|_~65              ; |dec4to16|lpm_mux:Mux3|mux_joc:auto_generated|_~65              ; out0             ;
; |dec4to16|lpm_mux:Mux3|mux_joc:auto_generated|_~68              ; |dec4to16|lpm_mux:Mux3|mux_joc:auto_generated|_~68              ; out0             ;
; |dec4to16|lpm_mux:Mux3|mux_joc:auto_generated|_~73              ; |dec4to16|lpm_mux:Mux3|mux_joc:auto_generated|_~73              ; out0             ;
; |dec4to16|lpm_mux:Mux3|mux_joc:auto_generated|_~75              ; |dec4to16|lpm_mux:Mux3|mux_joc:auto_generated|_~75              ; out0             ;
; |dec4to16|lpm_mux:Mux3|mux_joc:auto_generated|_~77              ; |dec4to16|lpm_mux:Mux3|mux_joc:auto_generated|_~77              ; out0             ;
; |dec4to16|lpm_mux:Mux3|mux_joc:auto_generated|_~78              ; |dec4to16|lpm_mux:Mux3|mux_joc:auto_generated|_~78              ; out0             ;
; |dec4to16|lpm_mux:Mux3|mux_joc:auto_generated|_~79              ; |dec4to16|lpm_mux:Mux3|mux_joc:auto_generated|_~79              ; out0             ;
; |dec4to16|lpm_mux:Mux3|mux_joc:auto_generated|_~80              ; |dec4to16|lpm_mux:Mux3|mux_joc:auto_generated|_~80              ; out0             ;
; |dec4to16|lpm_mux:Mux3|mux_joc:auto_generated|_~82              ; |dec4to16|lpm_mux:Mux3|mux_joc:auto_generated|_~82              ; out0             ;
; |dec4to16|lpm_mux:Mux3|mux_joc:auto_generated|_~84              ; |dec4to16|lpm_mux:Mux3|mux_joc:auto_generated|_~84              ; out0             ;
; |dec4to16|lpm_mux:Mux3|mux_joc:auto_generated|_~86              ; |dec4to16|lpm_mux:Mux3|mux_joc:auto_generated|_~86              ; out0             ;
; |dec4to16|lpm_mux:Mux3|mux_joc:auto_generated|_~87              ; |dec4to16|lpm_mux:Mux3|mux_joc:auto_generated|_~87              ; out0             ;
; |dec4to16|lpm_mux:Mux3|mux_joc:auto_generated|_~88              ; |dec4to16|lpm_mux:Mux3|mux_joc:auto_generated|_~88              ; out0             ;
; |dec4to16|lpm_mux:Mux3|mux_joc:auto_generated|_~89              ; |dec4to16|lpm_mux:Mux3|mux_joc:auto_generated|_~89              ; out0             ;
; |dec4to16|lpm_mux:Mux3|mux_joc:auto_generated|_~90              ; |dec4to16|lpm_mux:Mux3|mux_joc:auto_generated|_~90              ; out0             ;
; |dec4to16|lpm_mux:Mux3|mux_joc:auto_generated|_~95              ; |dec4to16|lpm_mux:Mux3|mux_joc:auto_generated|_~95              ; out0             ;
; |dec4to16|lpm_mux:Mux3|mux_joc:auto_generated|_~98              ; |dec4to16|lpm_mux:Mux3|mux_joc:auto_generated|_~98              ; out0             ;
; |dec4to16|lpm_mux:Mux3|mux_joc:auto_generated|_~100             ; |dec4to16|lpm_mux:Mux3|mux_joc:auto_generated|_~100             ; out0             ;
; |dec4to16|lpm_mux:Mux3|mux_joc:auto_generated|_~102             ; |dec4to16|lpm_mux:Mux3|mux_joc:auto_generated|_~102             ; out0             ;
; |dec4to16|lpm_mux:Mux3|mux_joc:auto_generated|_~103             ; |dec4to16|lpm_mux:Mux3|mux_joc:auto_generated|_~103             ; out0             ;
; |dec4to16|lpm_mux:Mux3|mux_joc:auto_generated|_~104             ; |dec4to16|lpm_mux:Mux3|mux_joc:auto_generated|_~104             ; out0             ;
; |dec4to16|lpm_mux:Mux3|mux_joc:auto_generated|_~105             ; |dec4to16|lpm_mux:Mux3|mux_joc:auto_generated|_~105             ; out0             ;
; |dec4to16|lpm_mux:Mux3|mux_joc:auto_generated|_~107             ; |dec4to16|lpm_mux:Mux3|mux_joc:auto_generated|_~107             ; out0             ;
; |dec4to16|lpm_mux:Mux3|mux_joc:auto_generated|_~109             ; |dec4to16|lpm_mux:Mux3|mux_joc:auto_generated|_~109             ; out0             ;
; |dec4to16|lpm_mux:Mux3|mux_joc:auto_generated|_~111             ; |dec4to16|lpm_mux:Mux3|mux_joc:auto_generated|_~111             ; out0             ;
; |dec4to16|lpm_mux:Mux3|mux_joc:auto_generated|_~112             ; |dec4to16|lpm_mux:Mux3|mux_joc:auto_generated|_~112             ; out0             ;
; |dec4to16|lpm_mux:Mux3|mux_joc:auto_generated|_~113             ; |dec4to16|lpm_mux:Mux3|mux_joc:auto_generated|_~113             ; out0             ;
; |dec4to16|lpm_mux:Mux3|mux_joc:auto_generated|_~114             ; |dec4to16|lpm_mux:Mux3|mux_joc:auto_generated|_~114             ; out0             ;
; |dec4to16|lpm_mux:Mux3|mux_joc:auto_generated|_~115             ; |dec4to16|lpm_mux:Mux3|mux_joc:auto_generated|_~115             ; out0             ;
; |dec4to16|lpm_mux:Mux3|mux_joc:auto_generated|_~118             ; |dec4to16|lpm_mux:Mux3|mux_joc:auto_generated|_~118             ; out0             ;
; |dec4to16|lpm_mux:Mux3|mux_joc:auto_generated|_~122             ; |dec4to16|lpm_mux:Mux3|mux_joc:auto_generated|_~122             ; out0             ;
; |dec4to16|lpm_mux:Mux3|mux_joc:auto_generated|_~123             ; |dec4to16|lpm_mux:Mux3|mux_joc:auto_generated|_~123             ; out0             ;
; |dec4to16|lpm_mux:Mux3|mux_joc:auto_generated|_~124             ; |dec4to16|lpm_mux:Mux3|mux_joc:auto_generated|_~124             ; out0             ;
; |dec4to16|lpm_mux:Mux3|mux_joc:auto_generated|_~125             ; |dec4to16|lpm_mux:Mux3|mux_joc:auto_generated|_~125             ; out0             ;
; |dec4to16|lpm_mux:Mux3|mux_joc:auto_generated|_~126             ; |dec4to16|lpm_mux:Mux3|mux_joc:auto_generated|_~126             ; out0             ;
; |dec4to16|lpm_mux:Mux3|mux_joc:auto_generated|_~127             ; |dec4to16|lpm_mux:Mux3|mux_joc:auto_generated|_~127             ; out0             ;
; |dec4to16|lpm_mux:Mux3|mux_joc:auto_generated|_~128             ; |dec4to16|lpm_mux:Mux3|mux_joc:auto_generated|_~128             ; out0             ;
; |dec4to16|lpm_mux:Mux3|mux_joc:auto_generated|_~129             ; |dec4to16|lpm_mux:Mux3|mux_joc:auto_generated|_~129             ; out0             ;
; |dec4to16|lpm_mux:Mux3|mux_joc:auto_generated|_~131             ; |dec4to16|lpm_mux:Mux3|mux_joc:auto_generated|_~131             ; out0             ;
; |dec4to16|lpm_mux:Mux3|mux_joc:auto_generated|_~132             ; |dec4to16|lpm_mux:Mux3|mux_joc:auto_generated|_~132             ; out0             ;
; |dec4to16|lpm_mux:Mux3|mux_joc:auto_generated|_~133             ; |dec4to16|lpm_mux:Mux3|mux_joc:auto_generated|_~133             ; out0             ;
; |dec4to16|lpm_mux:Mux3|mux_joc:auto_generated|_~134             ; |dec4to16|lpm_mux:Mux3|mux_joc:auto_generated|_~134             ; out0             ;
; |dec4to16|lpm_mux:Mux3|mux_joc:auto_generated|_~135             ; |dec4to16|lpm_mux:Mux3|mux_joc:auto_generated|_~135             ; out0             ;
; |dec4to16|lpm_mux:Mux3|mux_joc:auto_generated|_~136             ; |dec4to16|lpm_mux:Mux3|mux_joc:auto_generated|_~136             ; out0             ;
; |dec4to16|lpm_mux:Mux3|mux_joc:auto_generated|_~137             ; |dec4to16|lpm_mux:Mux3|mux_joc:auto_generated|_~137             ; out0             ;
; |dec4to16|lpm_mux:Mux3|mux_joc:auto_generated|_~138             ; |dec4to16|lpm_mux:Mux3|mux_joc:auto_generated|_~138             ; out0             ;
; |dec4to16|lpm_mux:Mux3|mux_joc:auto_generated|_~139             ; |dec4to16|lpm_mux:Mux3|mux_joc:auto_generated|_~139             ; out0             ;
; |dec4to16|lpm_mux:Mux3|mux_joc:auto_generated|_~140             ; |dec4to16|lpm_mux:Mux3|mux_joc:auto_generated|_~140             ; out0             ;
; |dec4to16|lpm_mux:Mux3|mux_joc:auto_generated|_~141             ; |dec4to16|lpm_mux:Mux3|mux_joc:auto_generated|_~141             ; out0             ;
; |dec4to16|lpm_mux:Mux3|mux_joc:auto_generated|_~142             ; |dec4to16|lpm_mux:Mux3|mux_joc:auto_generated|_~142             ; out0             ;
; |dec4to16|lpm_mux:Mux3|mux_joc:auto_generated|_~143             ; |dec4to16|lpm_mux:Mux3|mux_joc:auto_generated|_~143             ; out0             ;
; |dec4to16|lpm_mux:Mux2|mux_joc:auto_generated|_~1               ; |dec4to16|lpm_mux:Mux2|mux_joc:auto_generated|_~1               ; out0             ;
; |dec4to16|lpm_mux:Mux2|mux_joc:auto_generated|_~3               ; |dec4to16|lpm_mux:Mux2|mux_joc:auto_generated|_~3               ; out0             ;
; |dec4to16|lpm_mux:Mux2|mux_joc:auto_generated|_~5               ; |dec4to16|lpm_mux:Mux2|mux_joc:auto_generated|_~5               ; out0             ;
; |dec4to16|lpm_mux:Mux2|mux_joc:auto_generated|_~6               ; |dec4to16|lpm_mux:Mux2|mux_joc:auto_generated|_~6               ; out0             ;
; |dec4to16|lpm_mux:Mux2|mux_joc:auto_generated|_~7               ; |dec4to16|lpm_mux:Mux2|mux_joc:auto_generated|_~7               ; out0             ;
; |dec4to16|lpm_mux:Mux2|mux_joc:auto_generated|_~8               ; |dec4to16|lpm_mux:Mux2|mux_joc:auto_generated|_~8               ; out0             ;
; |dec4to16|lpm_mux:Mux2|mux_joc:auto_generated|_~10              ; |dec4to16|lpm_mux:Mux2|mux_joc:auto_generated|_~10              ; out0             ;
; |dec4to16|lpm_mux:Mux2|mux_joc:auto_generated|_~12              ; |dec4to16|lpm_mux:Mux2|mux_joc:auto_generated|_~12              ; out0             ;
; |dec4to16|lpm_mux:Mux2|mux_joc:auto_generated|_~14              ; |dec4to16|lpm_mux:Mux2|mux_joc:auto_generated|_~14              ; out0             ;
; |dec4to16|lpm_mux:Mux2|mux_joc:auto_generated|_~15              ; |dec4to16|lpm_mux:Mux2|mux_joc:auto_generated|_~15              ; out0             ;
; |dec4to16|lpm_mux:Mux2|mux_joc:auto_generated|_~16              ; |dec4to16|lpm_mux:Mux2|mux_joc:auto_generated|_~16              ; out0             ;
; |dec4to16|lpm_mux:Mux2|mux_joc:auto_generated|_~17              ; |dec4to16|lpm_mux:Mux2|mux_joc:auto_generated|_~17              ; out0             ;
; |dec4to16|lpm_mux:Mux2|mux_joc:auto_generated|_~18              ; |dec4to16|lpm_mux:Mux2|mux_joc:auto_generated|_~18              ; out0             ;
; |dec4to16|lpm_mux:Mux2|mux_joc:auto_generated|_~23              ; |dec4to16|lpm_mux:Mux2|mux_joc:auto_generated|_~23              ; out0             ;
; |dec4to16|lpm_mux:Mux2|mux_joc:auto_generated|_~25              ; |dec4to16|lpm_mux:Mux2|mux_joc:auto_generated|_~25              ; out0             ;
; |dec4to16|lpm_mux:Mux2|mux_joc:auto_generated|_~27              ; |dec4to16|lpm_mux:Mux2|mux_joc:auto_generated|_~27              ; out0             ;
; |dec4to16|lpm_mux:Mux2|mux_joc:auto_generated|_~28              ; |dec4to16|lpm_mux:Mux2|mux_joc:auto_generated|_~28              ; out0             ;
; |dec4to16|lpm_mux:Mux2|mux_joc:auto_generated|_~29              ; |dec4to16|lpm_mux:Mux2|mux_joc:auto_generated|_~29              ; out0             ;
; |dec4to16|lpm_mux:Mux2|mux_joc:auto_generated|_~30              ; |dec4to16|lpm_mux:Mux2|mux_joc:auto_generated|_~30              ; out0             ;
; |dec4to16|lpm_mux:Mux2|mux_joc:auto_generated|_~32              ; |dec4to16|lpm_mux:Mux2|mux_joc:auto_generated|_~32              ; out0             ;
; |dec4to16|lpm_mux:Mux2|mux_joc:auto_generated|_~34              ; |dec4to16|lpm_mux:Mux2|mux_joc:auto_generated|_~34              ; out0             ;
; |dec4to16|lpm_mux:Mux2|mux_joc:auto_generated|_~36              ; |dec4to16|lpm_mux:Mux2|mux_joc:auto_generated|_~36              ; out0             ;
; |dec4to16|lpm_mux:Mux2|mux_joc:auto_generated|_~37              ; |dec4to16|lpm_mux:Mux2|mux_joc:auto_generated|_~37              ; out0             ;
; |dec4to16|lpm_mux:Mux2|mux_joc:auto_generated|_~38              ; |dec4to16|lpm_mux:Mux2|mux_joc:auto_generated|_~38              ; out0             ;
; |dec4to16|lpm_mux:Mux2|mux_joc:auto_generated|_~39              ; |dec4to16|lpm_mux:Mux2|mux_joc:auto_generated|_~39              ; out0             ;
; |dec4to16|lpm_mux:Mux2|mux_joc:auto_generated|_~40              ; |dec4to16|lpm_mux:Mux2|mux_joc:auto_generated|_~40              ; out0             ;
; |dec4to16|lpm_mux:Mux2|mux_joc:auto_generated|_~45              ; |dec4to16|lpm_mux:Mux2|mux_joc:auto_generated|_~45              ; out0             ;
; |dec4to16|lpm_mux:Mux2|mux_joc:auto_generated|_~48              ; |dec4to16|lpm_mux:Mux2|mux_joc:auto_generated|_~48              ; out0             ;
; |dec4to16|lpm_mux:Mux2|mux_joc:auto_generated|_~50              ; |dec4to16|lpm_mux:Mux2|mux_joc:auto_generated|_~50              ; out0             ;
; |dec4to16|lpm_mux:Mux2|mux_joc:auto_generated|_~52              ; |dec4to16|lpm_mux:Mux2|mux_joc:auto_generated|_~52              ; out0             ;
; |dec4to16|lpm_mux:Mux2|mux_joc:auto_generated|_~53              ; |dec4to16|lpm_mux:Mux2|mux_joc:auto_generated|_~53              ; out0             ;
; |dec4to16|lpm_mux:Mux2|mux_joc:auto_generated|_~54              ; |dec4to16|lpm_mux:Mux2|mux_joc:auto_generated|_~54              ; out0             ;
; |dec4to16|lpm_mux:Mux2|mux_joc:auto_generated|_~55              ; |dec4to16|lpm_mux:Mux2|mux_joc:auto_generated|_~55              ; out0             ;
; |dec4to16|lpm_mux:Mux2|mux_joc:auto_generated|_~57              ; |dec4to16|lpm_mux:Mux2|mux_joc:auto_generated|_~57              ; out0             ;
; |dec4to16|lpm_mux:Mux2|mux_joc:auto_generated|_~59              ; |dec4to16|lpm_mux:Mux2|mux_joc:auto_generated|_~59              ; out0             ;
; |dec4to16|lpm_mux:Mux2|mux_joc:auto_generated|_~61              ; |dec4to16|lpm_mux:Mux2|mux_joc:auto_generated|_~61              ; out0             ;
; |dec4to16|lpm_mux:Mux2|mux_joc:auto_generated|_~62              ; |dec4to16|lpm_mux:Mux2|mux_joc:auto_generated|_~62              ; out0             ;
; |dec4to16|lpm_mux:Mux2|mux_joc:auto_generated|_~63              ; |dec4to16|lpm_mux:Mux2|mux_joc:auto_generated|_~63              ; out0             ;
; |dec4to16|lpm_mux:Mux2|mux_joc:auto_generated|_~64              ; |dec4to16|lpm_mux:Mux2|mux_joc:auto_generated|_~64              ; out0             ;
; |dec4to16|lpm_mux:Mux2|mux_joc:auto_generated|_~65              ; |dec4to16|lpm_mux:Mux2|mux_joc:auto_generated|_~65              ; out0             ;
; |dec4to16|lpm_mux:Mux2|mux_joc:auto_generated|_~68              ; |dec4to16|lpm_mux:Mux2|mux_joc:auto_generated|_~68              ; out0             ;
; |dec4to16|lpm_mux:Mux2|mux_joc:auto_generated|_~73              ; |dec4to16|lpm_mux:Mux2|mux_joc:auto_generated|_~73              ; out0             ;
; |dec4to16|lpm_mux:Mux2|mux_joc:auto_generated|_~75              ; |dec4to16|lpm_mux:Mux2|mux_joc:auto_generated|_~75              ; out0             ;
; |dec4to16|lpm_mux:Mux2|mux_joc:auto_generated|_~77              ; |dec4to16|lpm_mux:Mux2|mux_joc:auto_generated|_~77              ; out0             ;
; |dec4to16|lpm_mux:Mux2|mux_joc:auto_generated|_~78              ; |dec4to16|lpm_mux:Mux2|mux_joc:auto_generated|_~78              ; out0             ;
; |dec4to16|lpm_mux:Mux2|mux_joc:auto_generated|_~79              ; |dec4to16|lpm_mux:Mux2|mux_joc:auto_generated|_~79              ; out0             ;
; |dec4to16|lpm_mux:Mux2|mux_joc:auto_generated|_~80              ; |dec4to16|lpm_mux:Mux2|mux_joc:auto_generated|_~80              ; out0             ;
; |dec4to16|lpm_mux:Mux2|mux_joc:auto_generated|_~82              ; |dec4to16|lpm_mux:Mux2|mux_joc:auto_generated|_~82              ; out0             ;
; |dec4to16|lpm_mux:Mux2|mux_joc:auto_generated|_~84              ; |dec4to16|lpm_mux:Mux2|mux_joc:auto_generated|_~84              ; out0             ;
; |dec4to16|lpm_mux:Mux2|mux_joc:auto_generated|_~86              ; |dec4to16|lpm_mux:Mux2|mux_joc:auto_generated|_~86              ; out0             ;
; |dec4to16|lpm_mux:Mux2|mux_joc:auto_generated|_~87              ; |dec4to16|lpm_mux:Mux2|mux_joc:auto_generated|_~87              ; out0             ;
; |dec4to16|lpm_mux:Mux2|mux_joc:auto_generated|_~88              ; |dec4to16|lpm_mux:Mux2|mux_joc:auto_generated|_~88              ; out0             ;
; |dec4to16|lpm_mux:Mux2|mux_joc:auto_generated|_~89              ; |dec4to16|lpm_mux:Mux2|mux_joc:auto_generated|_~89              ; out0             ;
; |dec4to16|lpm_mux:Mux2|mux_joc:auto_generated|_~90              ; |dec4to16|lpm_mux:Mux2|mux_joc:auto_generated|_~90              ; out0             ;
; |dec4to16|lpm_mux:Mux2|mux_joc:auto_generated|_~95              ; |dec4to16|lpm_mux:Mux2|mux_joc:auto_generated|_~95              ; out0             ;
; |dec4to16|lpm_mux:Mux2|mux_joc:auto_generated|_~98              ; |dec4to16|lpm_mux:Mux2|mux_joc:auto_generated|_~98              ; out0             ;
; |dec4to16|lpm_mux:Mux2|mux_joc:auto_generated|_~100             ; |dec4to16|lpm_mux:Mux2|mux_joc:auto_generated|_~100             ; out0             ;
; |dec4to16|lpm_mux:Mux2|mux_joc:auto_generated|_~102             ; |dec4to16|lpm_mux:Mux2|mux_joc:auto_generated|_~102             ; out0             ;
; |dec4to16|lpm_mux:Mux2|mux_joc:auto_generated|_~103             ; |dec4to16|lpm_mux:Mux2|mux_joc:auto_generated|_~103             ; out0             ;
; |dec4to16|lpm_mux:Mux2|mux_joc:auto_generated|_~104             ; |dec4to16|lpm_mux:Mux2|mux_joc:auto_generated|_~104             ; out0             ;
; |dec4to16|lpm_mux:Mux2|mux_joc:auto_generated|_~105             ; |dec4to16|lpm_mux:Mux2|mux_joc:auto_generated|_~105             ; out0             ;
; |dec4to16|lpm_mux:Mux2|mux_joc:auto_generated|_~107             ; |dec4to16|lpm_mux:Mux2|mux_joc:auto_generated|_~107             ; out0             ;
; |dec4to16|lpm_mux:Mux2|mux_joc:auto_generated|_~109             ; |dec4to16|lpm_mux:Mux2|mux_joc:auto_generated|_~109             ; out0             ;
; |dec4to16|lpm_mux:Mux2|mux_joc:auto_generated|_~111             ; |dec4to16|lpm_mux:Mux2|mux_joc:auto_generated|_~111             ; out0             ;
; |dec4to16|lpm_mux:Mux2|mux_joc:auto_generated|_~112             ; |dec4to16|lpm_mux:Mux2|mux_joc:auto_generated|_~112             ; out0             ;
; |dec4to16|lpm_mux:Mux2|mux_joc:auto_generated|_~113             ; |dec4to16|lpm_mux:Mux2|mux_joc:auto_generated|_~113             ; out0             ;
; |dec4to16|lpm_mux:Mux2|mux_joc:auto_generated|_~114             ; |dec4to16|lpm_mux:Mux2|mux_joc:auto_generated|_~114             ; out0             ;
; |dec4to16|lpm_mux:Mux2|mux_joc:auto_generated|_~115             ; |dec4to16|lpm_mux:Mux2|mux_joc:auto_generated|_~115             ; out0             ;
; |dec4to16|lpm_mux:Mux2|mux_joc:auto_generated|_~118             ; |dec4to16|lpm_mux:Mux2|mux_joc:auto_generated|_~118             ; out0             ;
; |dec4to16|lpm_mux:Mux2|mux_joc:auto_generated|_~121             ; |dec4to16|lpm_mux:Mux2|mux_joc:auto_generated|_~121             ; out0             ;
; |dec4to16|lpm_mux:Mux2|mux_joc:auto_generated|_~122             ; |dec4to16|lpm_mux:Mux2|mux_joc:auto_generated|_~122             ; out0             ;
; |dec4to16|lpm_mux:Mux2|mux_joc:auto_generated|_~124             ; |dec4to16|lpm_mux:Mux2|mux_joc:auto_generated|_~124             ; out0             ;
; |dec4to16|lpm_mux:Mux2|mux_joc:auto_generated|_~126             ; |dec4to16|lpm_mux:Mux2|mux_joc:auto_generated|_~126             ; out0             ;
; |dec4to16|lpm_mux:Mux2|mux_joc:auto_generated|_~127             ; |dec4to16|lpm_mux:Mux2|mux_joc:auto_generated|_~127             ; out0             ;
; |dec4to16|lpm_mux:Mux2|mux_joc:auto_generated|_~128             ; |dec4to16|lpm_mux:Mux2|mux_joc:auto_generated|_~128             ; out0             ;
; |dec4to16|lpm_mux:Mux2|mux_joc:auto_generated|_~129             ; |dec4to16|lpm_mux:Mux2|mux_joc:auto_generated|_~129             ; out0             ;
; |dec4to16|lpm_mux:Mux2|mux_joc:auto_generated|_~130             ; |dec4to16|lpm_mux:Mux2|mux_joc:auto_generated|_~130             ; out0             ;
; |dec4to16|lpm_mux:Mux2|mux_joc:auto_generated|_~131             ; |dec4to16|lpm_mux:Mux2|mux_joc:auto_generated|_~131             ; out0             ;
; |dec4to16|lpm_mux:Mux2|mux_joc:auto_generated|_~133             ; |dec4to16|lpm_mux:Mux2|mux_joc:auto_generated|_~133             ; out0             ;
; |dec4to16|lpm_mux:Mux2|mux_joc:auto_generated|_~135             ; |dec4to16|lpm_mux:Mux2|mux_joc:auto_generated|_~135             ; out0             ;
; |dec4to16|lpm_mux:Mux2|mux_joc:auto_generated|_~136             ; |dec4to16|lpm_mux:Mux2|mux_joc:auto_generated|_~136             ; out0             ;
; |dec4to16|lpm_mux:Mux2|mux_joc:auto_generated|_~137             ; |dec4to16|lpm_mux:Mux2|mux_joc:auto_generated|_~137             ; out0             ;
; |dec4to16|lpm_mux:Mux2|mux_joc:auto_generated|_~138             ; |dec4to16|lpm_mux:Mux2|mux_joc:auto_generated|_~138             ; out0             ;
; |dec4to16|lpm_mux:Mux2|mux_joc:auto_generated|_~139             ; |dec4to16|lpm_mux:Mux2|mux_joc:auto_generated|_~139             ; out0             ;
; |dec4to16|lpm_mux:Mux2|mux_joc:auto_generated|_~141             ; |dec4to16|lpm_mux:Mux2|mux_joc:auto_generated|_~141             ; out0             ;
; |dec4to16|lpm_mux:Mux2|mux_joc:auto_generated|_~142             ; |dec4to16|lpm_mux:Mux2|mux_joc:auto_generated|_~142             ; out0             ;
; |dec4to16|lpm_mux:Mux2|mux_joc:auto_generated|_~143             ; |dec4to16|lpm_mux:Mux2|mux_joc:auto_generated|_~143             ; out0             ;
; |dec4to16|lpm_mux:Mux1|mux_joc:auto_generated|_~1               ; |dec4to16|lpm_mux:Mux1|mux_joc:auto_generated|_~1               ; out0             ;
; |dec4to16|lpm_mux:Mux1|mux_joc:auto_generated|_~3               ; |dec4to16|lpm_mux:Mux1|mux_joc:auto_generated|_~3               ; out0             ;
; |dec4to16|lpm_mux:Mux1|mux_joc:auto_generated|_~5               ; |dec4to16|lpm_mux:Mux1|mux_joc:auto_generated|_~5               ; out0             ;
; |dec4to16|lpm_mux:Mux1|mux_joc:auto_generated|_~6               ; |dec4to16|lpm_mux:Mux1|mux_joc:auto_generated|_~6               ; out0             ;
; |dec4to16|lpm_mux:Mux1|mux_joc:auto_generated|_~7               ; |dec4to16|lpm_mux:Mux1|mux_joc:auto_generated|_~7               ; out0             ;
; |dec4to16|lpm_mux:Mux1|mux_joc:auto_generated|_~8               ; |dec4to16|lpm_mux:Mux1|mux_joc:auto_generated|_~8               ; out0             ;
; |dec4to16|lpm_mux:Mux1|mux_joc:auto_generated|_~10              ; |dec4to16|lpm_mux:Mux1|mux_joc:auto_generated|_~10              ; out0             ;
; |dec4to16|lpm_mux:Mux1|mux_joc:auto_generated|_~12              ; |dec4to16|lpm_mux:Mux1|mux_joc:auto_generated|_~12              ; out0             ;
; |dec4to16|lpm_mux:Mux1|mux_joc:auto_generated|_~14              ; |dec4to16|lpm_mux:Mux1|mux_joc:auto_generated|_~14              ; out0             ;
; |dec4to16|lpm_mux:Mux1|mux_joc:auto_generated|_~15              ; |dec4to16|lpm_mux:Mux1|mux_joc:auto_generated|_~15              ; out0             ;
; |dec4to16|lpm_mux:Mux1|mux_joc:auto_generated|_~16              ; |dec4to16|lpm_mux:Mux1|mux_joc:auto_generated|_~16              ; out0             ;
; |dec4to16|lpm_mux:Mux1|mux_joc:auto_generated|_~17              ; |dec4to16|lpm_mux:Mux1|mux_joc:auto_generated|_~17              ; out0             ;
; |dec4to16|lpm_mux:Mux1|mux_joc:auto_generated|_~18              ; |dec4to16|lpm_mux:Mux1|mux_joc:auto_generated|_~18              ; out0             ;
; |dec4to16|lpm_mux:Mux1|mux_joc:auto_generated|_~23              ; |dec4to16|lpm_mux:Mux1|mux_joc:auto_generated|_~23              ; out0             ;
; |dec4to16|lpm_mux:Mux1|mux_joc:auto_generated|_~25              ; |dec4to16|lpm_mux:Mux1|mux_joc:auto_generated|_~25              ; out0             ;
; |dec4to16|lpm_mux:Mux1|mux_joc:auto_generated|_~27              ; |dec4to16|lpm_mux:Mux1|mux_joc:auto_generated|_~27              ; out0             ;
; |dec4to16|lpm_mux:Mux1|mux_joc:auto_generated|_~28              ; |dec4to16|lpm_mux:Mux1|mux_joc:auto_generated|_~28              ; out0             ;
; |dec4to16|lpm_mux:Mux1|mux_joc:auto_generated|_~29              ; |dec4to16|lpm_mux:Mux1|mux_joc:auto_generated|_~29              ; out0             ;
; |dec4to16|lpm_mux:Mux1|mux_joc:auto_generated|_~30              ; |dec4to16|lpm_mux:Mux1|mux_joc:auto_generated|_~30              ; out0             ;
; |dec4to16|lpm_mux:Mux1|mux_joc:auto_generated|_~32              ; |dec4to16|lpm_mux:Mux1|mux_joc:auto_generated|_~32              ; out0             ;
; |dec4to16|lpm_mux:Mux1|mux_joc:auto_generated|_~34              ; |dec4to16|lpm_mux:Mux1|mux_joc:auto_generated|_~34              ; out0             ;
; |dec4to16|lpm_mux:Mux1|mux_joc:auto_generated|_~36              ; |dec4to16|lpm_mux:Mux1|mux_joc:auto_generated|_~36              ; out0             ;
; |dec4to16|lpm_mux:Mux1|mux_joc:auto_generated|_~37              ; |dec4to16|lpm_mux:Mux1|mux_joc:auto_generated|_~37              ; out0             ;
; |dec4to16|lpm_mux:Mux1|mux_joc:auto_generated|_~38              ; |dec4to16|lpm_mux:Mux1|mux_joc:auto_generated|_~38              ; out0             ;
; |dec4to16|lpm_mux:Mux1|mux_joc:auto_generated|_~39              ; |dec4to16|lpm_mux:Mux1|mux_joc:auto_generated|_~39              ; out0             ;
; |dec4to16|lpm_mux:Mux1|mux_joc:auto_generated|_~40              ; |dec4to16|lpm_mux:Mux1|mux_joc:auto_generated|_~40              ; out0             ;
; |dec4to16|lpm_mux:Mux1|mux_joc:auto_generated|_~45              ; |dec4to16|lpm_mux:Mux1|mux_joc:auto_generated|_~45              ; out0             ;
; |dec4to16|lpm_mux:Mux1|mux_joc:auto_generated|_~48              ; |dec4to16|lpm_mux:Mux1|mux_joc:auto_generated|_~48              ; out0             ;
; |dec4to16|lpm_mux:Mux1|mux_joc:auto_generated|_~50              ; |dec4to16|lpm_mux:Mux1|mux_joc:auto_generated|_~50              ; out0             ;
; |dec4to16|lpm_mux:Mux1|mux_joc:auto_generated|_~52              ; |dec4to16|lpm_mux:Mux1|mux_joc:auto_generated|_~52              ; out0             ;
; |dec4to16|lpm_mux:Mux1|mux_joc:auto_generated|_~53              ; |dec4to16|lpm_mux:Mux1|mux_joc:auto_generated|_~53              ; out0             ;
; |dec4to16|lpm_mux:Mux1|mux_joc:auto_generated|_~54              ; |dec4to16|lpm_mux:Mux1|mux_joc:auto_generated|_~54              ; out0             ;
; |dec4to16|lpm_mux:Mux1|mux_joc:auto_generated|_~55              ; |dec4to16|lpm_mux:Mux1|mux_joc:auto_generated|_~55              ; out0             ;
; |dec4to16|lpm_mux:Mux1|mux_joc:auto_generated|_~57              ; |dec4to16|lpm_mux:Mux1|mux_joc:auto_generated|_~57              ; out0             ;
; |dec4to16|lpm_mux:Mux1|mux_joc:auto_generated|_~59              ; |dec4to16|lpm_mux:Mux1|mux_joc:auto_generated|_~59              ; out0             ;
; |dec4to16|lpm_mux:Mux1|mux_joc:auto_generated|_~61              ; |dec4to16|lpm_mux:Mux1|mux_joc:auto_generated|_~61              ; out0             ;
; |dec4to16|lpm_mux:Mux1|mux_joc:auto_generated|_~62              ; |dec4to16|lpm_mux:Mux1|mux_joc:auto_generated|_~62              ; out0             ;
; |dec4to16|lpm_mux:Mux1|mux_joc:auto_generated|_~63              ; |dec4to16|lpm_mux:Mux1|mux_joc:auto_generated|_~63              ; out0             ;
; |dec4to16|lpm_mux:Mux1|mux_joc:auto_generated|_~64              ; |dec4to16|lpm_mux:Mux1|mux_joc:auto_generated|_~64              ; out0             ;
; |dec4to16|lpm_mux:Mux1|mux_joc:auto_generated|_~65              ; |dec4to16|lpm_mux:Mux1|mux_joc:auto_generated|_~65              ; out0             ;
; |dec4to16|lpm_mux:Mux1|mux_joc:auto_generated|_~68              ; |dec4to16|lpm_mux:Mux1|mux_joc:auto_generated|_~68              ; out0             ;
; |dec4to16|lpm_mux:Mux1|mux_joc:auto_generated|_~73              ; |dec4to16|lpm_mux:Mux1|mux_joc:auto_generated|_~73              ; out0             ;
; |dec4to16|lpm_mux:Mux1|mux_joc:auto_generated|_~75              ; |dec4to16|lpm_mux:Mux1|mux_joc:auto_generated|_~75              ; out0             ;
; |dec4to16|lpm_mux:Mux1|mux_joc:auto_generated|_~77              ; |dec4to16|lpm_mux:Mux1|mux_joc:auto_generated|_~77              ; out0             ;
; |dec4to16|lpm_mux:Mux1|mux_joc:auto_generated|_~78              ; |dec4to16|lpm_mux:Mux1|mux_joc:auto_generated|_~78              ; out0             ;
; |dec4to16|lpm_mux:Mux1|mux_joc:auto_generated|_~79              ; |dec4to16|lpm_mux:Mux1|mux_joc:auto_generated|_~79              ; out0             ;
; |dec4to16|lpm_mux:Mux1|mux_joc:auto_generated|_~80              ; |dec4to16|lpm_mux:Mux1|mux_joc:auto_generated|_~80              ; out0             ;
; |dec4to16|lpm_mux:Mux1|mux_joc:auto_generated|_~82              ; |dec4to16|lpm_mux:Mux1|mux_joc:auto_generated|_~82              ; out0             ;
; |dec4to16|lpm_mux:Mux1|mux_joc:auto_generated|_~84              ; |dec4to16|lpm_mux:Mux1|mux_joc:auto_generated|_~84              ; out0             ;
; |dec4to16|lpm_mux:Mux1|mux_joc:auto_generated|_~86              ; |dec4to16|lpm_mux:Mux1|mux_joc:auto_generated|_~86              ; out0             ;
; |dec4to16|lpm_mux:Mux1|mux_joc:auto_generated|_~87              ; |dec4to16|lpm_mux:Mux1|mux_joc:auto_generated|_~87              ; out0             ;
; |dec4to16|lpm_mux:Mux1|mux_joc:auto_generated|_~88              ; |dec4to16|lpm_mux:Mux1|mux_joc:auto_generated|_~88              ; out0             ;
; |dec4to16|lpm_mux:Mux1|mux_joc:auto_generated|_~89              ; |dec4to16|lpm_mux:Mux1|mux_joc:auto_generated|_~89              ; out0             ;
; |dec4to16|lpm_mux:Mux1|mux_joc:auto_generated|_~90              ; |dec4to16|lpm_mux:Mux1|mux_joc:auto_generated|_~90              ; out0             ;
; |dec4to16|lpm_mux:Mux1|mux_joc:auto_generated|_~95              ; |dec4to16|lpm_mux:Mux1|mux_joc:auto_generated|_~95              ; out0             ;
; |dec4to16|lpm_mux:Mux1|mux_joc:auto_generated|_~98              ; |dec4to16|lpm_mux:Mux1|mux_joc:auto_generated|_~98              ; out0             ;
; |dec4to16|lpm_mux:Mux1|mux_joc:auto_generated|_~100             ; |dec4to16|lpm_mux:Mux1|mux_joc:auto_generated|_~100             ; out0             ;
; |dec4to16|lpm_mux:Mux1|mux_joc:auto_generated|_~102             ; |dec4to16|lpm_mux:Mux1|mux_joc:auto_generated|_~102             ; out0             ;
; |dec4to16|lpm_mux:Mux1|mux_joc:auto_generated|_~103             ; |dec4to16|lpm_mux:Mux1|mux_joc:auto_generated|_~103             ; out0             ;
; |dec4to16|lpm_mux:Mux1|mux_joc:auto_generated|_~104             ; |dec4to16|lpm_mux:Mux1|mux_joc:auto_generated|_~104             ; out0             ;
; |dec4to16|lpm_mux:Mux1|mux_joc:auto_generated|_~105             ; |dec4to16|lpm_mux:Mux1|mux_joc:auto_generated|_~105             ; out0             ;
; |dec4to16|lpm_mux:Mux1|mux_joc:auto_generated|_~107             ; |dec4to16|lpm_mux:Mux1|mux_joc:auto_generated|_~107             ; out0             ;
; |dec4to16|lpm_mux:Mux1|mux_joc:auto_generated|_~109             ; |dec4to16|lpm_mux:Mux1|mux_joc:auto_generated|_~109             ; out0             ;
; |dec4to16|lpm_mux:Mux1|mux_joc:auto_generated|_~111             ; |dec4to16|lpm_mux:Mux1|mux_joc:auto_generated|_~111             ; out0             ;
; |dec4to16|lpm_mux:Mux1|mux_joc:auto_generated|_~112             ; |dec4to16|lpm_mux:Mux1|mux_joc:auto_generated|_~112             ; out0             ;
; |dec4to16|lpm_mux:Mux1|mux_joc:auto_generated|_~113             ; |dec4to16|lpm_mux:Mux1|mux_joc:auto_generated|_~113             ; out0             ;
; |dec4to16|lpm_mux:Mux1|mux_joc:auto_generated|_~114             ; |dec4to16|lpm_mux:Mux1|mux_joc:auto_generated|_~114             ; out0             ;
; |dec4to16|lpm_mux:Mux1|mux_joc:auto_generated|_~115             ; |dec4to16|lpm_mux:Mux1|mux_joc:auto_generated|_~115             ; out0             ;
; |dec4to16|lpm_mux:Mux1|mux_joc:auto_generated|_~118             ; |dec4to16|lpm_mux:Mux1|mux_joc:auto_generated|_~118             ; out0             ;
; |dec4to16|lpm_mux:Mux1|mux_joc:auto_generated|_~122             ; |dec4to16|lpm_mux:Mux1|mux_joc:auto_generated|_~122             ; out0             ;
; |dec4to16|lpm_mux:Mux1|mux_joc:auto_generated|_~124             ; |dec4to16|lpm_mux:Mux1|mux_joc:auto_generated|_~124             ; out0             ;
; |dec4to16|lpm_mux:Mux1|mux_joc:auto_generated|_~127             ; |dec4to16|lpm_mux:Mux1|mux_joc:auto_generated|_~127             ; out0             ;
; |dec4to16|lpm_mux:Mux1|mux_joc:auto_generated|_~128             ; |dec4to16|lpm_mux:Mux1|mux_joc:auto_generated|_~128             ; out0             ;
; |dec4to16|lpm_mux:Mux1|mux_joc:auto_generated|_~129             ; |dec4to16|lpm_mux:Mux1|mux_joc:auto_generated|_~129             ; out0             ;
; |dec4to16|lpm_mux:Mux1|mux_joc:auto_generated|_~131             ; |dec4to16|lpm_mux:Mux1|mux_joc:auto_generated|_~131             ; out0             ;
; |dec4to16|lpm_mux:Mux1|mux_joc:auto_generated|_~133             ; |dec4to16|lpm_mux:Mux1|mux_joc:auto_generated|_~133             ; out0             ;
; |dec4to16|lpm_mux:Mux1|mux_joc:auto_generated|_~136             ; |dec4to16|lpm_mux:Mux1|mux_joc:auto_generated|_~136             ; out0             ;
; |dec4to16|lpm_mux:Mux1|mux_joc:auto_generated|_~137             ; |dec4to16|lpm_mux:Mux1|mux_joc:auto_generated|_~137             ; out0             ;
; |dec4to16|lpm_mux:Mux1|mux_joc:auto_generated|_~138             ; |dec4to16|lpm_mux:Mux1|mux_joc:auto_generated|_~138             ; out0             ;
; |dec4to16|lpm_mux:Mux1|mux_joc:auto_generated|_~139             ; |dec4to16|lpm_mux:Mux1|mux_joc:auto_generated|_~139             ; out0             ;
; |dec4to16|lpm_mux:Mux1|mux_joc:auto_generated|_~140             ; |dec4to16|lpm_mux:Mux1|mux_joc:auto_generated|_~140             ; out0             ;
; |dec4to16|lpm_mux:Mux1|mux_joc:auto_generated|_~141             ; |dec4to16|lpm_mux:Mux1|mux_joc:auto_generated|_~141             ; out0             ;
; |dec4to16|lpm_mux:Mux1|mux_joc:auto_generated|_~142             ; |dec4to16|lpm_mux:Mux1|mux_joc:auto_generated|_~142             ; out0             ;
; |dec4to16|lpm_mux:Mux1|mux_joc:auto_generated|_~143             ; |dec4to16|lpm_mux:Mux1|mux_joc:auto_generated|_~143             ; out0             ;
; |dec4to16|lpm_mux:Mux0|mux_joc:auto_generated|_~1               ; |dec4to16|lpm_mux:Mux0|mux_joc:auto_generated|_~1               ; out0             ;
; |dec4to16|lpm_mux:Mux0|mux_joc:auto_generated|_~3               ; |dec4to16|lpm_mux:Mux0|mux_joc:auto_generated|_~3               ; out0             ;
; |dec4to16|lpm_mux:Mux0|mux_joc:auto_generated|_~5               ; |dec4to16|lpm_mux:Mux0|mux_joc:auto_generated|_~5               ; out0             ;
; |dec4to16|lpm_mux:Mux0|mux_joc:auto_generated|_~6               ; |dec4to16|lpm_mux:Mux0|mux_joc:auto_generated|_~6               ; out0             ;
; |dec4to16|lpm_mux:Mux0|mux_joc:auto_generated|_~7               ; |dec4to16|lpm_mux:Mux0|mux_joc:auto_generated|_~7               ; out0             ;
; |dec4to16|lpm_mux:Mux0|mux_joc:auto_generated|_~8               ; |dec4to16|lpm_mux:Mux0|mux_joc:auto_generated|_~8               ; out0             ;
; |dec4to16|lpm_mux:Mux0|mux_joc:auto_generated|_~10              ; |dec4to16|lpm_mux:Mux0|mux_joc:auto_generated|_~10              ; out0             ;
; |dec4to16|lpm_mux:Mux0|mux_joc:auto_generated|_~12              ; |dec4to16|lpm_mux:Mux0|mux_joc:auto_generated|_~12              ; out0             ;
; |dec4to16|lpm_mux:Mux0|mux_joc:auto_generated|_~14              ; |dec4to16|lpm_mux:Mux0|mux_joc:auto_generated|_~14              ; out0             ;
; |dec4to16|lpm_mux:Mux0|mux_joc:auto_generated|_~15              ; |dec4to16|lpm_mux:Mux0|mux_joc:auto_generated|_~15              ; out0             ;
; |dec4to16|lpm_mux:Mux0|mux_joc:auto_generated|_~16              ; |dec4to16|lpm_mux:Mux0|mux_joc:auto_generated|_~16              ; out0             ;
; |dec4to16|lpm_mux:Mux0|mux_joc:auto_generated|_~17              ; |dec4to16|lpm_mux:Mux0|mux_joc:auto_generated|_~17              ; out0             ;
; |dec4to16|lpm_mux:Mux0|mux_joc:auto_generated|_~18              ; |dec4to16|lpm_mux:Mux0|mux_joc:auto_generated|_~18              ; out0             ;
; |dec4to16|lpm_mux:Mux0|mux_joc:auto_generated|_~23              ; |dec4to16|lpm_mux:Mux0|mux_joc:auto_generated|_~23              ; out0             ;
; |dec4to16|lpm_mux:Mux0|mux_joc:auto_generated|_~25              ; |dec4to16|lpm_mux:Mux0|mux_joc:auto_generated|_~25              ; out0             ;
; |dec4to16|lpm_mux:Mux0|mux_joc:auto_generated|_~27              ; |dec4to16|lpm_mux:Mux0|mux_joc:auto_generated|_~27              ; out0             ;
; |dec4to16|lpm_mux:Mux0|mux_joc:auto_generated|_~28              ; |dec4to16|lpm_mux:Mux0|mux_joc:auto_generated|_~28              ; out0             ;
; |dec4to16|lpm_mux:Mux0|mux_joc:auto_generated|_~29              ; |dec4to16|lpm_mux:Mux0|mux_joc:auto_generated|_~29              ; out0             ;
; |dec4to16|lpm_mux:Mux0|mux_joc:auto_generated|_~30              ; |dec4to16|lpm_mux:Mux0|mux_joc:auto_generated|_~30              ; out0             ;
; |dec4to16|lpm_mux:Mux0|mux_joc:auto_generated|_~32              ; |dec4to16|lpm_mux:Mux0|mux_joc:auto_generated|_~32              ; out0             ;
; |dec4to16|lpm_mux:Mux0|mux_joc:auto_generated|_~34              ; |dec4to16|lpm_mux:Mux0|mux_joc:auto_generated|_~34              ; out0             ;
; |dec4to16|lpm_mux:Mux0|mux_joc:auto_generated|_~36              ; |dec4to16|lpm_mux:Mux0|mux_joc:auto_generated|_~36              ; out0             ;
; |dec4to16|lpm_mux:Mux0|mux_joc:auto_generated|_~37              ; |dec4to16|lpm_mux:Mux0|mux_joc:auto_generated|_~37              ; out0             ;
; |dec4to16|lpm_mux:Mux0|mux_joc:auto_generated|_~38              ; |dec4to16|lpm_mux:Mux0|mux_joc:auto_generated|_~38              ; out0             ;
; |dec4to16|lpm_mux:Mux0|mux_joc:auto_generated|_~39              ; |dec4to16|lpm_mux:Mux0|mux_joc:auto_generated|_~39              ; out0             ;
; |dec4to16|lpm_mux:Mux0|mux_joc:auto_generated|_~40              ; |dec4to16|lpm_mux:Mux0|mux_joc:auto_generated|_~40              ; out0             ;
; |dec4to16|lpm_mux:Mux0|mux_joc:auto_generated|_~45              ; |dec4to16|lpm_mux:Mux0|mux_joc:auto_generated|_~45              ; out0             ;
; |dec4to16|lpm_mux:Mux0|mux_joc:auto_generated|_~48              ; |dec4to16|lpm_mux:Mux0|mux_joc:auto_generated|_~48              ; out0             ;
; |dec4to16|lpm_mux:Mux0|mux_joc:auto_generated|_~50              ; |dec4to16|lpm_mux:Mux0|mux_joc:auto_generated|_~50              ; out0             ;
; |dec4to16|lpm_mux:Mux0|mux_joc:auto_generated|_~52              ; |dec4to16|lpm_mux:Mux0|mux_joc:auto_generated|_~52              ; out0             ;
; |dec4to16|lpm_mux:Mux0|mux_joc:auto_generated|_~53              ; |dec4to16|lpm_mux:Mux0|mux_joc:auto_generated|_~53              ; out0             ;
; |dec4to16|lpm_mux:Mux0|mux_joc:auto_generated|_~54              ; |dec4to16|lpm_mux:Mux0|mux_joc:auto_generated|_~54              ; out0             ;
; |dec4to16|lpm_mux:Mux0|mux_joc:auto_generated|_~55              ; |dec4to16|lpm_mux:Mux0|mux_joc:auto_generated|_~55              ; out0             ;
; |dec4to16|lpm_mux:Mux0|mux_joc:auto_generated|_~57              ; |dec4to16|lpm_mux:Mux0|mux_joc:auto_generated|_~57              ; out0             ;
; |dec4to16|lpm_mux:Mux0|mux_joc:auto_generated|_~59              ; |dec4to16|lpm_mux:Mux0|mux_joc:auto_generated|_~59              ; out0             ;
; |dec4to16|lpm_mux:Mux0|mux_joc:auto_generated|_~61              ; |dec4to16|lpm_mux:Mux0|mux_joc:auto_generated|_~61              ; out0             ;
; |dec4to16|lpm_mux:Mux0|mux_joc:auto_generated|_~62              ; |dec4to16|lpm_mux:Mux0|mux_joc:auto_generated|_~62              ; out0             ;
; |dec4to16|lpm_mux:Mux0|mux_joc:auto_generated|_~63              ; |dec4to16|lpm_mux:Mux0|mux_joc:auto_generated|_~63              ; out0             ;
; |dec4to16|lpm_mux:Mux0|mux_joc:auto_generated|_~64              ; |dec4to16|lpm_mux:Mux0|mux_joc:auto_generated|_~64              ; out0             ;
; |dec4to16|lpm_mux:Mux0|mux_joc:auto_generated|_~65              ; |dec4to16|lpm_mux:Mux0|mux_joc:auto_generated|_~65              ; out0             ;
; |dec4to16|lpm_mux:Mux0|mux_joc:auto_generated|_~68              ; |dec4to16|lpm_mux:Mux0|mux_joc:auto_generated|_~68              ; out0             ;
; |dec4to16|lpm_mux:Mux0|mux_joc:auto_generated|_~73              ; |dec4to16|lpm_mux:Mux0|mux_joc:auto_generated|_~73              ; out0             ;
; |dec4to16|lpm_mux:Mux0|mux_joc:auto_generated|_~75              ; |dec4to16|lpm_mux:Mux0|mux_joc:auto_generated|_~75              ; out0             ;
; |dec4to16|lpm_mux:Mux0|mux_joc:auto_generated|_~77              ; |dec4to16|lpm_mux:Mux0|mux_joc:auto_generated|_~77              ; out0             ;
; |dec4to16|lpm_mux:Mux0|mux_joc:auto_generated|_~78              ; |dec4to16|lpm_mux:Mux0|mux_joc:auto_generated|_~78              ; out0             ;
; |dec4to16|lpm_mux:Mux0|mux_joc:auto_generated|_~79              ; |dec4to16|lpm_mux:Mux0|mux_joc:auto_generated|_~79              ; out0             ;
; |dec4to16|lpm_mux:Mux0|mux_joc:auto_generated|_~80              ; |dec4to16|lpm_mux:Mux0|mux_joc:auto_generated|_~80              ; out0             ;
; |dec4to16|lpm_mux:Mux0|mux_joc:auto_generated|_~82              ; |dec4to16|lpm_mux:Mux0|mux_joc:auto_generated|_~82              ; out0             ;
; |dec4to16|lpm_mux:Mux0|mux_joc:auto_generated|_~84              ; |dec4to16|lpm_mux:Mux0|mux_joc:auto_generated|_~84              ; out0             ;
; |dec4to16|lpm_mux:Mux0|mux_joc:auto_generated|_~86              ; |dec4to16|lpm_mux:Mux0|mux_joc:auto_generated|_~86              ; out0             ;
; |dec4to16|lpm_mux:Mux0|mux_joc:auto_generated|_~87              ; |dec4to16|lpm_mux:Mux0|mux_joc:auto_generated|_~87              ; out0             ;
; |dec4to16|lpm_mux:Mux0|mux_joc:auto_generated|_~88              ; |dec4to16|lpm_mux:Mux0|mux_joc:auto_generated|_~88              ; out0             ;
; |dec4to16|lpm_mux:Mux0|mux_joc:auto_generated|_~89              ; |dec4to16|lpm_mux:Mux0|mux_joc:auto_generated|_~89              ; out0             ;
; |dec4to16|lpm_mux:Mux0|mux_joc:auto_generated|_~90              ; |dec4to16|lpm_mux:Mux0|mux_joc:auto_generated|_~90              ; out0             ;
; |dec4to16|lpm_mux:Mux0|mux_joc:auto_generated|_~95              ; |dec4to16|lpm_mux:Mux0|mux_joc:auto_generated|_~95              ; out0             ;
; |dec4to16|lpm_mux:Mux0|mux_joc:auto_generated|_~98              ; |dec4to16|lpm_mux:Mux0|mux_joc:auto_generated|_~98              ; out0             ;
; |dec4to16|lpm_mux:Mux0|mux_joc:auto_generated|_~100             ; |dec4to16|lpm_mux:Mux0|mux_joc:auto_generated|_~100             ; out0             ;
; |dec4to16|lpm_mux:Mux0|mux_joc:auto_generated|_~102             ; |dec4to16|lpm_mux:Mux0|mux_joc:auto_generated|_~102             ; out0             ;
; |dec4to16|lpm_mux:Mux0|mux_joc:auto_generated|_~103             ; |dec4to16|lpm_mux:Mux0|mux_joc:auto_generated|_~103             ; out0             ;
; |dec4to16|lpm_mux:Mux0|mux_joc:auto_generated|_~104             ; |dec4to16|lpm_mux:Mux0|mux_joc:auto_generated|_~104             ; out0             ;
; |dec4to16|lpm_mux:Mux0|mux_joc:auto_generated|_~105             ; |dec4to16|lpm_mux:Mux0|mux_joc:auto_generated|_~105             ; out0             ;
; |dec4to16|lpm_mux:Mux0|mux_joc:auto_generated|_~107             ; |dec4to16|lpm_mux:Mux0|mux_joc:auto_generated|_~107             ; out0             ;
; |dec4to16|lpm_mux:Mux0|mux_joc:auto_generated|_~109             ; |dec4to16|lpm_mux:Mux0|mux_joc:auto_generated|_~109             ; out0             ;
; |dec4to16|lpm_mux:Mux0|mux_joc:auto_generated|_~111             ; |dec4to16|lpm_mux:Mux0|mux_joc:auto_generated|_~111             ; out0             ;
; |dec4to16|lpm_mux:Mux0|mux_joc:auto_generated|_~112             ; |dec4to16|lpm_mux:Mux0|mux_joc:auto_generated|_~112             ; out0             ;
; |dec4to16|lpm_mux:Mux0|mux_joc:auto_generated|_~113             ; |dec4to16|lpm_mux:Mux0|mux_joc:auto_generated|_~113             ; out0             ;
; |dec4to16|lpm_mux:Mux0|mux_joc:auto_generated|_~114             ; |dec4to16|lpm_mux:Mux0|mux_joc:auto_generated|_~114             ; out0             ;
; |dec4to16|lpm_mux:Mux0|mux_joc:auto_generated|_~115             ; |dec4to16|lpm_mux:Mux0|mux_joc:auto_generated|_~115             ; out0             ;
; |dec4to16|lpm_mux:Mux0|mux_joc:auto_generated|_~118             ; |dec4to16|lpm_mux:Mux0|mux_joc:auto_generated|_~118             ; out0             ;
; |dec4to16|lpm_mux:Mux0|mux_joc:auto_generated|_~122             ; |dec4to16|lpm_mux:Mux0|mux_joc:auto_generated|_~122             ; out0             ;
; |dec4to16|lpm_mux:Mux0|mux_joc:auto_generated|_~124             ; |dec4to16|lpm_mux:Mux0|mux_joc:auto_generated|_~124             ; out0             ;
; |dec4to16|lpm_mux:Mux0|mux_joc:auto_generated|_~126             ; |dec4to16|lpm_mux:Mux0|mux_joc:auto_generated|_~126             ; out0             ;
; |dec4to16|lpm_mux:Mux0|mux_joc:auto_generated|_~127             ; |dec4to16|lpm_mux:Mux0|mux_joc:auto_generated|_~127             ; out0             ;
; |dec4to16|lpm_mux:Mux0|mux_joc:auto_generated|_~128             ; |dec4to16|lpm_mux:Mux0|mux_joc:auto_generated|_~128             ; out0             ;
; |dec4to16|lpm_mux:Mux0|mux_joc:auto_generated|_~129             ; |dec4to16|lpm_mux:Mux0|mux_joc:auto_generated|_~129             ; out0             ;
; |dec4to16|lpm_mux:Mux0|mux_joc:auto_generated|_~131             ; |dec4to16|lpm_mux:Mux0|mux_joc:auto_generated|_~131             ; out0             ;
; |dec4to16|lpm_mux:Mux0|mux_joc:auto_generated|_~133             ; |dec4to16|lpm_mux:Mux0|mux_joc:auto_generated|_~133             ; out0             ;
; |dec4to16|lpm_mux:Mux0|mux_joc:auto_generated|_~135             ; |dec4to16|lpm_mux:Mux0|mux_joc:auto_generated|_~135             ; out0             ;
; |dec4to16|lpm_mux:Mux0|mux_joc:auto_generated|_~136             ; |dec4to16|lpm_mux:Mux0|mux_joc:auto_generated|_~136             ; out0             ;
; |dec4to16|lpm_mux:Mux0|mux_joc:auto_generated|_~137             ; |dec4to16|lpm_mux:Mux0|mux_joc:auto_generated|_~137             ; out0             ;
; |dec4to16|lpm_mux:Mux0|mux_joc:auto_generated|_~138             ; |dec4to16|lpm_mux:Mux0|mux_joc:auto_generated|_~138             ; out0             ;
; |dec4to16|lpm_mux:Mux0|mux_joc:auto_generated|_~140             ; |dec4to16|lpm_mux:Mux0|mux_joc:auto_generated|_~140             ; out0             ;
; |dec4to16|lpm_mux:Mux0|mux_joc:auto_generated|_~141             ; |dec4to16|lpm_mux:Mux0|mux_joc:auto_generated|_~141             ; out0             ;
; |dec4to16|lpm_mux:Mux0|mux_joc:auto_generated|_~142             ; |dec4to16|lpm_mux:Mux0|mux_joc:auto_generated|_~142             ; out0             ;
; |dec4to16|lpm_mux:Mux0|mux_joc:auto_generated|_~143             ; |dec4to16|lpm_mux:Mux0|mux_joc:auto_generated|_~143             ; out0             ;
+-----------------------------------------------------------------+-----------------------------------------------------------------+------------------+


The following table displays output ports that do not toggle to 1 during simulation.
+------------------------------------------------------------------------------------------------------------------------------------------------------+
; Missing 1-Value Coverage                                                                                                                             ;
+-----------------------------------------------------------------+-----------------------------------------------------------------+------------------+
; Node Name                                                       ; Output Port Name                                                ; Output Port Type ;
+-----------------------------------------------------------------+-----------------------------------------------------------------+------------------+
; |dec4to16|Y~0                                                   ; |dec4to16|Y~0                                                   ; out              ;
; |dec4to16|Y~1                                                   ; |dec4to16|Y~1                                                   ; out              ;
; |dec4to16|Y~2                                                   ; |dec4to16|Y~2                                                   ; out              ;
; |dec4to16|Y~3                                                   ; |dec4to16|Y~3                                                   ; out              ;
; |dec4to16|Y~5                                                   ; |dec4to16|Y~5                                                   ; out              ;
; |dec4to16|Y~6                                                   ; |dec4to16|Y~6                                                   ; out              ;
; |dec4to16|Y[9]                                                  ; |dec4to16|Y[9]                                                  ; pin_out          ;
; |dec4to16|Y[10]                                                 ; |dec4to16|Y[10]                                                 ; pin_out          ;
; |dec4to16|Y[12]                                                 ; |dec4to16|Y[12]                                                 ; pin_out          ;
; |dec4to16|Y[13]                                                 ; |dec4to16|Y[13]                                                 ; pin_out          ;
; |dec4to16|Y[14]                                                 ; |dec4to16|Y[14]                                                 ; pin_out          ;
; |dec4to16|Y[15]                                                 ; |dec4to16|Y[15]                                                 ; pin_out          ;
; |dec4to16|lpm_mux:Mux15|mux_joc:auto_generated|_~0              ; |dec4to16|lpm_mux:Mux15|mux_joc:auto_generated|_~0              ; out0             ;
; |dec4to16|lpm_mux:Mux15|mux_joc:auto_generated|_~2              ; |dec4to16|lpm_mux:Mux15|mux_joc:auto_generated|_~2              ; out0             ;
; |dec4to16|lpm_mux:Mux15|mux_joc:auto_generated|_~4              ; |dec4to16|lpm_mux:Mux15|mux_joc:auto_generated|_~4              ; out0             ;
; |dec4to16|lpm_mux:Mux15|mux_joc:auto_generated|_~9              ; |dec4to16|lpm_mux:Mux15|mux_joc:auto_generated|_~9              ; out0             ;
; |dec4to16|lpm_mux:Mux15|mux_joc:auto_generated|_~11             ; |dec4to16|lpm_mux:Mux15|mux_joc:auto_generated|_~11             ; out0             ;
; |dec4to16|lpm_mux:Mux15|mux_joc:auto_generated|_~13             ; |dec4to16|lpm_mux:Mux15|mux_joc:auto_generated|_~13             ; out0             ;
; |dec4to16|lpm_mux:Mux15|mux_joc:auto_generated|_~19             ; |dec4to16|lpm_mux:Mux15|mux_joc:auto_generated|_~19             ; out0             ;
; |dec4to16|lpm_mux:Mux15|mux_joc:auto_generated|_~20             ; |dec4to16|lpm_mux:Mux15|mux_joc:auto_generated|_~20             ; out0             ;
; |dec4to16|lpm_mux:Mux15|mux_joc:auto_generated|_~21             ; |dec4to16|lpm_mux:Mux15|mux_joc:auto_generated|_~21             ; out0             ;
; |dec4to16|lpm_mux:Mux15|mux_joc:auto_generated|_~22             ; |dec4to16|lpm_mux:Mux15|mux_joc:auto_generated|_~22             ; out0             ;
; |dec4to16|lpm_mux:Mux15|mux_joc:auto_generated|_~31             ; |dec4to16|lpm_mux:Mux15|mux_joc:auto_generated|_~31             ; out0             ;
; |dec4to16|lpm_mux:Mux15|mux_joc:auto_generated|_~43             ; |dec4to16|lpm_mux:Mux15|mux_joc:auto_generated|_~43             ; out0             ;
; |dec4to16|lpm_mux:Mux15|mux_joc:auto_generated|_~47             ; |dec4to16|lpm_mux:Mux15|mux_joc:auto_generated|_~47             ; out0             ;
; |dec4to16|lpm_mux:Mux15|mux_joc:auto_generated|_~49             ; |dec4to16|lpm_mux:Mux15|mux_joc:auto_generated|_~49             ; out0             ;
; |dec4to16|lpm_mux:Mux15|mux_joc:auto_generated|_~51             ; |dec4to16|lpm_mux:Mux15|mux_joc:auto_generated|_~51             ; out0             ;
; |dec4to16|lpm_mux:Mux15|mux_joc:auto_generated|_~56             ; |dec4to16|lpm_mux:Mux15|mux_joc:auto_generated|_~56             ; out0             ;
; |dec4to16|lpm_mux:Mux15|mux_joc:auto_generated|_~58             ; |dec4to16|lpm_mux:Mux15|mux_joc:auto_generated|_~58             ; out0             ;
; |dec4to16|lpm_mux:Mux15|mux_joc:auto_generated|_~60             ; |dec4to16|lpm_mux:Mux15|mux_joc:auto_generated|_~60             ; out0             ;
; |dec4to16|lpm_mux:Mux15|mux_joc:auto_generated|_~66             ; |dec4to16|lpm_mux:Mux15|mux_joc:auto_generated|_~66             ; out0             ;
; |dec4to16|lpm_mux:Mux15|mux_joc:auto_generated|_~67             ; |dec4to16|lpm_mux:Mux15|mux_joc:auto_generated|_~67             ; out0             ;
; |dec4to16|lpm_mux:Mux15|mux_joc:auto_generated|_~69             ; |dec4to16|lpm_mux:Mux15|mux_joc:auto_generated|_~69             ; out0             ;
; |dec4to16|lpm_mux:Mux15|mux_joc:auto_generated|result_node[0]~0 ; |dec4to16|lpm_mux:Mux15|mux_joc:auto_generated|result_node[0]~0 ; out0             ;
; |dec4to16|lpm_mux:Mux15|mux_joc:auto_generated|_~72             ; |dec4to16|lpm_mux:Mux15|mux_joc:auto_generated|_~72             ; out0             ;
; |dec4to16|lpm_mux:Mux15|mux_joc:auto_generated|_~81             ; |dec4to16|lpm_mux:Mux15|mux_joc:auto_generated|_~81             ; out0             ;
; |dec4to16|lpm_mux:Mux15|mux_joc:auto_generated|_~93             ; |dec4to16|lpm_mux:Mux15|mux_joc:auto_generated|_~93             ; out0             ;
; |dec4to16|lpm_mux:Mux15|mux_joc:auto_generated|_~97             ; |dec4to16|lpm_mux:Mux15|mux_joc:auto_generated|_~97             ; out0             ;
; |dec4to16|lpm_mux:Mux15|mux_joc:auto_generated|_~99             ; |dec4to16|lpm_mux:Mux15|mux_joc:auto_generated|_~99             ; out0             ;
; |dec4to16|lpm_mux:Mux15|mux_joc:auto_generated|_~101            ; |dec4to16|lpm_mux:Mux15|mux_joc:auto_generated|_~101            ; out0             ;
; |dec4to16|lpm_mux:Mux15|mux_joc:auto_generated|_~106            ; |dec4to16|lpm_mux:Mux15|mux_joc:auto_generated|_~106            ; out0             ;
; |dec4to16|lpm_mux:Mux15|mux_joc:auto_generated|_~108            ; |dec4to16|lpm_mux:Mux15|mux_joc:auto_generated|_~108            ; out0             ;
; |dec4to16|lpm_mux:Mux15|mux_joc:auto_generated|_~110            ; |dec4to16|lpm_mux:Mux15|mux_joc:auto_generated|_~110            ; out0             ;
; |dec4to16|lpm_mux:Mux15|mux_joc:auto_generated|_~116            ; |dec4to16|lpm_mux:Mux15|mux_joc:auto_generated|_~116            ; out0             ;
; |dec4to16|lpm_mux:Mux15|mux_joc:auto_generated|_~117            ; |dec4to16|lpm_mux:Mux15|mux_joc:auto_generated|_~117            ; out0             ;
; |dec4to16|lpm_mux:Mux15|mux_joc:auto_generated|_~119            ; |dec4to16|lpm_mux:Mux15|mux_joc:auto_generated|_~119            ; out0             ;
; |dec4to16|lpm_mux:Mux15|mux_joc:auto_generated|_~121            ; |dec4to16|lpm_mux:Mux15|mux_joc:auto_generated|_~121            ; out0             ;
; |dec4to16|lpm_mux:Mux15|mux_joc:auto_generated|_~123            ; |dec4to16|lpm_mux:Mux15|mux_joc:auto_generated|_~123            ; out0             ;
; |dec4to16|lpm_mux:Mux15|mux_joc:auto_generated|_~125            ; |dec4to16|lpm_mux:Mux15|mux_joc:auto_generated|_~125            ; out0             ;
; |dec4to16|lpm_mux:Mux15|mux_joc:auto_generated|_~130            ; |dec4to16|lpm_mux:Mux15|mux_joc:auto_generated|_~130            ; out0             ;
; |dec4to16|lpm_mux:Mux15|mux_joc:auto_generated|_~132            ; |dec4to16|lpm_mux:Mux15|mux_joc:auto_generated|_~132            ; out0             ;
; |dec4to16|lpm_mux:Mux15|mux_joc:auto_generated|_~134            ; |dec4to16|lpm_mux:Mux15|mux_joc:auto_generated|_~134            ; out0             ;
; |dec4to16|lpm_mux:Mux15|mux_joc:auto_generated|_~140            ; |dec4to16|lpm_mux:Mux15|mux_joc:auto_generated|_~140            ; out0             ;
; |dec4to16|lpm_mux:Mux15|mux_joc:auto_generated|_~141            ; |dec4to16|lpm_mux:Mux15|mux_joc:auto_generated|_~141            ; out0             ;
; |dec4to16|lpm_mux:Mux14|mux_joc:auto_generated|_~0              ; |dec4to16|lpm_mux:Mux14|mux_joc:auto_generated|_~0              ; out0             ;
; |dec4to16|lpm_mux:Mux14|mux_joc:auto_generated|_~2              ; |dec4to16|lpm_mux:Mux14|mux_joc:auto_generated|_~2              ; out0             ;
; |dec4to16|lpm_mux:Mux14|mux_joc:auto_generated|_~4              ; |dec4to16|lpm_mux:Mux14|mux_joc:auto_generated|_~4              ; out0             ;
; |dec4to16|lpm_mux:Mux14|mux_joc:auto_generated|_~9              ; |dec4to16|lpm_mux:Mux14|mux_joc:auto_generated|_~9              ; out0             ;
; |dec4to16|lpm_mux:Mux14|mux_joc:auto_generated|_~11             ; |dec4to16|lpm_mux:Mux14|mux_joc:auto_generated|_~11             ; out0             ;
; |dec4to16|lpm_mux:Mux14|mux_joc:auto_generated|_~13             ; |dec4to16|lpm_mux:Mux14|mux_joc:auto_generated|_~13             ; out0             ;
; |dec4to16|lpm_mux:Mux14|mux_joc:auto_generated|_~19             ; |dec4to16|lpm_mux:Mux14|mux_joc:auto_generated|_~19             ; out0             ;
; |dec4to16|lpm_mux:Mux14|mux_joc:auto_generated|_~20             ; |dec4to16|lpm_mux:Mux14|mux_joc:auto_generated|_~20             ; out0             ;
; |dec4to16|lpm_mux:Mux14|mux_joc:auto_generated|_~21             ; |dec4to16|lpm_mux:Mux14|mux_joc:auto_generated|_~21             ; out0             ;
; |dec4to16|lpm_mux:Mux14|mux_joc:auto_generated|_~24             ; |dec4to16|lpm_mux:Mux14|mux_joc:auto_generated|_~24             ; out0             ;
; |dec4to16|lpm_mux:Mux14|mux_joc:auto_generated|_~26             ; |dec4to16|lpm_mux:Mux14|mux_joc:auto_generated|_~26             ; out0             ;
; |dec4to16|lpm_mux:Mux14|mux_joc:auto_generated|_~33             ; |dec4to16|lpm_mux:Mux14|mux_joc:auto_generated|_~33             ; out0             ;
; |dec4to16|lpm_mux:Mux14|mux_joc:auto_generated|_~35             ; |dec4to16|lpm_mux:Mux14|mux_joc:auto_generated|_~35             ; out0             ;
; |dec4to16|lpm_mux:Mux14|mux_joc:auto_generated|_~41             ; |dec4to16|lpm_mux:Mux14|mux_joc:auto_generated|_~41             ; out0             ;
; |dec4to16|lpm_mux:Mux14|mux_joc:auto_generated|_~43             ; |dec4to16|lpm_mux:Mux14|mux_joc:auto_generated|_~43             ; out0             ;
; |dec4to16|lpm_mux:Mux14|mux_joc:auto_generated|_~47             ; |dec4to16|lpm_mux:Mux14|mux_joc:auto_generated|_~47             ; out0             ;
; |dec4to16|lpm_mux:Mux14|mux_joc:auto_generated|_~49             ; |dec4to16|lpm_mux:Mux14|mux_joc:auto_generated|_~49             ; out0             ;
; |dec4to16|lpm_mux:Mux14|mux_joc:auto_generated|_~51             ; |dec4to16|lpm_mux:Mux14|mux_joc:auto_generated|_~51             ; out0             ;
; |dec4to16|lpm_mux:Mux14|mux_joc:auto_generated|_~56             ; |dec4to16|lpm_mux:Mux14|mux_joc:auto_generated|_~56             ; out0             ;
; |dec4to16|lpm_mux:Mux14|mux_joc:auto_generated|_~58             ; |dec4to16|lpm_mux:Mux14|mux_joc:auto_generated|_~58             ; out0             ;
; |dec4to16|lpm_mux:Mux14|mux_joc:auto_generated|_~60             ; |dec4to16|lpm_mux:Mux14|mux_joc:auto_generated|_~60             ; out0             ;
; |dec4to16|lpm_mux:Mux14|mux_joc:auto_generated|_~66             ; |dec4to16|lpm_mux:Mux14|mux_joc:auto_generated|_~66             ; out0             ;
; |dec4to16|lpm_mux:Mux14|mux_joc:auto_generated|_~67             ; |dec4to16|lpm_mux:Mux14|mux_joc:auto_generated|_~67             ; out0             ;
; |dec4to16|lpm_mux:Mux14|mux_joc:auto_generated|_~69             ; |dec4to16|lpm_mux:Mux14|mux_joc:auto_generated|_~69             ; out0             ;
; |dec4to16|lpm_mux:Mux14|mux_joc:auto_generated|result_node[0]~0 ; |dec4to16|lpm_mux:Mux14|mux_joc:auto_generated|result_node[0]~0 ; out0             ;
; |dec4to16|lpm_mux:Mux14|mux_joc:auto_generated|_~74             ; |dec4to16|lpm_mux:Mux14|mux_joc:auto_generated|_~74             ; out0             ;
; |dec4to16|lpm_mux:Mux14|mux_joc:auto_generated|_~76             ; |dec4to16|lpm_mux:Mux14|mux_joc:auto_generated|_~76             ; out0             ;
; |dec4to16|lpm_mux:Mux14|mux_joc:auto_generated|_~83             ; |dec4to16|lpm_mux:Mux14|mux_joc:auto_generated|_~83             ; out0             ;
; |dec4to16|lpm_mux:Mux14|mux_joc:auto_generated|_~85             ; |dec4to16|lpm_mux:Mux14|mux_joc:auto_generated|_~85             ; out0             ;
; |dec4to16|lpm_mux:Mux14|mux_joc:auto_generated|_~91             ; |dec4to16|lpm_mux:Mux14|mux_joc:auto_generated|_~91             ; out0             ;
; |dec4to16|lpm_mux:Mux14|mux_joc:auto_generated|_~93             ; |dec4to16|lpm_mux:Mux14|mux_joc:auto_generated|_~93             ; out0             ;
; |dec4to16|lpm_mux:Mux14|mux_joc:auto_generated|_~97             ; |dec4to16|lpm_mux:Mux14|mux_joc:auto_generated|_~97             ; out0             ;
; |dec4to16|lpm_mux:Mux14|mux_joc:auto_generated|_~99             ; |dec4to16|lpm_mux:Mux14|mux_joc:auto_generated|_~99             ; out0             ;
; |dec4to16|lpm_mux:Mux14|mux_joc:auto_generated|_~101            ; |dec4to16|lpm_mux:Mux14|mux_joc:auto_generated|_~101            ; out0             ;
; |dec4to16|lpm_mux:Mux14|mux_joc:auto_generated|_~106            ; |dec4to16|lpm_mux:Mux14|mux_joc:auto_generated|_~106            ; out0             ;
; |dec4to16|lpm_mux:Mux14|mux_joc:auto_generated|_~108            ; |dec4to16|lpm_mux:Mux14|mux_joc:auto_generated|_~108            ; out0             ;
; |dec4to16|lpm_mux:Mux14|mux_joc:auto_generated|_~110            ; |dec4to16|lpm_mux:Mux14|mux_joc:auto_generated|_~110            ; out0             ;
; |dec4to16|lpm_mux:Mux14|mux_joc:auto_generated|_~116            ; |dec4to16|lpm_mux:Mux14|mux_joc:auto_generated|_~116            ; out0             ;
; |dec4to16|lpm_mux:Mux14|mux_joc:auto_generated|_~117            ; |dec4to16|lpm_mux:Mux14|mux_joc:auto_generated|_~117            ; out0             ;
; |dec4to16|lpm_mux:Mux14|mux_joc:auto_generated|_~119            ; |dec4to16|lpm_mux:Mux14|mux_joc:auto_generated|_~119            ; out0             ;
; |dec4to16|lpm_mux:Mux14|mux_joc:auto_generated|_~121            ; |dec4to16|lpm_mux:Mux14|mux_joc:auto_generated|_~121            ; out0             ;
; |dec4to16|lpm_mux:Mux14|mux_joc:auto_generated|_~123            ; |dec4to16|lpm_mux:Mux14|mux_joc:auto_generated|_~123            ; out0             ;
; |dec4to16|lpm_mux:Mux14|mux_joc:auto_generated|_~125            ; |dec4to16|lpm_mux:Mux14|mux_joc:auto_generated|_~125            ; out0             ;
; |dec4to16|lpm_mux:Mux14|mux_joc:auto_generated|_~130            ; |dec4to16|lpm_mux:Mux14|mux_joc:auto_generated|_~130            ; out0             ;
; |dec4to16|lpm_mux:Mux14|mux_joc:auto_generated|_~132            ; |dec4to16|lpm_mux:Mux14|mux_joc:auto_generated|_~132            ; out0             ;
; |dec4to16|lpm_mux:Mux14|mux_joc:auto_generated|_~134            ; |dec4to16|lpm_mux:Mux14|mux_joc:auto_generated|_~134            ; out0             ;
; |dec4to16|lpm_mux:Mux14|mux_joc:auto_generated|_~140            ; |dec4to16|lpm_mux:Mux14|mux_joc:auto_generated|_~140            ; out0             ;
; |dec4to16|lpm_mux:Mux14|mux_joc:auto_generated|_~141            ; |dec4to16|lpm_mux:Mux14|mux_joc:auto_generated|_~141            ; out0             ;
; |dec4to16|lpm_mux:Mux13|mux_joc:auto_generated|_~0              ; |dec4to16|lpm_mux:Mux13|mux_joc:auto_generated|_~0              ; out0             ;
; |dec4to16|lpm_mux:Mux13|mux_joc:auto_generated|_~2              ; |dec4to16|lpm_mux:Mux13|mux_joc:auto_generated|_~2              ; out0             ;
; |dec4to16|lpm_mux:Mux13|mux_joc:auto_generated|_~4              ; |dec4to16|lpm_mux:Mux13|mux_joc:auto_generated|_~4              ; out0             ;
; |dec4to16|lpm_mux:Mux13|mux_joc:auto_generated|_~9              ; |dec4to16|lpm_mux:Mux13|mux_joc:auto_generated|_~9              ; out0             ;
; |dec4to16|lpm_mux:Mux13|mux_joc:auto_generated|_~11             ; |dec4to16|lpm_mux:Mux13|mux_joc:auto_generated|_~11             ; out0             ;
; |dec4to16|lpm_mux:Mux13|mux_joc:auto_generated|_~13             ; |dec4to16|lpm_mux:Mux13|mux_joc:auto_generated|_~13             ; out0             ;
; |dec4to16|lpm_mux:Mux13|mux_joc:auto_generated|_~19             ; |dec4to16|lpm_mux:Mux13|mux_joc:auto_generated|_~19             ; out0             ;
; |dec4to16|lpm_mux:Mux13|mux_joc:auto_generated|_~20             ; |dec4to16|lpm_mux:Mux13|mux_joc:auto_generated|_~20             ; out0             ;
; |dec4to16|lpm_mux:Mux13|mux_joc:auto_generated|_~21             ; |dec4to16|lpm_mux:Mux13|mux_joc:auto_generated|_~21             ; out0             ;
; |dec4to16|lpm_mux:Mux13|mux_joc:auto_generated|_~22             ; |dec4to16|lpm_mux:Mux13|mux_joc:auto_generated|_~22             ; out0             ;
; |dec4to16|lpm_mux:Mux13|mux_joc:auto_generated|_~24             ; |dec4to16|lpm_mux:Mux13|mux_joc:auto_generated|_~24             ; out0             ;
; |dec4to16|lpm_mux:Mux13|mux_joc:auto_generated|_~26             ; |dec4to16|lpm_mux:Mux13|mux_joc:auto_generated|_~26             ; out0             ;
; |dec4to16|lpm_mux:Mux13|mux_joc:auto_generated|_~27             ; |dec4to16|lpm_mux:Mux13|mux_joc:auto_generated|_~27             ; out0             ;
; |dec4to16|lpm_mux:Mux13|mux_joc:auto_generated|_~31             ; |dec4to16|lpm_mux:Mux13|mux_joc:auto_generated|_~31             ; out0             ;
; |dec4to16|lpm_mux:Mux13|mux_joc:auto_generated|_~33             ; |dec4to16|lpm_mux:Mux13|mux_joc:auto_generated|_~33             ; out0             ;
; |dec4to16|lpm_mux:Mux13|mux_joc:auto_generated|_~35             ; |dec4to16|lpm_mux:Mux13|mux_joc:auto_generated|_~35             ; out0             ;
; |dec4to16|lpm_mux:Mux13|mux_joc:auto_generated|_~36             ; |dec4to16|lpm_mux:Mux13|mux_joc:auto_generated|_~36             ; out0             ;
; |dec4to16|lpm_mux:Mux13|mux_joc:auto_generated|_~43             ; |dec4to16|lpm_mux:Mux13|mux_joc:auto_generated|_~43             ; out0             ;
; |dec4to16|lpm_mux:Mux13|mux_joc:auto_generated|_~47             ; |dec4to16|lpm_mux:Mux13|mux_joc:auto_generated|_~47             ; out0             ;
; |dec4to16|lpm_mux:Mux13|mux_joc:auto_generated|_~49             ; |dec4to16|lpm_mux:Mux13|mux_joc:auto_generated|_~49             ; out0             ;
; |dec4to16|lpm_mux:Mux13|mux_joc:auto_generated|_~51             ; |dec4to16|lpm_mux:Mux13|mux_joc:auto_generated|_~51             ; out0             ;
; |dec4to16|lpm_mux:Mux13|mux_joc:auto_generated|_~56             ; |dec4to16|lpm_mux:Mux13|mux_joc:auto_generated|_~56             ; out0             ;
; |dec4to16|lpm_mux:Mux13|mux_joc:auto_generated|_~58             ; |dec4to16|lpm_mux:Mux13|mux_joc:auto_generated|_~58             ; out0             ;
; |dec4to16|lpm_mux:Mux13|mux_joc:auto_generated|_~60             ; |dec4to16|lpm_mux:Mux13|mux_joc:auto_generated|_~60             ; out0             ;
; |dec4to16|lpm_mux:Mux13|mux_joc:auto_generated|_~66             ; |dec4to16|lpm_mux:Mux13|mux_joc:auto_generated|_~66             ; out0             ;
; |dec4to16|lpm_mux:Mux13|mux_joc:auto_generated|_~67             ; |dec4to16|lpm_mux:Mux13|mux_joc:auto_generated|_~67             ; out0             ;
; |dec4to16|lpm_mux:Mux13|mux_joc:auto_generated|_~69             ; |dec4to16|lpm_mux:Mux13|mux_joc:auto_generated|_~69             ; out0             ;
; |dec4to16|lpm_mux:Mux13|mux_joc:auto_generated|result_node[0]~0 ; |dec4to16|lpm_mux:Mux13|mux_joc:auto_generated|result_node[0]~0 ; out0             ;
; |dec4to16|lpm_mux:Mux13|mux_joc:auto_generated|_~72             ; |dec4to16|lpm_mux:Mux13|mux_joc:auto_generated|_~72             ; out0             ;
; |dec4to16|lpm_mux:Mux13|mux_joc:auto_generated|_~74             ; |dec4to16|lpm_mux:Mux13|mux_joc:auto_generated|_~74             ; out0             ;
; |dec4to16|lpm_mux:Mux13|mux_joc:auto_generated|_~76             ; |dec4to16|lpm_mux:Mux13|mux_joc:auto_generated|_~76             ; out0             ;
; |dec4to16|lpm_mux:Mux13|mux_joc:auto_generated|_~77             ; |dec4to16|lpm_mux:Mux13|mux_joc:auto_generated|_~77             ; out0             ;
; |dec4to16|lpm_mux:Mux13|mux_joc:auto_generated|_~81             ; |dec4to16|lpm_mux:Mux13|mux_joc:auto_generated|_~81             ; out0             ;
; |dec4to16|lpm_mux:Mux13|mux_joc:auto_generated|_~83             ; |dec4to16|lpm_mux:Mux13|mux_joc:auto_generated|_~83             ; out0             ;
; |dec4to16|lpm_mux:Mux13|mux_joc:auto_generated|_~85             ; |dec4to16|lpm_mux:Mux13|mux_joc:auto_generated|_~85             ; out0             ;
; |dec4to16|lpm_mux:Mux13|mux_joc:auto_generated|_~86             ; |dec4to16|lpm_mux:Mux13|mux_joc:auto_generated|_~86             ; out0             ;
; |dec4to16|lpm_mux:Mux13|mux_joc:auto_generated|_~93             ; |dec4to16|lpm_mux:Mux13|mux_joc:auto_generated|_~93             ; out0             ;
; |dec4to16|lpm_mux:Mux13|mux_joc:auto_generated|_~97             ; |dec4to16|lpm_mux:Mux13|mux_joc:auto_generated|_~97             ; out0             ;
; |dec4to16|lpm_mux:Mux13|mux_joc:auto_generated|_~99             ; |dec4to16|lpm_mux:Mux13|mux_joc:auto_generated|_~99             ; out0             ;
; |dec4to16|lpm_mux:Mux13|mux_joc:auto_generated|_~101            ; |dec4to16|lpm_mux:Mux13|mux_joc:auto_generated|_~101            ; out0             ;
; |dec4to16|lpm_mux:Mux13|mux_joc:auto_generated|_~106            ; |dec4to16|lpm_mux:Mux13|mux_joc:auto_generated|_~106            ; out0             ;
; |dec4to16|lpm_mux:Mux13|mux_joc:auto_generated|_~108            ; |dec4to16|lpm_mux:Mux13|mux_joc:auto_generated|_~108            ; out0             ;
; |dec4to16|lpm_mux:Mux13|mux_joc:auto_generated|_~110            ; |dec4to16|lpm_mux:Mux13|mux_joc:auto_generated|_~110            ; out0             ;
; |dec4to16|lpm_mux:Mux13|mux_joc:auto_generated|_~116            ; |dec4to16|lpm_mux:Mux13|mux_joc:auto_generated|_~116            ; out0             ;
; |dec4to16|lpm_mux:Mux13|mux_joc:auto_generated|_~117            ; |dec4to16|lpm_mux:Mux13|mux_joc:auto_generated|_~117            ; out0             ;
; |dec4to16|lpm_mux:Mux13|mux_joc:auto_generated|_~119            ; |dec4to16|lpm_mux:Mux13|mux_joc:auto_generated|_~119            ; out0             ;
; |dec4to16|lpm_mux:Mux13|mux_joc:auto_generated|_~121            ; |dec4to16|lpm_mux:Mux13|mux_joc:auto_generated|_~121            ; out0             ;
; |dec4to16|lpm_mux:Mux13|mux_joc:auto_generated|_~123            ; |dec4to16|lpm_mux:Mux13|mux_joc:auto_generated|_~123            ; out0             ;
; |dec4to16|lpm_mux:Mux13|mux_joc:auto_generated|_~125            ; |dec4to16|lpm_mux:Mux13|mux_joc:auto_generated|_~125            ; out0             ;
; |dec4to16|lpm_mux:Mux13|mux_joc:auto_generated|_~130            ; |dec4to16|lpm_mux:Mux13|mux_joc:auto_generated|_~130            ; out0             ;
; |dec4to16|lpm_mux:Mux13|mux_joc:auto_generated|_~132            ; |dec4to16|lpm_mux:Mux13|mux_joc:auto_generated|_~132            ; out0             ;
; |dec4to16|lpm_mux:Mux13|mux_joc:auto_generated|_~134            ; |dec4to16|lpm_mux:Mux13|mux_joc:auto_generated|_~134            ; out0             ;
; |dec4to16|lpm_mux:Mux13|mux_joc:auto_generated|_~140            ; |dec4to16|lpm_mux:Mux13|mux_joc:auto_generated|_~140            ; out0             ;
; |dec4to16|lpm_mux:Mux13|mux_joc:auto_generated|_~141            ; |dec4to16|lpm_mux:Mux13|mux_joc:auto_generated|_~141            ; out0             ;
; |dec4to16|lpm_mux:Mux12|mux_joc:auto_generated|_~0              ; |dec4to16|lpm_mux:Mux12|mux_joc:auto_generated|_~0              ; out0             ;
; |dec4to16|lpm_mux:Mux12|mux_joc:auto_generated|_~2              ; |dec4to16|lpm_mux:Mux12|mux_joc:auto_generated|_~2              ; out0             ;
; |dec4to16|lpm_mux:Mux12|mux_joc:auto_generated|_~4              ; |dec4to16|lpm_mux:Mux12|mux_joc:auto_generated|_~4              ; out0             ;
; |dec4to16|lpm_mux:Mux12|mux_joc:auto_generated|_~9              ; |dec4to16|lpm_mux:Mux12|mux_joc:auto_generated|_~9              ; out0             ;
; |dec4to16|lpm_mux:Mux12|mux_joc:auto_generated|_~11             ; |dec4to16|lpm_mux:Mux12|mux_joc:auto_generated|_~11             ; out0             ;
; |dec4to16|lpm_mux:Mux12|mux_joc:auto_generated|_~13             ; |dec4to16|lpm_mux:Mux12|mux_joc:auto_generated|_~13             ; out0             ;
; |dec4to16|lpm_mux:Mux12|mux_joc:auto_generated|_~19             ; |dec4to16|lpm_mux:Mux12|mux_joc:auto_generated|_~19             ; out0             ;
; |dec4to16|lpm_mux:Mux12|mux_joc:auto_generated|_~20             ; |dec4to16|lpm_mux:Mux12|mux_joc:auto_generated|_~20             ; out0             ;
; |dec4to16|lpm_mux:Mux12|mux_joc:auto_generated|_~21             ; |dec4to16|lpm_mux:Mux12|mux_joc:auto_generated|_~21             ; out0             ;
; |dec4to16|lpm_mux:Mux12|mux_joc:auto_generated|_~22             ; |dec4to16|lpm_mux:Mux12|mux_joc:auto_generated|_~22             ; out0             ;
; |dec4to16|lpm_mux:Mux12|mux_joc:auto_generated|_~24             ; |dec4to16|lpm_mux:Mux12|mux_joc:auto_generated|_~24             ; out0             ;
; |dec4to16|lpm_mux:Mux12|mux_joc:auto_generated|_~26             ; |dec4to16|lpm_mux:Mux12|mux_joc:auto_generated|_~26             ; out0             ;
; |dec4to16|lpm_mux:Mux12|mux_joc:auto_generated|_~31             ; |dec4to16|lpm_mux:Mux12|mux_joc:auto_generated|_~31             ; out0             ;
; |dec4to16|lpm_mux:Mux12|mux_joc:auto_generated|_~33             ; |dec4to16|lpm_mux:Mux12|mux_joc:auto_generated|_~33             ; out0             ;
; |dec4to16|lpm_mux:Mux12|mux_joc:auto_generated|_~35             ; |dec4to16|lpm_mux:Mux12|mux_joc:auto_generated|_~35             ; out0             ;
; |dec4to16|lpm_mux:Mux12|mux_joc:auto_generated|_~40             ; |dec4to16|lpm_mux:Mux12|mux_joc:auto_generated|_~40             ; out0             ;
; |dec4to16|lpm_mux:Mux12|mux_joc:auto_generated|_~43             ; |dec4to16|lpm_mux:Mux12|mux_joc:auto_generated|_~43             ; out0             ;
; |dec4to16|lpm_mux:Mux12|mux_joc:auto_generated|_~47             ; |dec4to16|lpm_mux:Mux12|mux_joc:auto_generated|_~47             ; out0             ;
; |dec4to16|lpm_mux:Mux12|mux_joc:auto_generated|_~49             ; |dec4to16|lpm_mux:Mux12|mux_joc:auto_generated|_~49             ; out0             ;
; |dec4to16|lpm_mux:Mux12|mux_joc:auto_generated|_~51             ; |dec4to16|lpm_mux:Mux12|mux_joc:auto_generated|_~51             ; out0             ;
; |dec4to16|lpm_mux:Mux12|mux_joc:auto_generated|_~56             ; |dec4to16|lpm_mux:Mux12|mux_joc:auto_generated|_~56             ; out0             ;
; |dec4to16|lpm_mux:Mux12|mux_joc:auto_generated|_~58             ; |dec4to16|lpm_mux:Mux12|mux_joc:auto_generated|_~58             ; out0             ;
; |dec4to16|lpm_mux:Mux12|mux_joc:auto_generated|_~60             ; |dec4to16|lpm_mux:Mux12|mux_joc:auto_generated|_~60             ; out0             ;
; |dec4to16|lpm_mux:Mux12|mux_joc:auto_generated|_~66             ; |dec4to16|lpm_mux:Mux12|mux_joc:auto_generated|_~66             ; out0             ;
; |dec4to16|lpm_mux:Mux12|mux_joc:auto_generated|_~67             ; |dec4to16|lpm_mux:Mux12|mux_joc:auto_generated|_~67             ; out0             ;
; |dec4to16|lpm_mux:Mux12|mux_joc:auto_generated|_~69             ; |dec4to16|lpm_mux:Mux12|mux_joc:auto_generated|_~69             ; out0             ;
; |dec4to16|lpm_mux:Mux12|mux_joc:auto_generated|result_node[0]~0 ; |dec4to16|lpm_mux:Mux12|mux_joc:auto_generated|result_node[0]~0 ; out0             ;
; |dec4to16|lpm_mux:Mux12|mux_joc:auto_generated|_~72             ; |dec4to16|lpm_mux:Mux12|mux_joc:auto_generated|_~72             ; out0             ;
; |dec4to16|lpm_mux:Mux12|mux_joc:auto_generated|_~74             ; |dec4to16|lpm_mux:Mux12|mux_joc:auto_generated|_~74             ; out0             ;
; |dec4to16|lpm_mux:Mux12|mux_joc:auto_generated|_~76             ; |dec4to16|lpm_mux:Mux12|mux_joc:auto_generated|_~76             ; out0             ;
; |dec4to16|lpm_mux:Mux12|mux_joc:auto_generated|_~81             ; |dec4to16|lpm_mux:Mux12|mux_joc:auto_generated|_~81             ; out0             ;
; |dec4to16|lpm_mux:Mux12|mux_joc:auto_generated|_~83             ; |dec4to16|lpm_mux:Mux12|mux_joc:auto_generated|_~83             ; out0             ;
; |dec4to16|lpm_mux:Mux12|mux_joc:auto_generated|_~85             ; |dec4to16|lpm_mux:Mux12|mux_joc:auto_generated|_~85             ; out0             ;
; |dec4to16|lpm_mux:Mux12|mux_joc:auto_generated|_~90             ; |dec4to16|lpm_mux:Mux12|mux_joc:auto_generated|_~90             ; out0             ;
; |dec4to16|lpm_mux:Mux12|mux_joc:auto_generated|_~93             ; |dec4to16|lpm_mux:Mux12|mux_joc:auto_generated|_~93             ; out0             ;
; |dec4to16|lpm_mux:Mux12|mux_joc:auto_generated|_~97             ; |dec4to16|lpm_mux:Mux12|mux_joc:auto_generated|_~97             ; out0             ;
; |dec4to16|lpm_mux:Mux12|mux_joc:auto_generated|_~99             ; |dec4to16|lpm_mux:Mux12|mux_joc:auto_generated|_~99             ; out0             ;
; |dec4to16|lpm_mux:Mux12|mux_joc:auto_generated|_~101            ; |dec4to16|lpm_mux:Mux12|mux_joc:auto_generated|_~101            ; out0             ;
; |dec4to16|lpm_mux:Mux12|mux_joc:auto_generated|_~106            ; |dec4to16|lpm_mux:Mux12|mux_joc:auto_generated|_~106            ; out0             ;
; |dec4to16|lpm_mux:Mux12|mux_joc:auto_generated|_~108            ; |dec4to16|lpm_mux:Mux12|mux_joc:auto_generated|_~108            ; out0             ;
; |dec4to16|lpm_mux:Mux12|mux_joc:auto_generated|_~110            ; |dec4to16|lpm_mux:Mux12|mux_joc:auto_generated|_~110            ; out0             ;
; |dec4to16|lpm_mux:Mux12|mux_joc:auto_generated|_~116            ; |dec4to16|lpm_mux:Mux12|mux_joc:auto_generated|_~116            ; out0             ;
; |dec4to16|lpm_mux:Mux12|mux_joc:auto_generated|_~117            ; |dec4to16|lpm_mux:Mux12|mux_joc:auto_generated|_~117            ; out0             ;
; |dec4to16|lpm_mux:Mux12|mux_joc:auto_generated|_~119            ; |dec4to16|lpm_mux:Mux12|mux_joc:auto_generated|_~119            ; out0             ;
; |dec4to16|lpm_mux:Mux12|mux_joc:auto_generated|_~121            ; |dec4to16|lpm_mux:Mux12|mux_joc:auto_generated|_~121            ; out0             ;
; |dec4to16|lpm_mux:Mux12|mux_joc:auto_generated|_~123            ; |dec4to16|lpm_mux:Mux12|mux_joc:auto_generated|_~123            ; out0             ;
; |dec4to16|lpm_mux:Mux12|mux_joc:auto_generated|_~125            ; |dec4to16|lpm_mux:Mux12|mux_joc:auto_generated|_~125            ; out0             ;
; |dec4to16|lpm_mux:Mux12|mux_joc:auto_generated|_~130            ; |dec4to16|lpm_mux:Mux12|mux_joc:auto_generated|_~130            ; out0             ;
; |dec4to16|lpm_mux:Mux12|mux_joc:auto_generated|_~132            ; |dec4to16|lpm_mux:Mux12|mux_joc:auto_generated|_~132            ; out0             ;
; |dec4to16|lpm_mux:Mux12|mux_joc:auto_generated|_~134            ; |dec4to16|lpm_mux:Mux12|mux_joc:auto_generated|_~134            ; out0             ;
; |dec4to16|lpm_mux:Mux12|mux_joc:auto_generated|_~140            ; |dec4to16|lpm_mux:Mux12|mux_joc:auto_generated|_~140            ; out0             ;
; |dec4to16|lpm_mux:Mux12|mux_joc:auto_generated|_~141            ; |dec4to16|lpm_mux:Mux12|mux_joc:auto_generated|_~141            ; out0             ;
; |dec4to16|lpm_mux:Mux11|mux_joc:auto_generated|_~0              ; |dec4to16|lpm_mux:Mux11|mux_joc:auto_generated|_~0              ; out0             ;
; |dec4to16|lpm_mux:Mux11|mux_joc:auto_generated|_~9              ; |dec4to16|lpm_mux:Mux11|mux_joc:auto_generated|_~9              ; out0             ;
; |dec4to16|lpm_mux:Mux11|mux_joc:auto_generated|_~22             ; |dec4to16|lpm_mux:Mux11|mux_joc:auto_generated|_~22             ; out0             ;
; |dec4to16|lpm_mux:Mux11|mux_joc:auto_generated|_~24             ; |dec4to16|lpm_mux:Mux11|mux_joc:auto_generated|_~24             ; out0             ;
; |dec4to16|lpm_mux:Mux11|mux_joc:auto_generated|_~26             ; |dec4to16|lpm_mux:Mux11|mux_joc:auto_generated|_~26             ; out0             ;
; |dec4to16|lpm_mux:Mux11|mux_joc:auto_generated|_~31             ; |dec4to16|lpm_mux:Mux11|mux_joc:auto_generated|_~31             ; out0             ;
; |dec4to16|lpm_mux:Mux11|mux_joc:auto_generated|_~33             ; |dec4to16|lpm_mux:Mux11|mux_joc:auto_generated|_~33             ; out0             ;
; |dec4to16|lpm_mux:Mux11|mux_joc:auto_generated|_~35             ; |dec4to16|lpm_mux:Mux11|mux_joc:auto_generated|_~35             ; out0             ;
; |dec4to16|lpm_mux:Mux11|mux_joc:auto_generated|_~41             ; |dec4to16|lpm_mux:Mux11|mux_joc:auto_generated|_~41             ; out0             ;
; |dec4to16|lpm_mux:Mux11|mux_joc:auto_generated|_~42             ; |dec4to16|lpm_mux:Mux11|mux_joc:auto_generated|_~42             ; out0             ;
; |dec4to16|lpm_mux:Mux11|mux_joc:auto_generated|_~43             ; |dec4to16|lpm_mux:Mux11|mux_joc:auto_generated|_~43             ; out0             ;
; |dec4to16|lpm_mux:Mux11|mux_joc:auto_generated|_~44             ; |dec4to16|lpm_mux:Mux11|mux_joc:auto_generated|_~44             ; out0             ;
; |dec4to16|lpm_mux:Mux11|mux_joc:auto_generated|_~46             ; |dec4to16|lpm_mux:Mux11|mux_joc:auto_generated|_~46             ; out0             ;
; |dec4to16|lpm_mux:Mux11|mux_joc:auto_generated|_~47             ; |dec4to16|lpm_mux:Mux11|mux_joc:auto_generated|_~47             ; out0             ;
; |dec4to16|lpm_mux:Mux11|mux_joc:auto_generated|_~49             ; |dec4to16|lpm_mux:Mux11|mux_joc:auto_generated|_~49             ; out0             ;
; |dec4to16|lpm_mux:Mux11|mux_joc:auto_generated|_~51             ; |dec4to16|lpm_mux:Mux11|mux_joc:auto_generated|_~51             ; out0             ;
; |dec4to16|lpm_mux:Mux11|mux_joc:auto_generated|_~56             ; |dec4to16|lpm_mux:Mux11|mux_joc:auto_generated|_~56             ; out0             ;
; |dec4to16|lpm_mux:Mux11|mux_joc:auto_generated|_~58             ; |dec4to16|lpm_mux:Mux11|mux_joc:auto_generated|_~58             ; out0             ;
; |dec4to16|lpm_mux:Mux11|mux_joc:auto_generated|_~60             ; |dec4to16|lpm_mux:Mux11|mux_joc:auto_generated|_~60             ; out0             ;
; |dec4to16|lpm_mux:Mux11|mux_joc:auto_generated|_~66             ; |dec4to16|lpm_mux:Mux11|mux_joc:auto_generated|_~66             ; out0             ;
; |dec4to16|lpm_mux:Mux11|mux_joc:auto_generated|_~67             ; |dec4to16|lpm_mux:Mux11|mux_joc:auto_generated|_~67             ; out0             ;
; |dec4to16|lpm_mux:Mux11|mux_joc:auto_generated|_~69             ; |dec4to16|lpm_mux:Mux11|mux_joc:auto_generated|_~69             ; out0             ;
; |dec4to16|lpm_mux:Mux11|mux_joc:auto_generated|_~70             ; |dec4to16|lpm_mux:Mux11|mux_joc:auto_generated|_~70             ; out0             ;
; |dec4to16|lpm_mux:Mux11|mux_joc:auto_generated|_~71             ; |dec4to16|lpm_mux:Mux11|mux_joc:auto_generated|_~71             ; out0             ;
; |dec4to16|lpm_mux:Mux11|mux_joc:auto_generated|_~72             ; |dec4to16|lpm_mux:Mux11|mux_joc:auto_generated|_~72             ; out0             ;
; |dec4to16|lpm_mux:Mux11|mux_joc:auto_generated|_~74             ; |dec4to16|lpm_mux:Mux11|mux_joc:auto_generated|_~74             ; out0             ;
; |dec4to16|lpm_mux:Mux11|mux_joc:auto_generated|_~76             ; |dec4to16|lpm_mux:Mux11|mux_joc:auto_generated|_~76             ; out0             ;
; |dec4to16|lpm_mux:Mux11|mux_joc:auto_generated|_~81             ; |dec4to16|lpm_mux:Mux11|mux_joc:auto_generated|_~81             ; out0             ;
; |dec4to16|lpm_mux:Mux11|mux_joc:auto_generated|_~83             ; |dec4to16|lpm_mux:Mux11|mux_joc:auto_generated|_~83             ; out0             ;
; |dec4to16|lpm_mux:Mux11|mux_joc:auto_generated|_~85             ; |dec4to16|lpm_mux:Mux11|mux_joc:auto_generated|_~85             ; out0             ;
; |dec4to16|lpm_mux:Mux11|mux_joc:auto_generated|_~91             ; |dec4to16|lpm_mux:Mux11|mux_joc:auto_generated|_~91             ; out0             ;
; |dec4to16|lpm_mux:Mux11|mux_joc:auto_generated|_~92             ; |dec4to16|lpm_mux:Mux11|mux_joc:auto_generated|_~92             ; out0             ;
; |dec4to16|lpm_mux:Mux11|mux_joc:auto_generated|_~93             ; |dec4to16|lpm_mux:Mux11|mux_joc:auto_generated|_~93             ; out0             ;
; |dec4to16|lpm_mux:Mux11|mux_joc:auto_generated|_~94             ; |dec4to16|lpm_mux:Mux11|mux_joc:auto_generated|_~94             ; out0             ;
; |dec4to16|lpm_mux:Mux11|mux_joc:auto_generated|_~96             ; |dec4to16|lpm_mux:Mux11|mux_joc:auto_generated|_~96             ; out0             ;
; |dec4to16|lpm_mux:Mux11|mux_joc:auto_generated|_~97             ; |dec4to16|lpm_mux:Mux11|mux_joc:auto_generated|_~97             ; out0             ;
; |dec4to16|lpm_mux:Mux11|mux_joc:auto_generated|_~99             ; |dec4to16|lpm_mux:Mux11|mux_joc:auto_generated|_~99             ; out0             ;
; |dec4to16|lpm_mux:Mux11|mux_joc:auto_generated|_~101            ; |dec4to16|lpm_mux:Mux11|mux_joc:auto_generated|_~101            ; out0             ;
; |dec4to16|lpm_mux:Mux11|mux_joc:auto_generated|_~106            ; |dec4to16|lpm_mux:Mux11|mux_joc:auto_generated|_~106            ; out0             ;
; |dec4to16|lpm_mux:Mux11|mux_joc:auto_generated|_~108            ; |dec4to16|lpm_mux:Mux11|mux_joc:auto_generated|_~108            ; out0             ;
; |dec4to16|lpm_mux:Mux11|mux_joc:auto_generated|_~110            ; |dec4to16|lpm_mux:Mux11|mux_joc:auto_generated|_~110            ; out0             ;
; |dec4to16|lpm_mux:Mux11|mux_joc:auto_generated|_~116            ; |dec4to16|lpm_mux:Mux11|mux_joc:auto_generated|_~116            ; out0             ;
; |dec4to16|lpm_mux:Mux11|mux_joc:auto_generated|_~117            ; |dec4to16|lpm_mux:Mux11|mux_joc:auto_generated|_~117            ; out0             ;
; |dec4to16|lpm_mux:Mux11|mux_joc:auto_generated|_~119            ; |dec4to16|lpm_mux:Mux11|mux_joc:auto_generated|_~119            ; out0             ;
; |dec4to16|lpm_mux:Mux11|mux_joc:auto_generated|_~120            ; |dec4to16|lpm_mux:Mux11|mux_joc:auto_generated|_~120            ; out0             ;
; |dec4to16|lpm_mux:Mux11|mux_joc:auto_generated|_~121            ; |dec4to16|lpm_mux:Mux11|mux_joc:auto_generated|_~121            ; out0             ;
; |dec4to16|lpm_mux:Mux11|mux_joc:auto_generated|_~123            ; |dec4to16|lpm_mux:Mux11|mux_joc:auto_generated|_~123            ; out0             ;
; |dec4to16|lpm_mux:Mux11|mux_joc:auto_generated|_~125            ; |dec4to16|lpm_mux:Mux11|mux_joc:auto_generated|_~125            ; out0             ;
; |dec4to16|lpm_mux:Mux11|mux_joc:auto_generated|_~130            ; |dec4to16|lpm_mux:Mux11|mux_joc:auto_generated|_~130            ; out0             ;
; |dec4to16|lpm_mux:Mux11|mux_joc:auto_generated|_~132            ; |dec4to16|lpm_mux:Mux11|mux_joc:auto_generated|_~132            ; out0             ;
; |dec4to16|lpm_mux:Mux11|mux_joc:auto_generated|_~134            ; |dec4to16|lpm_mux:Mux11|mux_joc:auto_generated|_~134            ; out0             ;
; |dec4to16|lpm_mux:Mux11|mux_joc:auto_generated|_~140            ; |dec4to16|lpm_mux:Mux11|mux_joc:auto_generated|_~140            ; out0             ;
; |dec4to16|lpm_mux:Mux11|mux_joc:auto_generated|_~141            ; |dec4to16|lpm_mux:Mux11|mux_joc:auto_generated|_~141            ; out0             ;
; |dec4to16|lpm_mux:Mux11|mux_joc:auto_generated|result_node[0]~1 ; |dec4to16|lpm_mux:Mux11|mux_joc:auto_generated|result_node[0]~1 ; out0             ;
; |dec4to16|lpm_mux:Mux10|mux_joc:auto_generated|_~2              ; |dec4to16|lpm_mux:Mux10|mux_joc:auto_generated|_~2              ; out0             ;
; |dec4to16|lpm_mux:Mux10|mux_joc:auto_generated|_~4              ; |dec4to16|lpm_mux:Mux10|mux_joc:auto_generated|_~4              ; out0             ;
; |dec4to16|lpm_mux:Mux10|mux_joc:auto_generated|_~11             ; |dec4to16|lpm_mux:Mux10|mux_joc:auto_generated|_~11             ; out0             ;
; |dec4to16|lpm_mux:Mux10|mux_joc:auto_generated|_~13             ; |dec4to16|lpm_mux:Mux10|mux_joc:auto_generated|_~13             ; out0             ;
; |dec4to16|lpm_mux:Mux10|mux_joc:auto_generated|_~19             ; |dec4to16|lpm_mux:Mux10|mux_joc:auto_generated|_~19             ; out0             ;
; |dec4to16|lpm_mux:Mux10|mux_joc:auto_generated|_~22             ; |dec4to16|lpm_mux:Mux10|mux_joc:auto_generated|_~22             ; out0             ;
; |dec4to16|lpm_mux:Mux10|mux_joc:auto_generated|_~24             ; |dec4to16|lpm_mux:Mux10|mux_joc:auto_generated|_~24             ; out0             ;
; |dec4to16|lpm_mux:Mux10|mux_joc:auto_generated|_~26             ; |dec4to16|lpm_mux:Mux10|mux_joc:auto_generated|_~26             ; out0             ;
; |dec4to16|lpm_mux:Mux10|mux_joc:auto_generated|_~31             ; |dec4to16|lpm_mux:Mux10|mux_joc:auto_generated|_~31             ; out0             ;
; |dec4to16|lpm_mux:Mux10|mux_joc:auto_generated|_~33             ; |dec4to16|lpm_mux:Mux10|mux_joc:auto_generated|_~33             ; out0             ;
; |dec4to16|lpm_mux:Mux10|mux_joc:auto_generated|_~35             ; |dec4to16|lpm_mux:Mux10|mux_joc:auto_generated|_~35             ; out0             ;
; |dec4to16|lpm_mux:Mux10|mux_joc:auto_generated|_~41             ; |dec4to16|lpm_mux:Mux10|mux_joc:auto_generated|_~41             ; out0             ;
; |dec4to16|lpm_mux:Mux10|mux_joc:auto_generated|_~42             ; |dec4to16|lpm_mux:Mux10|mux_joc:auto_generated|_~42             ; out0             ;
; |dec4to16|lpm_mux:Mux10|mux_joc:auto_generated|_~43             ; |dec4to16|lpm_mux:Mux10|mux_joc:auto_generated|_~43             ; out0             ;
; |dec4to16|lpm_mux:Mux10|mux_joc:auto_generated|_~44             ; |dec4to16|lpm_mux:Mux10|mux_joc:auto_generated|_~44             ; out0             ;
; |dec4to16|lpm_mux:Mux10|mux_joc:auto_generated|_~46             ; |dec4to16|lpm_mux:Mux10|mux_joc:auto_generated|_~46             ; out0             ;
; |dec4to16|lpm_mux:Mux10|mux_joc:auto_generated|_~47             ; |dec4to16|lpm_mux:Mux10|mux_joc:auto_generated|_~47             ; out0             ;
; |dec4to16|lpm_mux:Mux10|mux_joc:auto_generated|_~49             ; |dec4to16|lpm_mux:Mux10|mux_joc:auto_generated|_~49             ; out0             ;
; |dec4to16|lpm_mux:Mux10|mux_joc:auto_generated|_~51             ; |dec4to16|lpm_mux:Mux10|mux_joc:auto_generated|_~51             ; out0             ;
; |dec4to16|lpm_mux:Mux10|mux_joc:auto_generated|_~56             ; |dec4to16|lpm_mux:Mux10|mux_joc:auto_generated|_~56             ; out0             ;
; |dec4to16|lpm_mux:Mux10|mux_joc:auto_generated|_~58             ; |dec4to16|lpm_mux:Mux10|mux_joc:auto_generated|_~58             ; out0             ;
; |dec4to16|lpm_mux:Mux10|mux_joc:auto_generated|_~60             ; |dec4to16|lpm_mux:Mux10|mux_joc:auto_generated|_~60             ; out0             ;
; |dec4to16|lpm_mux:Mux10|mux_joc:auto_generated|_~66             ; |dec4to16|lpm_mux:Mux10|mux_joc:auto_generated|_~66             ; out0             ;
; |dec4to16|lpm_mux:Mux10|mux_joc:auto_generated|_~67             ; |dec4to16|lpm_mux:Mux10|mux_joc:auto_generated|_~67             ; out0             ;
; |dec4to16|lpm_mux:Mux10|mux_joc:auto_generated|_~69             ; |dec4to16|lpm_mux:Mux10|mux_joc:auto_generated|_~69             ; out0             ;
; |dec4to16|lpm_mux:Mux10|mux_joc:auto_generated|_~70             ; |dec4to16|lpm_mux:Mux10|mux_joc:auto_generated|_~70             ; out0             ;
; |dec4to16|lpm_mux:Mux10|mux_joc:auto_generated|_~71             ; |dec4to16|lpm_mux:Mux10|mux_joc:auto_generated|_~71             ; out0             ;
; |dec4to16|lpm_mux:Mux10|mux_joc:auto_generated|_~72             ; |dec4to16|lpm_mux:Mux10|mux_joc:auto_generated|_~72             ; out0             ;
; |dec4to16|lpm_mux:Mux10|mux_joc:auto_generated|_~74             ; |dec4to16|lpm_mux:Mux10|mux_joc:auto_generated|_~74             ; out0             ;
; |dec4to16|lpm_mux:Mux10|mux_joc:auto_generated|_~76             ; |dec4to16|lpm_mux:Mux10|mux_joc:auto_generated|_~76             ; out0             ;
; |dec4to16|lpm_mux:Mux10|mux_joc:auto_generated|_~81             ; |dec4to16|lpm_mux:Mux10|mux_joc:auto_generated|_~81             ; out0             ;
; |dec4to16|lpm_mux:Mux10|mux_joc:auto_generated|_~83             ; |dec4to16|lpm_mux:Mux10|mux_joc:auto_generated|_~83             ; out0             ;
; |dec4to16|lpm_mux:Mux10|mux_joc:auto_generated|_~85             ; |dec4to16|lpm_mux:Mux10|mux_joc:auto_generated|_~85             ; out0             ;
; |dec4to16|lpm_mux:Mux10|mux_joc:auto_generated|_~91             ; |dec4to16|lpm_mux:Mux10|mux_joc:auto_generated|_~91             ; out0             ;
; |dec4to16|lpm_mux:Mux10|mux_joc:auto_generated|_~92             ; |dec4to16|lpm_mux:Mux10|mux_joc:auto_generated|_~92             ; out0             ;
; |dec4to16|lpm_mux:Mux10|mux_joc:auto_generated|_~93             ; |dec4to16|lpm_mux:Mux10|mux_joc:auto_generated|_~93             ; out0             ;
; |dec4to16|lpm_mux:Mux10|mux_joc:auto_generated|_~94             ; |dec4to16|lpm_mux:Mux10|mux_joc:auto_generated|_~94             ; out0             ;
; |dec4to16|lpm_mux:Mux10|mux_joc:auto_generated|_~96             ; |dec4to16|lpm_mux:Mux10|mux_joc:auto_generated|_~96             ; out0             ;
; |dec4to16|lpm_mux:Mux10|mux_joc:auto_generated|_~97             ; |dec4to16|lpm_mux:Mux10|mux_joc:auto_generated|_~97             ; out0             ;
; |dec4to16|lpm_mux:Mux10|mux_joc:auto_generated|_~99             ; |dec4to16|lpm_mux:Mux10|mux_joc:auto_generated|_~99             ; out0             ;
; |dec4to16|lpm_mux:Mux10|mux_joc:auto_generated|_~101            ; |dec4to16|lpm_mux:Mux10|mux_joc:auto_generated|_~101            ; out0             ;
; |dec4to16|lpm_mux:Mux10|mux_joc:auto_generated|_~106            ; |dec4to16|lpm_mux:Mux10|mux_joc:auto_generated|_~106            ; out0             ;
; |dec4to16|lpm_mux:Mux10|mux_joc:auto_generated|_~108            ; |dec4to16|lpm_mux:Mux10|mux_joc:auto_generated|_~108            ; out0             ;
; |dec4to16|lpm_mux:Mux10|mux_joc:auto_generated|_~110            ; |dec4to16|lpm_mux:Mux10|mux_joc:auto_generated|_~110            ; out0             ;
; |dec4to16|lpm_mux:Mux10|mux_joc:auto_generated|_~116            ; |dec4to16|lpm_mux:Mux10|mux_joc:auto_generated|_~116            ; out0             ;
; |dec4to16|lpm_mux:Mux10|mux_joc:auto_generated|_~117            ; |dec4to16|lpm_mux:Mux10|mux_joc:auto_generated|_~117            ; out0             ;
; |dec4to16|lpm_mux:Mux10|mux_joc:auto_generated|_~119            ; |dec4to16|lpm_mux:Mux10|mux_joc:auto_generated|_~119            ; out0             ;
; |dec4to16|lpm_mux:Mux10|mux_joc:auto_generated|_~120            ; |dec4to16|lpm_mux:Mux10|mux_joc:auto_generated|_~120            ; out0             ;
; |dec4to16|lpm_mux:Mux10|mux_joc:auto_generated|_~121            ; |dec4to16|lpm_mux:Mux10|mux_joc:auto_generated|_~121            ; out0             ;
; |dec4to16|lpm_mux:Mux10|mux_joc:auto_generated|_~123            ; |dec4to16|lpm_mux:Mux10|mux_joc:auto_generated|_~123            ; out0             ;
; |dec4to16|lpm_mux:Mux10|mux_joc:auto_generated|_~125            ; |dec4to16|lpm_mux:Mux10|mux_joc:auto_generated|_~125            ; out0             ;
; |dec4to16|lpm_mux:Mux10|mux_joc:auto_generated|_~130            ; |dec4to16|lpm_mux:Mux10|mux_joc:auto_generated|_~130            ; out0             ;
; |dec4to16|lpm_mux:Mux10|mux_joc:auto_generated|_~132            ; |dec4to16|lpm_mux:Mux10|mux_joc:auto_generated|_~132            ; out0             ;
; |dec4to16|lpm_mux:Mux10|mux_joc:auto_generated|_~134            ; |dec4to16|lpm_mux:Mux10|mux_joc:auto_generated|_~134            ; out0             ;
; |dec4to16|lpm_mux:Mux10|mux_joc:auto_generated|_~140            ; |dec4to16|lpm_mux:Mux10|mux_joc:auto_generated|_~140            ; out0             ;
; |dec4to16|lpm_mux:Mux10|mux_joc:auto_generated|_~141            ; |dec4to16|lpm_mux:Mux10|mux_joc:auto_generated|_~141            ; out0             ;
; |dec4to16|lpm_mux:Mux10|mux_joc:auto_generated|result_node[0]~1 ; |dec4to16|lpm_mux:Mux10|mux_joc:auto_generated|result_node[0]~1 ; out0             ;
; |dec4to16|lpm_mux:Mux9|mux_joc:auto_generated|_~0               ; |dec4to16|lpm_mux:Mux9|mux_joc:auto_generated|_~0               ; out0             ;
; |dec4to16|lpm_mux:Mux9|mux_joc:auto_generated|_~2               ; |dec4to16|lpm_mux:Mux9|mux_joc:auto_generated|_~2               ; out0             ;
; |dec4to16|lpm_mux:Mux9|mux_joc:auto_generated|_~4               ; |dec4to16|lpm_mux:Mux9|mux_joc:auto_generated|_~4               ; out0             ;
; |dec4to16|lpm_mux:Mux9|mux_joc:auto_generated|_~5               ; |dec4to16|lpm_mux:Mux9|mux_joc:auto_generated|_~5               ; out0             ;
; |dec4to16|lpm_mux:Mux9|mux_joc:auto_generated|_~9               ; |dec4to16|lpm_mux:Mux9|mux_joc:auto_generated|_~9               ; out0             ;
; |dec4to16|lpm_mux:Mux9|mux_joc:auto_generated|_~11              ; |dec4to16|lpm_mux:Mux9|mux_joc:auto_generated|_~11              ; out0             ;
; |dec4to16|lpm_mux:Mux9|mux_joc:auto_generated|_~13              ; |dec4to16|lpm_mux:Mux9|mux_joc:auto_generated|_~13              ; out0             ;
; |dec4to16|lpm_mux:Mux9|mux_joc:auto_generated|_~14              ; |dec4to16|lpm_mux:Mux9|mux_joc:auto_generated|_~14              ; out0             ;
; |dec4to16|lpm_mux:Mux9|mux_joc:auto_generated|_~22              ; |dec4to16|lpm_mux:Mux9|mux_joc:auto_generated|_~22              ; out0             ;
; |dec4to16|lpm_mux:Mux9|mux_joc:auto_generated|_~24              ; |dec4to16|lpm_mux:Mux9|mux_joc:auto_generated|_~24              ; out0             ;
; |dec4to16|lpm_mux:Mux9|mux_joc:auto_generated|_~26              ; |dec4to16|lpm_mux:Mux9|mux_joc:auto_generated|_~26              ; out0             ;
; |dec4to16|lpm_mux:Mux9|mux_joc:auto_generated|_~31              ; |dec4to16|lpm_mux:Mux9|mux_joc:auto_generated|_~31              ; out0             ;
; |dec4to16|lpm_mux:Mux9|mux_joc:auto_generated|_~33              ; |dec4to16|lpm_mux:Mux9|mux_joc:auto_generated|_~33              ; out0             ;
; |dec4to16|lpm_mux:Mux9|mux_joc:auto_generated|_~35              ; |dec4to16|lpm_mux:Mux9|mux_joc:auto_generated|_~35              ; out0             ;
; |dec4to16|lpm_mux:Mux9|mux_joc:auto_generated|_~41              ; |dec4to16|lpm_mux:Mux9|mux_joc:auto_generated|_~41              ; out0             ;
; |dec4to16|lpm_mux:Mux9|mux_joc:auto_generated|_~42              ; |dec4to16|lpm_mux:Mux9|mux_joc:auto_generated|_~42              ; out0             ;
; |dec4to16|lpm_mux:Mux9|mux_joc:auto_generated|_~43              ; |dec4to16|lpm_mux:Mux9|mux_joc:auto_generated|_~43              ; out0             ;
; |dec4to16|lpm_mux:Mux9|mux_joc:auto_generated|_~44              ; |dec4to16|lpm_mux:Mux9|mux_joc:auto_generated|_~44              ; out0             ;
; |dec4to16|lpm_mux:Mux9|mux_joc:auto_generated|_~46              ; |dec4to16|lpm_mux:Mux9|mux_joc:auto_generated|_~46              ; out0             ;
; |dec4to16|lpm_mux:Mux9|mux_joc:auto_generated|_~47              ; |dec4to16|lpm_mux:Mux9|mux_joc:auto_generated|_~47              ; out0             ;
; |dec4to16|lpm_mux:Mux9|mux_joc:auto_generated|_~49              ; |dec4to16|lpm_mux:Mux9|mux_joc:auto_generated|_~49              ; out0             ;
; |dec4to16|lpm_mux:Mux9|mux_joc:auto_generated|_~51              ; |dec4to16|lpm_mux:Mux9|mux_joc:auto_generated|_~51              ; out0             ;
; |dec4to16|lpm_mux:Mux9|mux_joc:auto_generated|_~56              ; |dec4to16|lpm_mux:Mux9|mux_joc:auto_generated|_~56              ; out0             ;
; |dec4to16|lpm_mux:Mux9|mux_joc:auto_generated|_~58              ; |dec4to16|lpm_mux:Mux9|mux_joc:auto_generated|_~58              ; out0             ;
; |dec4to16|lpm_mux:Mux9|mux_joc:auto_generated|_~60              ; |dec4to16|lpm_mux:Mux9|mux_joc:auto_generated|_~60              ; out0             ;
; |dec4to16|lpm_mux:Mux9|mux_joc:auto_generated|_~66              ; |dec4to16|lpm_mux:Mux9|mux_joc:auto_generated|_~66              ; out0             ;
; |dec4to16|lpm_mux:Mux9|mux_joc:auto_generated|_~67              ; |dec4to16|lpm_mux:Mux9|mux_joc:auto_generated|_~67              ; out0             ;
; |dec4to16|lpm_mux:Mux9|mux_joc:auto_generated|_~69              ; |dec4to16|lpm_mux:Mux9|mux_joc:auto_generated|_~69              ; out0             ;
; |dec4to16|lpm_mux:Mux9|mux_joc:auto_generated|_~70              ; |dec4to16|lpm_mux:Mux9|mux_joc:auto_generated|_~70              ; out0             ;
; |dec4to16|lpm_mux:Mux9|mux_joc:auto_generated|_~71              ; |dec4to16|lpm_mux:Mux9|mux_joc:auto_generated|_~71              ; out0             ;
; |dec4to16|lpm_mux:Mux9|mux_joc:auto_generated|_~72              ; |dec4to16|lpm_mux:Mux9|mux_joc:auto_generated|_~72              ; out0             ;
; |dec4to16|lpm_mux:Mux9|mux_joc:auto_generated|_~74              ; |dec4to16|lpm_mux:Mux9|mux_joc:auto_generated|_~74              ; out0             ;
; |dec4to16|lpm_mux:Mux9|mux_joc:auto_generated|_~76              ; |dec4to16|lpm_mux:Mux9|mux_joc:auto_generated|_~76              ; out0             ;
; |dec4to16|lpm_mux:Mux9|mux_joc:auto_generated|_~81              ; |dec4to16|lpm_mux:Mux9|mux_joc:auto_generated|_~81              ; out0             ;
; |dec4to16|lpm_mux:Mux9|mux_joc:auto_generated|_~83              ; |dec4to16|lpm_mux:Mux9|mux_joc:auto_generated|_~83              ; out0             ;
; |dec4to16|lpm_mux:Mux9|mux_joc:auto_generated|_~85              ; |dec4to16|lpm_mux:Mux9|mux_joc:auto_generated|_~85              ; out0             ;
; |dec4to16|lpm_mux:Mux9|mux_joc:auto_generated|_~91              ; |dec4to16|lpm_mux:Mux9|mux_joc:auto_generated|_~91              ; out0             ;
; |dec4to16|lpm_mux:Mux9|mux_joc:auto_generated|_~92              ; |dec4to16|lpm_mux:Mux9|mux_joc:auto_generated|_~92              ; out0             ;
; |dec4to16|lpm_mux:Mux9|mux_joc:auto_generated|_~93              ; |dec4to16|lpm_mux:Mux9|mux_joc:auto_generated|_~93              ; out0             ;
; |dec4to16|lpm_mux:Mux9|mux_joc:auto_generated|_~94              ; |dec4to16|lpm_mux:Mux9|mux_joc:auto_generated|_~94              ; out0             ;
; |dec4to16|lpm_mux:Mux9|mux_joc:auto_generated|_~96              ; |dec4to16|lpm_mux:Mux9|mux_joc:auto_generated|_~96              ; out0             ;
; |dec4to16|lpm_mux:Mux9|mux_joc:auto_generated|_~97              ; |dec4to16|lpm_mux:Mux9|mux_joc:auto_generated|_~97              ; out0             ;
; |dec4to16|lpm_mux:Mux9|mux_joc:auto_generated|_~99              ; |dec4to16|lpm_mux:Mux9|mux_joc:auto_generated|_~99              ; out0             ;
; |dec4to16|lpm_mux:Mux9|mux_joc:auto_generated|_~101             ; |dec4to16|lpm_mux:Mux9|mux_joc:auto_generated|_~101             ; out0             ;
; |dec4to16|lpm_mux:Mux9|mux_joc:auto_generated|_~106             ; |dec4to16|lpm_mux:Mux9|mux_joc:auto_generated|_~106             ; out0             ;
; |dec4to16|lpm_mux:Mux9|mux_joc:auto_generated|_~108             ; |dec4to16|lpm_mux:Mux9|mux_joc:auto_generated|_~108             ; out0             ;
; |dec4to16|lpm_mux:Mux9|mux_joc:auto_generated|_~110             ; |dec4to16|lpm_mux:Mux9|mux_joc:auto_generated|_~110             ; out0             ;
; |dec4to16|lpm_mux:Mux9|mux_joc:auto_generated|_~116             ; |dec4to16|lpm_mux:Mux9|mux_joc:auto_generated|_~116             ; out0             ;
; |dec4to16|lpm_mux:Mux9|mux_joc:auto_generated|_~117             ; |dec4to16|lpm_mux:Mux9|mux_joc:auto_generated|_~117             ; out0             ;
; |dec4to16|lpm_mux:Mux9|mux_joc:auto_generated|_~119             ; |dec4to16|lpm_mux:Mux9|mux_joc:auto_generated|_~119             ; out0             ;
; |dec4to16|lpm_mux:Mux9|mux_joc:auto_generated|_~120             ; |dec4to16|lpm_mux:Mux9|mux_joc:auto_generated|_~120             ; out0             ;
; |dec4to16|lpm_mux:Mux9|mux_joc:auto_generated|_~121             ; |dec4to16|lpm_mux:Mux9|mux_joc:auto_generated|_~121             ; out0             ;
; |dec4to16|lpm_mux:Mux9|mux_joc:auto_generated|_~123             ; |dec4to16|lpm_mux:Mux9|mux_joc:auto_generated|_~123             ; out0             ;
; |dec4to16|lpm_mux:Mux9|mux_joc:auto_generated|_~125             ; |dec4to16|lpm_mux:Mux9|mux_joc:auto_generated|_~125             ; out0             ;
; |dec4to16|lpm_mux:Mux9|mux_joc:auto_generated|_~130             ; |dec4to16|lpm_mux:Mux9|mux_joc:auto_generated|_~130             ; out0             ;
; |dec4to16|lpm_mux:Mux9|mux_joc:auto_generated|_~132             ; |dec4to16|lpm_mux:Mux9|mux_joc:auto_generated|_~132             ; out0             ;
; |dec4to16|lpm_mux:Mux9|mux_joc:auto_generated|_~134             ; |dec4to16|lpm_mux:Mux9|mux_joc:auto_generated|_~134             ; out0             ;
; |dec4to16|lpm_mux:Mux9|mux_joc:auto_generated|_~140             ; |dec4to16|lpm_mux:Mux9|mux_joc:auto_generated|_~140             ; out0             ;
; |dec4to16|lpm_mux:Mux9|mux_joc:auto_generated|_~141             ; |dec4to16|lpm_mux:Mux9|mux_joc:auto_generated|_~141             ; out0             ;
; |dec4to16|lpm_mux:Mux9|mux_joc:auto_generated|result_node[0]~1  ; |dec4to16|lpm_mux:Mux9|mux_joc:auto_generated|result_node[0]~1  ; out0             ;
; |dec4to16|lpm_mux:Mux8|mux_joc:auto_generated|_~0               ; |dec4to16|lpm_mux:Mux8|mux_joc:auto_generated|_~0               ; out0             ;
; |dec4to16|lpm_mux:Mux8|mux_joc:auto_generated|_~2               ; |dec4to16|lpm_mux:Mux8|mux_joc:auto_generated|_~2               ; out0             ;
; |dec4to16|lpm_mux:Mux8|mux_joc:auto_generated|_~4               ; |dec4to16|lpm_mux:Mux8|mux_joc:auto_generated|_~4               ; out0             ;
; |dec4to16|lpm_mux:Mux8|mux_joc:auto_generated|_~9               ; |dec4to16|lpm_mux:Mux8|mux_joc:auto_generated|_~9               ; out0             ;
; |dec4to16|lpm_mux:Mux8|mux_joc:auto_generated|_~11              ; |dec4to16|lpm_mux:Mux8|mux_joc:auto_generated|_~11              ; out0             ;
; |dec4to16|lpm_mux:Mux8|mux_joc:auto_generated|_~13              ; |dec4to16|lpm_mux:Mux8|mux_joc:auto_generated|_~13              ; out0             ;
; |dec4to16|lpm_mux:Mux8|mux_joc:auto_generated|_~18              ; |dec4to16|lpm_mux:Mux8|mux_joc:auto_generated|_~18              ; out0             ;
; |dec4to16|lpm_mux:Mux8|mux_joc:auto_generated|_~22              ; |dec4to16|lpm_mux:Mux8|mux_joc:auto_generated|_~22              ; out0             ;
; |dec4to16|lpm_mux:Mux8|mux_joc:auto_generated|_~24              ; |dec4to16|lpm_mux:Mux8|mux_joc:auto_generated|_~24              ; out0             ;
; |dec4to16|lpm_mux:Mux8|mux_joc:auto_generated|_~26              ; |dec4to16|lpm_mux:Mux8|mux_joc:auto_generated|_~26              ; out0             ;
; |dec4to16|lpm_mux:Mux8|mux_joc:auto_generated|_~31              ; |dec4to16|lpm_mux:Mux8|mux_joc:auto_generated|_~31              ; out0             ;
; |dec4to16|lpm_mux:Mux8|mux_joc:auto_generated|_~33              ; |dec4to16|lpm_mux:Mux8|mux_joc:auto_generated|_~33              ; out0             ;
; |dec4to16|lpm_mux:Mux8|mux_joc:auto_generated|_~35              ; |dec4to16|lpm_mux:Mux8|mux_joc:auto_generated|_~35              ; out0             ;
; |dec4to16|lpm_mux:Mux8|mux_joc:auto_generated|_~41              ; |dec4to16|lpm_mux:Mux8|mux_joc:auto_generated|_~41              ; out0             ;
; |dec4to16|lpm_mux:Mux8|mux_joc:auto_generated|_~42              ; |dec4to16|lpm_mux:Mux8|mux_joc:auto_generated|_~42              ; out0             ;
; |dec4to16|lpm_mux:Mux8|mux_joc:auto_generated|_~43              ; |dec4to16|lpm_mux:Mux8|mux_joc:auto_generated|_~43              ; out0             ;
; |dec4to16|lpm_mux:Mux8|mux_joc:auto_generated|_~44              ; |dec4to16|lpm_mux:Mux8|mux_joc:auto_generated|_~44              ; out0             ;
; |dec4to16|lpm_mux:Mux8|mux_joc:auto_generated|_~46              ; |dec4to16|lpm_mux:Mux8|mux_joc:auto_generated|_~46              ; out0             ;
; |dec4to16|lpm_mux:Mux8|mux_joc:auto_generated|_~47              ; |dec4to16|lpm_mux:Mux8|mux_joc:auto_generated|_~47              ; out0             ;
; |dec4to16|lpm_mux:Mux8|mux_joc:auto_generated|_~49              ; |dec4to16|lpm_mux:Mux8|mux_joc:auto_generated|_~49              ; out0             ;
; |dec4to16|lpm_mux:Mux8|mux_joc:auto_generated|_~51              ; |dec4to16|lpm_mux:Mux8|mux_joc:auto_generated|_~51              ; out0             ;
; |dec4to16|lpm_mux:Mux8|mux_joc:auto_generated|_~56              ; |dec4to16|lpm_mux:Mux8|mux_joc:auto_generated|_~56              ; out0             ;
; |dec4to16|lpm_mux:Mux8|mux_joc:auto_generated|_~58              ; |dec4to16|lpm_mux:Mux8|mux_joc:auto_generated|_~58              ; out0             ;
; |dec4to16|lpm_mux:Mux8|mux_joc:auto_generated|_~60              ; |dec4to16|lpm_mux:Mux8|mux_joc:auto_generated|_~60              ; out0             ;
; |dec4to16|lpm_mux:Mux8|mux_joc:auto_generated|_~66              ; |dec4to16|lpm_mux:Mux8|mux_joc:auto_generated|_~66              ; out0             ;
; |dec4to16|lpm_mux:Mux8|mux_joc:auto_generated|_~67              ; |dec4to16|lpm_mux:Mux8|mux_joc:auto_generated|_~67              ; out0             ;
; |dec4to16|lpm_mux:Mux8|mux_joc:auto_generated|_~69              ; |dec4to16|lpm_mux:Mux8|mux_joc:auto_generated|_~69              ; out0             ;
; |dec4to16|lpm_mux:Mux8|mux_joc:auto_generated|_~70              ; |dec4to16|lpm_mux:Mux8|mux_joc:auto_generated|_~70              ; out0             ;
; |dec4to16|lpm_mux:Mux8|mux_joc:auto_generated|_~71              ; |dec4to16|lpm_mux:Mux8|mux_joc:auto_generated|_~71              ; out0             ;
; |dec4to16|lpm_mux:Mux8|mux_joc:auto_generated|_~72              ; |dec4to16|lpm_mux:Mux8|mux_joc:auto_generated|_~72              ; out0             ;
; |dec4to16|lpm_mux:Mux8|mux_joc:auto_generated|_~74              ; |dec4to16|lpm_mux:Mux8|mux_joc:auto_generated|_~74              ; out0             ;
; |dec4to16|lpm_mux:Mux8|mux_joc:auto_generated|_~76              ; |dec4to16|lpm_mux:Mux8|mux_joc:auto_generated|_~76              ; out0             ;
; |dec4to16|lpm_mux:Mux8|mux_joc:auto_generated|_~81              ; |dec4to16|lpm_mux:Mux8|mux_joc:auto_generated|_~81              ; out0             ;
; |dec4to16|lpm_mux:Mux8|mux_joc:auto_generated|_~83              ; |dec4to16|lpm_mux:Mux8|mux_joc:auto_generated|_~83              ; out0             ;
; |dec4to16|lpm_mux:Mux8|mux_joc:auto_generated|_~85              ; |dec4to16|lpm_mux:Mux8|mux_joc:auto_generated|_~85              ; out0             ;
; |dec4to16|lpm_mux:Mux8|mux_joc:auto_generated|_~91              ; |dec4to16|lpm_mux:Mux8|mux_joc:auto_generated|_~91              ; out0             ;
; |dec4to16|lpm_mux:Mux8|mux_joc:auto_generated|_~92              ; |dec4to16|lpm_mux:Mux8|mux_joc:auto_generated|_~92              ; out0             ;
; |dec4to16|lpm_mux:Mux8|mux_joc:auto_generated|_~93              ; |dec4to16|lpm_mux:Mux8|mux_joc:auto_generated|_~93              ; out0             ;
; |dec4to16|lpm_mux:Mux8|mux_joc:auto_generated|_~94              ; |dec4to16|lpm_mux:Mux8|mux_joc:auto_generated|_~94              ; out0             ;
; |dec4to16|lpm_mux:Mux8|mux_joc:auto_generated|_~96              ; |dec4to16|lpm_mux:Mux8|mux_joc:auto_generated|_~96              ; out0             ;
; |dec4to16|lpm_mux:Mux8|mux_joc:auto_generated|_~97              ; |dec4to16|lpm_mux:Mux8|mux_joc:auto_generated|_~97              ; out0             ;
; |dec4to16|lpm_mux:Mux8|mux_joc:auto_generated|_~99              ; |dec4to16|lpm_mux:Mux8|mux_joc:auto_generated|_~99              ; out0             ;
; |dec4to16|lpm_mux:Mux8|mux_joc:auto_generated|_~101             ; |dec4to16|lpm_mux:Mux8|mux_joc:auto_generated|_~101             ; out0             ;
; |dec4to16|lpm_mux:Mux8|mux_joc:auto_generated|_~106             ; |dec4to16|lpm_mux:Mux8|mux_joc:auto_generated|_~106             ; out0             ;
; |dec4to16|lpm_mux:Mux8|mux_joc:auto_generated|_~108             ; |dec4to16|lpm_mux:Mux8|mux_joc:auto_generated|_~108             ; out0             ;
; |dec4to16|lpm_mux:Mux8|mux_joc:auto_generated|_~110             ; |dec4to16|lpm_mux:Mux8|mux_joc:auto_generated|_~110             ; out0             ;
; |dec4to16|lpm_mux:Mux8|mux_joc:auto_generated|_~116             ; |dec4to16|lpm_mux:Mux8|mux_joc:auto_generated|_~116             ; out0             ;
; |dec4to16|lpm_mux:Mux8|mux_joc:auto_generated|_~117             ; |dec4to16|lpm_mux:Mux8|mux_joc:auto_generated|_~117             ; out0             ;
; |dec4to16|lpm_mux:Mux8|mux_joc:auto_generated|_~119             ; |dec4to16|lpm_mux:Mux8|mux_joc:auto_generated|_~119             ; out0             ;
; |dec4to16|lpm_mux:Mux8|mux_joc:auto_generated|_~120             ; |dec4to16|lpm_mux:Mux8|mux_joc:auto_generated|_~120             ; out0             ;
; |dec4to16|lpm_mux:Mux8|mux_joc:auto_generated|_~121             ; |dec4to16|lpm_mux:Mux8|mux_joc:auto_generated|_~121             ; out0             ;
; |dec4to16|lpm_mux:Mux8|mux_joc:auto_generated|_~123             ; |dec4to16|lpm_mux:Mux8|mux_joc:auto_generated|_~123             ; out0             ;
; |dec4to16|lpm_mux:Mux8|mux_joc:auto_generated|_~125             ; |dec4to16|lpm_mux:Mux8|mux_joc:auto_generated|_~125             ; out0             ;
; |dec4to16|lpm_mux:Mux8|mux_joc:auto_generated|_~130             ; |dec4to16|lpm_mux:Mux8|mux_joc:auto_generated|_~130             ; out0             ;
; |dec4to16|lpm_mux:Mux8|mux_joc:auto_generated|_~132             ; |dec4to16|lpm_mux:Mux8|mux_joc:auto_generated|_~132             ; out0             ;
; |dec4to16|lpm_mux:Mux8|mux_joc:auto_generated|_~134             ; |dec4to16|lpm_mux:Mux8|mux_joc:auto_generated|_~134             ; out0             ;
; |dec4to16|lpm_mux:Mux8|mux_joc:auto_generated|_~140             ; |dec4to16|lpm_mux:Mux8|mux_joc:auto_generated|_~140             ; out0             ;
; |dec4to16|lpm_mux:Mux8|mux_joc:auto_generated|_~141             ; |dec4to16|lpm_mux:Mux8|mux_joc:auto_generated|_~141             ; out0             ;
; |dec4to16|lpm_mux:Mux8|mux_joc:auto_generated|result_node[0]~1  ; |dec4to16|lpm_mux:Mux8|mux_joc:auto_generated|result_node[0]~1  ; out0             ;
; |dec4to16|lpm_mux:Mux7|mux_joc:auto_generated|_~0               ; |dec4to16|lpm_mux:Mux7|mux_joc:auto_generated|_~0               ; out0             ;
; |dec4to16|lpm_mux:Mux7|mux_joc:auto_generated|_~2               ; |dec4to16|lpm_mux:Mux7|mux_joc:auto_generated|_~2               ; out0             ;
; |dec4to16|lpm_mux:Mux7|mux_joc:auto_generated|_~4               ; |dec4to16|lpm_mux:Mux7|mux_joc:auto_generated|_~4               ; out0             ;
; |dec4to16|lpm_mux:Mux7|mux_joc:auto_generated|_~9               ; |dec4to16|lpm_mux:Mux7|mux_joc:auto_generated|_~9               ; out0             ;
; |dec4to16|lpm_mux:Mux7|mux_joc:auto_generated|_~11              ; |dec4to16|lpm_mux:Mux7|mux_joc:auto_generated|_~11              ; out0             ;
; |dec4to16|lpm_mux:Mux7|mux_joc:auto_generated|_~13              ; |dec4to16|lpm_mux:Mux7|mux_joc:auto_generated|_~13              ; out0             ;
; |dec4to16|lpm_mux:Mux7|mux_joc:auto_generated|_~19              ; |dec4to16|lpm_mux:Mux7|mux_joc:auto_generated|_~19              ; out0             ;
; |dec4to16|lpm_mux:Mux7|mux_joc:auto_generated|_~20              ; |dec4to16|lpm_mux:Mux7|mux_joc:auto_generated|_~20              ; out0             ;
; |dec4to16|lpm_mux:Mux7|mux_joc:auto_generated|_~21              ; |dec4to16|lpm_mux:Mux7|mux_joc:auto_generated|_~21              ; out0             ;
; |dec4to16|lpm_mux:Mux7|mux_joc:auto_generated|_~22              ; |dec4to16|lpm_mux:Mux7|mux_joc:auto_generated|_~22              ; out0             ;
; |dec4to16|lpm_mux:Mux7|mux_joc:auto_generated|_~24              ; |dec4to16|lpm_mux:Mux7|mux_joc:auto_generated|_~24              ; out0             ;
; |dec4to16|lpm_mux:Mux7|mux_joc:auto_generated|_~26              ; |dec4to16|lpm_mux:Mux7|mux_joc:auto_generated|_~26              ; out0             ;
; |dec4to16|lpm_mux:Mux7|mux_joc:auto_generated|_~31              ; |dec4to16|lpm_mux:Mux7|mux_joc:auto_generated|_~31              ; out0             ;
; |dec4to16|lpm_mux:Mux7|mux_joc:auto_generated|_~33              ; |dec4to16|lpm_mux:Mux7|mux_joc:auto_generated|_~33              ; out0             ;
; |dec4to16|lpm_mux:Mux7|mux_joc:auto_generated|_~35              ; |dec4to16|lpm_mux:Mux7|mux_joc:auto_generated|_~35              ; out0             ;
; |dec4to16|lpm_mux:Mux7|mux_joc:auto_generated|_~41              ; |dec4to16|lpm_mux:Mux7|mux_joc:auto_generated|_~41              ; out0             ;
; |dec4to16|lpm_mux:Mux7|mux_joc:auto_generated|_~42              ; |dec4to16|lpm_mux:Mux7|mux_joc:auto_generated|_~42              ; out0             ;
; |dec4to16|lpm_mux:Mux7|mux_joc:auto_generated|_~43              ; |dec4to16|lpm_mux:Mux7|mux_joc:auto_generated|_~43              ; out0             ;
; |dec4to16|lpm_mux:Mux7|mux_joc:auto_generated|_~44              ; |dec4to16|lpm_mux:Mux7|mux_joc:auto_generated|_~44              ; out0             ;
; |dec4to16|lpm_mux:Mux7|mux_joc:auto_generated|_~46              ; |dec4to16|lpm_mux:Mux7|mux_joc:auto_generated|_~46              ; out0             ;
; |dec4to16|lpm_mux:Mux7|mux_joc:auto_generated|_~47              ; |dec4to16|lpm_mux:Mux7|mux_joc:auto_generated|_~47              ; out0             ;
; |dec4to16|lpm_mux:Mux7|mux_joc:auto_generated|_~56              ; |dec4to16|lpm_mux:Mux7|mux_joc:auto_generated|_~56              ; out0             ;
; |dec4to16|lpm_mux:Mux7|mux_joc:auto_generated|_~71              ; |dec4to16|lpm_mux:Mux7|mux_joc:auto_generated|_~71              ; out0             ;
; |dec4to16|lpm_mux:Mux7|mux_joc:auto_generated|result_node[0]~0  ; |dec4to16|lpm_mux:Mux7|mux_joc:auto_generated|result_node[0]~0  ; out0             ;
; |dec4to16|lpm_mux:Mux7|mux_joc:auto_generated|_~72              ; |dec4to16|lpm_mux:Mux7|mux_joc:auto_generated|_~72              ; out0             ;
; |dec4to16|lpm_mux:Mux7|mux_joc:auto_generated|_~74              ; |dec4to16|lpm_mux:Mux7|mux_joc:auto_generated|_~74              ; out0             ;
; |dec4to16|lpm_mux:Mux7|mux_joc:auto_generated|_~76              ; |dec4to16|lpm_mux:Mux7|mux_joc:auto_generated|_~76              ; out0             ;
; |dec4to16|lpm_mux:Mux7|mux_joc:auto_generated|_~81              ; |dec4to16|lpm_mux:Mux7|mux_joc:auto_generated|_~81              ; out0             ;
; |dec4to16|lpm_mux:Mux7|mux_joc:auto_generated|_~83              ; |dec4to16|lpm_mux:Mux7|mux_joc:auto_generated|_~83              ; out0             ;
; |dec4to16|lpm_mux:Mux7|mux_joc:auto_generated|_~85              ; |dec4to16|lpm_mux:Mux7|mux_joc:auto_generated|_~85              ; out0             ;
; |dec4to16|lpm_mux:Mux7|mux_joc:auto_generated|_~91              ; |dec4to16|lpm_mux:Mux7|mux_joc:auto_generated|_~91              ; out0             ;
; |dec4to16|lpm_mux:Mux7|mux_joc:auto_generated|_~92              ; |dec4to16|lpm_mux:Mux7|mux_joc:auto_generated|_~92              ; out0             ;
; |dec4to16|lpm_mux:Mux7|mux_joc:auto_generated|_~93              ; |dec4to16|lpm_mux:Mux7|mux_joc:auto_generated|_~93              ; out0             ;
; |dec4to16|lpm_mux:Mux7|mux_joc:auto_generated|_~94              ; |dec4to16|lpm_mux:Mux7|mux_joc:auto_generated|_~94              ; out0             ;
; |dec4to16|lpm_mux:Mux7|mux_joc:auto_generated|_~96              ; |dec4to16|lpm_mux:Mux7|mux_joc:auto_generated|_~96              ; out0             ;
; |dec4to16|lpm_mux:Mux7|mux_joc:auto_generated|_~97              ; |dec4to16|lpm_mux:Mux7|mux_joc:auto_generated|_~97              ; out0             ;
; |dec4to16|lpm_mux:Mux7|mux_joc:auto_generated|_~106             ; |dec4to16|lpm_mux:Mux7|mux_joc:auto_generated|_~106             ; out0             ;
; |dec4to16|lpm_mux:Mux7|mux_joc:auto_generated|_~121             ; |dec4to16|lpm_mux:Mux7|mux_joc:auto_generated|_~121             ; out0             ;
; |dec4to16|lpm_mux:Mux7|mux_joc:auto_generated|_~123             ; |dec4to16|lpm_mux:Mux7|mux_joc:auto_generated|_~123             ; out0             ;
; |dec4to16|lpm_mux:Mux7|mux_joc:auto_generated|_~125             ; |dec4to16|lpm_mux:Mux7|mux_joc:auto_generated|_~125             ; out0             ;
; |dec4to16|lpm_mux:Mux7|mux_joc:auto_generated|_~130             ; |dec4to16|lpm_mux:Mux7|mux_joc:auto_generated|_~130             ; out0             ;
; |dec4to16|lpm_mux:Mux7|mux_joc:auto_generated|_~132             ; |dec4to16|lpm_mux:Mux7|mux_joc:auto_generated|_~132             ; out0             ;
; |dec4to16|lpm_mux:Mux7|mux_joc:auto_generated|_~134             ; |dec4to16|lpm_mux:Mux7|mux_joc:auto_generated|_~134             ; out0             ;
; |dec4to16|lpm_mux:Mux7|mux_joc:auto_generated|_~140             ; |dec4to16|lpm_mux:Mux7|mux_joc:auto_generated|_~140             ; out0             ;
; |dec4to16|lpm_mux:Mux7|mux_joc:auto_generated|_~141             ; |dec4to16|lpm_mux:Mux7|mux_joc:auto_generated|_~141             ; out0             ;
; |dec4to16|lpm_mux:Mux6|mux_joc:auto_generated|_~0               ; |dec4to16|lpm_mux:Mux6|mux_joc:auto_generated|_~0               ; out0             ;
; |dec4to16|lpm_mux:Mux6|mux_joc:auto_generated|_~2               ; |dec4to16|lpm_mux:Mux6|mux_joc:auto_generated|_~2               ; out0             ;
; |dec4to16|lpm_mux:Mux6|mux_joc:auto_generated|_~4               ; |dec4to16|lpm_mux:Mux6|mux_joc:auto_generated|_~4               ; out0             ;
; |dec4to16|lpm_mux:Mux6|mux_joc:auto_generated|_~9               ; |dec4to16|lpm_mux:Mux6|mux_joc:auto_generated|_~9               ; out0             ;
; |dec4to16|lpm_mux:Mux6|mux_joc:auto_generated|_~11              ; |dec4to16|lpm_mux:Mux6|mux_joc:auto_generated|_~11              ; out0             ;
; |dec4to16|lpm_mux:Mux6|mux_joc:auto_generated|_~13              ; |dec4to16|lpm_mux:Mux6|mux_joc:auto_generated|_~13              ; out0             ;
; |dec4to16|lpm_mux:Mux6|mux_joc:auto_generated|_~19              ; |dec4to16|lpm_mux:Mux6|mux_joc:auto_generated|_~19              ; out0             ;
; |dec4to16|lpm_mux:Mux6|mux_joc:auto_generated|_~20              ; |dec4to16|lpm_mux:Mux6|mux_joc:auto_generated|_~20              ; out0             ;
; |dec4to16|lpm_mux:Mux6|mux_joc:auto_generated|_~21              ; |dec4to16|lpm_mux:Mux6|mux_joc:auto_generated|_~21              ; out0             ;
; |dec4to16|lpm_mux:Mux6|mux_joc:auto_generated|_~22              ; |dec4to16|lpm_mux:Mux6|mux_joc:auto_generated|_~22              ; out0             ;
; |dec4to16|lpm_mux:Mux6|mux_joc:auto_generated|_~24              ; |dec4to16|lpm_mux:Mux6|mux_joc:auto_generated|_~24              ; out0             ;
; |dec4to16|lpm_mux:Mux6|mux_joc:auto_generated|_~26              ; |dec4to16|lpm_mux:Mux6|mux_joc:auto_generated|_~26              ; out0             ;
; |dec4to16|lpm_mux:Mux6|mux_joc:auto_generated|_~31              ; |dec4to16|lpm_mux:Mux6|mux_joc:auto_generated|_~31              ; out0             ;
; |dec4to16|lpm_mux:Mux6|mux_joc:auto_generated|_~33              ; |dec4to16|lpm_mux:Mux6|mux_joc:auto_generated|_~33              ; out0             ;
; |dec4to16|lpm_mux:Mux6|mux_joc:auto_generated|_~35              ; |dec4to16|lpm_mux:Mux6|mux_joc:auto_generated|_~35              ; out0             ;
; |dec4to16|lpm_mux:Mux6|mux_joc:auto_generated|_~41              ; |dec4to16|lpm_mux:Mux6|mux_joc:auto_generated|_~41              ; out0             ;
; |dec4to16|lpm_mux:Mux6|mux_joc:auto_generated|_~42              ; |dec4to16|lpm_mux:Mux6|mux_joc:auto_generated|_~42              ; out0             ;
; |dec4to16|lpm_mux:Mux6|mux_joc:auto_generated|_~43              ; |dec4to16|lpm_mux:Mux6|mux_joc:auto_generated|_~43              ; out0             ;
; |dec4to16|lpm_mux:Mux6|mux_joc:auto_generated|_~44              ; |dec4to16|lpm_mux:Mux6|mux_joc:auto_generated|_~44              ; out0             ;
; |dec4to16|lpm_mux:Mux6|mux_joc:auto_generated|_~46              ; |dec4to16|lpm_mux:Mux6|mux_joc:auto_generated|_~46              ; out0             ;
; |dec4to16|lpm_mux:Mux6|mux_joc:auto_generated|_~49              ; |dec4to16|lpm_mux:Mux6|mux_joc:auto_generated|_~49              ; out0             ;
; |dec4to16|lpm_mux:Mux6|mux_joc:auto_generated|_~51              ; |dec4to16|lpm_mux:Mux6|mux_joc:auto_generated|_~51              ; out0             ;
; |dec4to16|lpm_mux:Mux6|mux_joc:auto_generated|_~58              ; |dec4to16|lpm_mux:Mux6|mux_joc:auto_generated|_~58              ; out0             ;
; |dec4to16|lpm_mux:Mux6|mux_joc:auto_generated|_~60              ; |dec4to16|lpm_mux:Mux6|mux_joc:auto_generated|_~60              ; out0             ;
; |dec4to16|lpm_mux:Mux6|mux_joc:auto_generated|_~66              ; |dec4to16|lpm_mux:Mux6|mux_joc:auto_generated|_~66              ; out0             ;
; |dec4to16|lpm_mux:Mux6|mux_joc:auto_generated|_~69              ; |dec4to16|lpm_mux:Mux6|mux_joc:auto_generated|_~69              ; out0             ;
; |dec4to16|lpm_mux:Mux6|mux_joc:auto_generated|_~70              ; |dec4to16|lpm_mux:Mux6|mux_joc:auto_generated|_~70              ; out0             ;
; |dec4to16|lpm_mux:Mux6|mux_joc:auto_generated|_~71              ; |dec4to16|lpm_mux:Mux6|mux_joc:auto_generated|_~71              ; out0             ;
; |dec4to16|lpm_mux:Mux6|mux_joc:auto_generated|result_node[0]~0  ; |dec4to16|lpm_mux:Mux6|mux_joc:auto_generated|result_node[0]~0  ; out0             ;
; |dec4to16|lpm_mux:Mux6|mux_joc:auto_generated|_~72              ; |dec4to16|lpm_mux:Mux6|mux_joc:auto_generated|_~72              ; out0             ;
; |dec4to16|lpm_mux:Mux6|mux_joc:auto_generated|_~74              ; |dec4to16|lpm_mux:Mux6|mux_joc:auto_generated|_~74              ; out0             ;
; |dec4to16|lpm_mux:Mux6|mux_joc:auto_generated|_~76              ; |dec4to16|lpm_mux:Mux6|mux_joc:auto_generated|_~76              ; out0             ;
; |dec4to16|lpm_mux:Mux6|mux_joc:auto_generated|_~81              ; |dec4to16|lpm_mux:Mux6|mux_joc:auto_generated|_~81              ; out0             ;
; |dec4to16|lpm_mux:Mux6|mux_joc:auto_generated|_~83              ; |dec4to16|lpm_mux:Mux6|mux_joc:auto_generated|_~83              ; out0             ;
; |dec4to16|lpm_mux:Mux6|mux_joc:auto_generated|_~85              ; |dec4to16|lpm_mux:Mux6|mux_joc:auto_generated|_~85              ; out0             ;
; |dec4to16|lpm_mux:Mux6|mux_joc:auto_generated|_~91              ; |dec4to16|lpm_mux:Mux6|mux_joc:auto_generated|_~91              ; out0             ;
; |dec4to16|lpm_mux:Mux6|mux_joc:auto_generated|_~92              ; |dec4to16|lpm_mux:Mux6|mux_joc:auto_generated|_~92              ; out0             ;
; |dec4to16|lpm_mux:Mux6|mux_joc:auto_generated|_~93              ; |dec4to16|lpm_mux:Mux6|mux_joc:auto_generated|_~93              ; out0             ;
; |dec4to16|lpm_mux:Mux6|mux_joc:auto_generated|_~94              ; |dec4to16|lpm_mux:Mux6|mux_joc:auto_generated|_~94              ; out0             ;
; |dec4to16|lpm_mux:Mux6|mux_joc:auto_generated|_~96              ; |dec4to16|lpm_mux:Mux6|mux_joc:auto_generated|_~96              ; out0             ;
; |dec4to16|lpm_mux:Mux6|mux_joc:auto_generated|_~99              ; |dec4to16|lpm_mux:Mux6|mux_joc:auto_generated|_~99              ; out0             ;
; |dec4to16|lpm_mux:Mux6|mux_joc:auto_generated|_~101             ; |dec4to16|lpm_mux:Mux6|mux_joc:auto_generated|_~101             ; out0             ;
; |dec4to16|lpm_mux:Mux6|mux_joc:auto_generated|_~108             ; |dec4to16|lpm_mux:Mux6|mux_joc:auto_generated|_~108             ; out0             ;
; |dec4to16|lpm_mux:Mux6|mux_joc:auto_generated|_~110             ; |dec4to16|lpm_mux:Mux6|mux_joc:auto_generated|_~110             ; out0             ;
; |dec4to16|lpm_mux:Mux6|mux_joc:auto_generated|_~116             ; |dec4to16|lpm_mux:Mux6|mux_joc:auto_generated|_~116             ; out0             ;
; |dec4to16|lpm_mux:Mux6|mux_joc:auto_generated|_~119             ; |dec4to16|lpm_mux:Mux6|mux_joc:auto_generated|_~119             ; out0             ;
; |dec4to16|lpm_mux:Mux6|mux_joc:auto_generated|_~120             ; |dec4to16|lpm_mux:Mux6|mux_joc:auto_generated|_~120             ; out0             ;
; |dec4to16|lpm_mux:Mux6|mux_joc:auto_generated|_~121             ; |dec4to16|lpm_mux:Mux6|mux_joc:auto_generated|_~121             ; out0             ;
; |dec4to16|lpm_mux:Mux6|mux_joc:auto_generated|_~123             ; |dec4to16|lpm_mux:Mux6|mux_joc:auto_generated|_~123             ; out0             ;
; |dec4to16|lpm_mux:Mux6|mux_joc:auto_generated|_~125             ; |dec4to16|lpm_mux:Mux6|mux_joc:auto_generated|_~125             ; out0             ;
; |dec4to16|lpm_mux:Mux6|mux_joc:auto_generated|_~130             ; |dec4to16|lpm_mux:Mux6|mux_joc:auto_generated|_~130             ; out0             ;
; |dec4to16|lpm_mux:Mux6|mux_joc:auto_generated|_~132             ; |dec4to16|lpm_mux:Mux6|mux_joc:auto_generated|_~132             ; out0             ;
; |dec4to16|lpm_mux:Mux6|mux_joc:auto_generated|_~134             ; |dec4to16|lpm_mux:Mux6|mux_joc:auto_generated|_~134             ; out0             ;
; |dec4to16|lpm_mux:Mux6|mux_joc:auto_generated|_~140             ; |dec4to16|lpm_mux:Mux6|mux_joc:auto_generated|_~140             ; out0             ;
; |dec4to16|lpm_mux:Mux6|mux_joc:auto_generated|_~141             ; |dec4to16|lpm_mux:Mux6|mux_joc:auto_generated|_~141             ; out0             ;
; |dec4to16|lpm_mux:Mux6|mux_joc:auto_generated|result_node[0]~1  ; |dec4to16|lpm_mux:Mux6|mux_joc:auto_generated|result_node[0]~1  ; out0             ;
; |dec4to16|lpm_mux:Mux6|mux_joc:auto_generated|result_node[0]    ; |dec4to16|lpm_mux:Mux6|mux_joc:auto_generated|result_node[0]    ; out0             ;
; |dec4to16|lpm_mux:Mux5|mux_joc:auto_generated|_~0               ; |dec4to16|lpm_mux:Mux5|mux_joc:auto_generated|_~0               ; out0             ;
; |dec4to16|lpm_mux:Mux5|mux_joc:auto_generated|_~2               ; |dec4to16|lpm_mux:Mux5|mux_joc:auto_generated|_~2               ; out0             ;
; |dec4to16|lpm_mux:Mux5|mux_joc:auto_generated|_~4               ; |dec4to16|lpm_mux:Mux5|mux_joc:auto_generated|_~4               ; out0             ;
; |dec4to16|lpm_mux:Mux5|mux_joc:auto_generated|_~9               ; |dec4to16|lpm_mux:Mux5|mux_joc:auto_generated|_~9               ; out0             ;
; |dec4to16|lpm_mux:Mux5|mux_joc:auto_generated|_~11              ; |dec4to16|lpm_mux:Mux5|mux_joc:auto_generated|_~11              ; out0             ;
; |dec4to16|lpm_mux:Mux5|mux_joc:auto_generated|_~13              ; |dec4to16|lpm_mux:Mux5|mux_joc:auto_generated|_~13              ; out0             ;
; |dec4to16|lpm_mux:Mux5|mux_joc:auto_generated|_~19              ; |dec4to16|lpm_mux:Mux5|mux_joc:auto_generated|_~19              ; out0             ;
; |dec4to16|lpm_mux:Mux5|mux_joc:auto_generated|_~20              ; |dec4to16|lpm_mux:Mux5|mux_joc:auto_generated|_~20              ; out0             ;
; |dec4to16|lpm_mux:Mux5|mux_joc:auto_generated|_~21              ; |dec4to16|lpm_mux:Mux5|mux_joc:auto_generated|_~21              ; out0             ;
; |dec4to16|lpm_mux:Mux5|mux_joc:auto_generated|_~22              ; |dec4to16|lpm_mux:Mux5|mux_joc:auto_generated|_~22              ; out0             ;
; |dec4to16|lpm_mux:Mux5|mux_joc:auto_generated|_~24              ; |dec4to16|lpm_mux:Mux5|mux_joc:auto_generated|_~24              ; out0             ;
; |dec4to16|lpm_mux:Mux5|mux_joc:auto_generated|_~26              ; |dec4to16|lpm_mux:Mux5|mux_joc:auto_generated|_~26              ; out0             ;
; |dec4to16|lpm_mux:Mux5|mux_joc:auto_generated|_~31              ; |dec4to16|lpm_mux:Mux5|mux_joc:auto_generated|_~31              ; out0             ;
; |dec4to16|lpm_mux:Mux5|mux_joc:auto_generated|_~33              ; |dec4to16|lpm_mux:Mux5|mux_joc:auto_generated|_~33              ; out0             ;
; |dec4to16|lpm_mux:Mux5|mux_joc:auto_generated|_~35              ; |dec4to16|lpm_mux:Mux5|mux_joc:auto_generated|_~35              ; out0             ;
; |dec4to16|lpm_mux:Mux5|mux_joc:auto_generated|_~41              ; |dec4to16|lpm_mux:Mux5|mux_joc:auto_generated|_~41              ; out0             ;
; |dec4to16|lpm_mux:Mux5|mux_joc:auto_generated|_~42              ; |dec4to16|lpm_mux:Mux5|mux_joc:auto_generated|_~42              ; out0             ;
; |dec4to16|lpm_mux:Mux5|mux_joc:auto_generated|_~43              ; |dec4to16|lpm_mux:Mux5|mux_joc:auto_generated|_~43              ; out0             ;
; |dec4to16|lpm_mux:Mux5|mux_joc:auto_generated|_~44              ; |dec4to16|lpm_mux:Mux5|mux_joc:auto_generated|_~44              ; out0             ;
; |dec4to16|lpm_mux:Mux5|mux_joc:auto_generated|_~46              ; |dec4to16|lpm_mux:Mux5|mux_joc:auto_generated|_~46              ; out0             ;
; |dec4to16|lpm_mux:Mux5|mux_joc:auto_generated|_~47              ; |dec4to16|lpm_mux:Mux5|mux_joc:auto_generated|_~47              ; out0             ;
; |dec4to16|lpm_mux:Mux5|mux_joc:auto_generated|_~49              ; |dec4to16|lpm_mux:Mux5|mux_joc:auto_generated|_~49              ; out0             ;
; |dec4to16|lpm_mux:Mux5|mux_joc:auto_generated|_~51              ; |dec4to16|lpm_mux:Mux5|mux_joc:auto_generated|_~51              ; out0             ;
; |dec4to16|lpm_mux:Mux5|mux_joc:auto_generated|_~52              ; |dec4to16|lpm_mux:Mux5|mux_joc:auto_generated|_~52              ; out0             ;
; |dec4to16|lpm_mux:Mux5|mux_joc:auto_generated|_~56              ; |dec4to16|lpm_mux:Mux5|mux_joc:auto_generated|_~56              ; out0             ;
; |dec4to16|lpm_mux:Mux5|mux_joc:auto_generated|_~58              ; |dec4to16|lpm_mux:Mux5|mux_joc:auto_generated|_~58              ; out0             ;
; |dec4to16|lpm_mux:Mux5|mux_joc:auto_generated|_~60              ; |dec4to16|lpm_mux:Mux5|mux_joc:auto_generated|_~60              ; out0             ;
; |dec4to16|lpm_mux:Mux5|mux_joc:auto_generated|_~61              ; |dec4to16|lpm_mux:Mux5|mux_joc:auto_generated|_~61              ; out0             ;
; |dec4to16|lpm_mux:Mux5|mux_joc:auto_generated|_~69              ; |dec4to16|lpm_mux:Mux5|mux_joc:auto_generated|_~69              ; out0             ;
; |dec4to16|lpm_mux:Mux5|mux_joc:auto_generated|_~70              ; |dec4to16|lpm_mux:Mux5|mux_joc:auto_generated|_~70              ; out0             ;
; |dec4to16|lpm_mux:Mux5|mux_joc:auto_generated|_~71              ; |dec4to16|lpm_mux:Mux5|mux_joc:auto_generated|_~71              ; out0             ;
; |dec4to16|lpm_mux:Mux5|mux_joc:auto_generated|result_node[0]~0  ; |dec4to16|lpm_mux:Mux5|mux_joc:auto_generated|result_node[0]~0  ; out0             ;
; |dec4to16|lpm_mux:Mux5|mux_joc:auto_generated|_~72              ; |dec4to16|lpm_mux:Mux5|mux_joc:auto_generated|_~72              ; out0             ;
; |dec4to16|lpm_mux:Mux5|mux_joc:auto_generated|_~74              ; |dec4to16|lpm_mux:Mux5|mux_joc:auto_generated|_~74              ; out0             ;
; |dec4to16|lpm_mux:Mux5|mux_joc:auto_generated|_~76              ; |dec4to16|lpm_mux:Mux5|mux_joc:auto_generated|_~76              ; out0             ;
; |dec4to16|lpm_mux:Mux5|mux_joc:auto_generated|_~81              ; |dec4to16|lpm_mux:Mux5|mux_joc:auto_generated|_~81              ; out0             ;
; |dec4to16|lpm_mux:Mux5|mux_joc:auto_generated|_~83              ; |dec4to16|lpm_mux:Mux5|mux_joc:auto_generated|_~83              ; out0             ;
; |dec4to16|lpm_mux:Mux5|mux_joc:auto_generated|_~85              ; |dec4to16|lpm_mux:Mux5|mux_joc:auto_generated|_~85              ; out0             ;
; |dec4to16|lpm_mux:Mux5|mux_joc:auto_generated|_~91              ; |dec4to16|lpm_mux:Mux5|mux_joc:auto_generated|_~91              ; out0             ;
; |dec4to16|lpm_mux:Mux5|mux_joc:auto_generated|_~92              ; |dec4to16|lpm_mux:Mux5|mux_joc:auto_generated|_~92              ; out0             ;
; |dec4to16|lpm_mux:Mux5|mux_joc:auto_generated|_~93              ; |dec4to16|lpm_mux:Mux5|mux_joc:auto_generated|_~93              ; out0             ;
; |dec4to16|lpm_mux:Mux5|mux_joc:auto_generated|_~94              ; |dec4to16|lpm_mux:Mux5|mux_joc:auto_generated|_~94              ; out0             ;
; |dec4to16|lpm_mux:Mux5|mux_joc:auto_generated|_~96              ; |dec4to16|lpm_mux:Mux5|mux_joc:auto_generated|_~96              ; out0             ;
; |dec4to16|lpm_mux:Mux5|mux_joc:auto_generated|_~97              ; |dec4to16|lpm_mux:Mux5|mux_joc:auto_generated|_~97              ; out0             ;
; |dec4to16|lpm_mux:Mux5|mux_joc:auto_generated|_~99              ; |dec4to16|lpm_mux:Mux5|mux_joc:auto_generated|_~99              ; out0             ;
; |dec4to16|lpm_mux:Mux5|mux_joc:auto_generated|_~101             ; |dec4to16|lpm_mux:Mux5|mux_joc:auto_generated|_~101             ; out0             ;
; |dec4to16|lpm_mux:Mux5|mux_joc:auto_generated|_~102             ; |dec4to16|lpm_mux:Mux5|mux_joc:auto_generated|_~102             ; out0             ;
; |dec4to16|lpm_mux:Mux5|mux_joc:auto_generated|_~106             ; |dec4to16|lpm_mux:Mux5|mux_joc:auto_generated|_~106             ; out0             ;
; |dec4to16|lpm_mux:Mux5|mux_joc:auto_generated|_~108             ; |dec4to16|lpm_mux:Mux5|mux_joc:auto_generated|_~108             ; out0             ;
; |dec4to16|lpm_mux:Mux5|mux_joc:auto_generated|_~110             ; |dec4to16|lpm_mux:Mux5|mux_joc:auto_generated|_~110             ; out0             ;
; |dec4to16|lpm_mux:Mux5|mux_joc:auto_generated|_~111             ; |dec4to16|lpm_mux:Mux5|mux_joc:auto_generated|_~111             ; out0             ;
; |dec4to16|lpm_mux:Mux5|mux_joc:auto_generated|_~119             ; |dec4to16|lpm_mux:Mux5|mux_joc:auto_generated|_~119             ; out0             ;
; |dec4to16|lpm_mux:Mux5|mux_joc:auto_generated|_~120             ; |dec4to16|lpm_mux:Mux5|mux_joc:auto_generated|_~120             ; out0             ;
; |dec4to16|lpm_mux:Mux5|mux_joc:auto_generated|_~121             ; |dec4to16|lpm_mux:Mux5|mux_joc:auto_generated|_~121             ; out0             ;
; |dec4to16|lpm_mux:Mux5|mux_joc:auto_generated|_~123             ; |dec4to16|lpm_mux:Mux5|mux_joc:auto_generated|_~123             ; out0             ;
; |dec4to16|lpm_mux:Mux5|mux_joc:auto_generated|_~125             ; |dec4to16|lpm_mux:Mux5|mux_joc:auto_generated|_~125             ; out0             ;
; |dec4to16|lpm_mux:Mux5|mux_joc:auto_generated|_~130             ; |dec4to16|lpm_mux:Mux5|mux_joc:auto_generated|_~130             ; out0             ;
; |dec4to16|lpm_mux:Mux5|mux_joc:auto_generated|_~132             ; |dec4to16|lpm_mux:Mux5|mux_joc:auto_generated|_~132             ; out0             ;
; |dec4to16|lpm_mux:Mux5|mux_joc:auto_generated|_~134             ; |dec4to16|lpm_mux:Mux5|mux_joc:auto_generated|_~134             ; out0             ;
; |dec4to16|lpm_mux:Mux5|mux_joc:auto_generated|_~140             ; |dec4to16|lpm_mux:Mux5|mux_joc:auto_generated|_~140             ; out0             ;
; |dec4to16|lpm_mux:Mux5|mux_joc:auto_generated|_~141             ; |dec4to16|lpm_mux:Mux5|mux_joc:auto_generated|_~141             ; out0             ;
; |dec4to16|lpm_mux:Mux5|mux_joc:auto_generated|result_node[0]~1  ; |dec4to16|lpm_mux:Mux5|mux_joc:auto_generated|result_node[0]~1  ; out0             ;
; |dec4to16|lpm_mux:Mux5|mux_joc:auto_generated|result_node[0]    ; |dec4to16|lpm_mux:Mux5|mux_joc:auto_generated|result_node[0]    ; out0             ;
; |dec4to16|lpm_mux:Mux4|mux_joc:auto_generated|_~0               ; |dec4to16|lpm_mux:Mux4|mux_joc:auto_generated|_~0               ; out0             ;
; |dec4to16|lpm_mux:Mux4|mux_joc:auto_generated|_~2               ; |dec4to16|lpm_mux:Mux4|mux_joc:auto_generated|_~2               ; out0             ;
; |dec4to16|lpm_mux:Mux4|mux_joc:auto_generated|_~4               ; |dec4to16|lpm_mux:Mux4|mux_joc:auto_generated|_~4               ; out0             ;
; |dec4to16|lpm_mux:Mux4|mux_joc:auto_generated|_~9               ; |dec4to16|lpm_mux:Mux4|mux_joc:auto_generated|_~9               ; out0             ;
; |dec4to16|lpm_mux:Mux4|mux_joc:auto_generated|_~11              ; |dec4to16|lpm_mux:Mux4|mux_joc:auto_generated|_~11              ; out0             ;
; |dec4to16|lpm_mux:Mux4|mux_joc:auto_generated|_~13              ; |dec4to16|lpm_mux:Mux4|mux_joc:auto_generated|_~13              ; out0             ;
; |dec4to16|lpm_mux:Mux4|mux_joc:auto_generated|_~19              ; |dec4to16|lpm_mux:Mux4|mux_joc:auto_generated|_~19              ; out0             ;
; |dec4to16|lpm_mux:Mux4|mux_joc:auto_generated|_~20              ; |dec4to16|lpm_mux:Mux4|mux_joc:auto_generated|_~20              ; out0             ;
; |dec4to16|lpm_mux:Mux4|mux_joc:auto_generated|_~21              ; |dec4to16|lpm_mux:Mux4|mux_joc:auto_generated|_~21              ; out0             ;
; |dec4to16|lpm_mux:Mux4|mux_joc:auto_generated|_~22              ; |dec4to16|lpm_mux:Mux4|mux_joc:auto_generated|_~22              ; out0             ;
; |dec4to16|lpm_mux:Mux4|mux_joc:auto_generated|_~24              ; |dec4to16|lpm_mux:Mux4|mux_joc:auto_generated|_~24              ; out0             ;
; |dec4to16|lpm_mux:Mux4|mux_joc:auto_generated|_~26              ; |dec4to16|lpm_mux:Mux4|mux_joc:auto_generated|_~26              ; out0             ;
; |dec4to16|lpm_mux:Mux4|mux_joc:auto_generated|_~31              ; |dec4to16|lpm_mux:Mux4|mux_joc:auto_generated|_~31              ; out0             ;
; |dec4to16|lpm_mux:Mux4|mux_joc:auto_generated|_~33              ; |dec4to16|lpm_mux:Mux4|mux_joc:auto_generated|_~33              ; out0             ;
; |dec4to16|lpm_mux:Mux4|mux_joc:auto_generated|_~35              ; |dec4to16|lpm_mux:Mux4|mux_joc:auto_generated|_~35              ; out0             ;
; |dec4to16|lpm_mux:Mux4|mux_joc:auto_generated|_~41              ; |dec4to16|lpm_mux:Mux4|mux_joc:auto_generated|_~41              ; out0             ;
; |dec4to16|lpm_mux:Mux4|mux_joc:auto_generated|_~42              ; |dec4to16|lpm_mux:Mux4|mux_joc:auto_generated|_~42              ; out0             ;
; |dec4to16|lpm_mux:Mux4|mux_joc:auto_generated|_~43              ; |dec4to16|lpm_mux:Mux4|mux_joc:auto_generated|_~43              ; out0             ;
; |dec4to16|lpm_mux:Mux4|mux_joc:auto_generated|_~44              ; |dec4to16|lpm_mux:Mux4|mux_joc:auto_generated|_~44              ; out0             ;
; |dec4to16|lpm_mux:Mux4|mux_joc:auto_generated|_~46              ; |dec4to16|lpm_mux:Mux4|mux_joc:auto_generated|_~46              ; out0             ;
; |dec4to16|lpm_mux:Mux4|mux_joc:auto_generated|_~47              ; |dec4to16|lpm_mux:Mux4|mux_joc:auto_generated|_~47              ; out0             ;
; |dec4to16|lpm_mux:Mux4|mux_joc:auto_generated|_~49              ; |dec4to16|lpm_mux:Mux4|mux_joc:auto_generated|_~49              ; out0             ;
; |dec4to16|lpm_mux:Mux4|mux_joc:auto_generated|_~51              ; |dec4to16|lpm_mux:Mux4|mux_joc:auto_generated|_~51              ; out0             ;
; |dec4to16|lpm_mux:Mux4|mux_joc:auto_generated|_~56              ; |dec4to16|lpm_mux:Mux4|mux_joc:auto_generated|_~56              ; out0             ;
; |dec4to16|lpm_mux:Mux4|mux_joc:auto_generated|_~58              ; |dec4to16|lpm_mux:Mux4|mux_joc:auto_generated|_~58              ; out0             ;
; |dec4to16|lpm_mux:Mux4|mux_joc:auto_generated|_~60              ; |dec4to16|lpm_mux:Mux4|mux_joc:auto_generated|_~60              ; out0             ;
; |dec4to16|lpm_mux:Mux4|mux_joc:auto_generated|_~65              ; |dec4to16|lpm_mux:Mux4|mux_joc:auto_generated|_~65              ; out0             ;
; |dec4to16|lpm_mux:Mux4|mux_joc:auto_generated|result_node[0]~0  ; |dec4to16|lpm_mux:Mux4|mux_joc:auto_generated|result_node[0]~0  ; out0             ;
; |dec4to16|lpm_mux:Mux4|mux_joc:auto_generated|_~72              ; |dec4to16|lpm_mux:Mux4|mux_joc:auto_generated|_~72              ; out0             ;
; |dec4to16|lpm_mux:Mux4|mux_joc:auto_generated|_~74              ; |dec4to16|lpm_mux:Mux4|mux_joc:auto_generated|_~74              ; out0             ;
; |dec4to16|lpm_mux:Mux4|mux_joc:auto_generated|_~76              ; |dec4to16|lpm_mux:Mux4|mux_joc:auto_generated|_~76              ; out0             ;
; |dec4to16|lpm_mux:Mux4|mux_joc:auto_generated|_~81              ; |dec4to16|lpm_mux:Mux4|mux_joc:auto_generated|_~81              ; out0             ;
; |dec4to16|lpm_mux:Mux4|mux_joc:auto_generated|_~83              ; |dec4to16|lpm_mux:Mux4|mux_joc:auto_generated|_~83              ; out0             ;
; |dec4to16|lpm_mux:Mux4|mux_joc:auto_generated|_~85              ; |dec4to16|lpm_mux:Mux4|mux_joc:auto_generated|_~85              ; out0             ;
; |dec4to16|lpm_mux:Mux4|mux_joc:auto_generated|_~91              ; |dec4to16|lpm_mux:Mux4|mux_joc:auto_generated|_~91              ; out0             ;
; |dec4to16|lpm_mux:Mux4|mux_joc:auto_generated|_~92              ; |dec4to16|lpm_mux:Mux4|mux_joc:auto_generated|_~92              ; out0             ;
; |dec4to16|lpm_mux:Mux4|mux_joc:auto_generated|_~93              ; |dec4to16|lpm_mux:Mux4|mux_joc:auto_generated|_~93              ; out0             ;
; |dec4to16|lpm_mux:Mux4|mux_joc:auto_generated|_~94              ; |dec4to16|lpm_mux:Mux4|mux_joc:auto_generated|_~94              ; out0             ;
; |dec4to16|lpm_mux:Mux4|mux_joc:auto_generated|_~96              ; |dec4to16|lpm_mux:Mux4|mux_joc:auto_generated|_~96              ; out0             ;
; |dec4to16|lpm_mux:Mux4|mux_joc:auto_generated|_~97              ; |dec4to16|lpm_mux:Mux4|mux_joc:auto_generated|_~97              ; out0             ;
; |dec4to16|lpm_mux:Mux4|mux_joc:auto_generated|_~99              ; |dec4to16|lpm_mux:Mux4|mux_joc:auto_generated|_~99              ; out0             ;
; |dec4to16|lpm_mux:Mux4|mux_joc:auto_generated|_~101             ; |dec4to16|lpm_mux:Mux4|mux_joc:auto_generated|_~101             ; out0             ;
; |dec4to16|lpm_mux:Mux4|mux_joc:auto_generated|_~106             ; |dec4to16|lpm_mux:Mux4|mux_joc:auto_generated|_~106             ; out0             ;
; |dec4to16|lpm_mux:Mux4|mux_joc:auto_generated|_~108             ; |dec4to16|lpm_mux:Mux4|mux_joc:auto_generated|_~108             ; out0             ;
; |dec4to16|lpm_mux:Mux4|mux_joc:auto_generated|_~110             ; |dec4to16|lpm_mux:Mux4|mux_joc:auto_generated|_~110             ; out0             ;
; |dec4to16|lpm_mux:Mux4|mux_joc:auto_generated|_~115             ; |dec4to16|lpm_mux:Mux4|mux_joc:auto_generated|_~115             ; out0             ;
; |dec4to16|lpm_mux:Mux4|mux_joc:auto_generated|_~121             ; |dec4to16|lpm_mux:Mux4|mux_joc:auto_generated|_~121             ; out0             ;
; |dec4to16|lpm_mux:Mux4|mux_joc:auto_generated|_~123             ; |dec4to16|lpm_mux:Mux4|mux_joc:auto_generated|_~123             ; out0             ;
; |dec4to16|lpm_mux:Mux4|mux_joc:auto_generated|_~125             ; |dec4to16|lpm_mux:Mux4|mux_joc:auto_generated|_~125             ; out0             ;
; |dec4to16|lpm_mux:Mux4|mux_joc:auto_generated|_~130             ; |dec4to16|lpm_mux:Mux4|mux_joc:auto_generated|_~130             ; out0             ;
; |dec4to16|lpm_mux:Mux4|mux_joc:auto_generated|_~132             ; |dec4to16|lpm_mux:Mux4|mux_joc:auto_generated|_~132             ; out0             ;
; |dec4to16|lpm_mux:Mux4|mux_joc:auto_generated|_~134             ; |dec4to16|lpm_mux:Mux4|mux_joc:auto_generated|_~134             ; out0             ;
; |dec4to16|lpm_mux:Mux4|mux_joc:auto_generated|_~140             ; |dec4to16|lpm_mux:Mux4|mux_joc:auto_generated|_~140             ; out0             ;
; |dec4to16|lpm_mux:Mux4|mux_joc:auto_generated|_~141             ; |dec4to16|lpm_mux:Mux4|mux_joc:auto_generated|_~141             ; out0             ;
; |dec4to16|lpm_mux:Mux3|mux_joc:auto_generated|_~0               ; |dec4to16|lpm_mux:Mux3|mux_joc:auto_generated|_~0               ; out0             ;
; |dec4to16|lpm_mux:Mux3|mux_joc:auto_generated|_~2               ; |dec4to16|lpm_mux:Mux3|mux_joc:auto_generated|_~2               ; out0             ;
; |dec4to16|lpm_mux:Mux3|mux_joc:auto_generated|_~4               ; |dec4to16|lpm_mux:Mux3|mux_joc:auto_generated|_~4               ; out0             ;
; |dec4to16|lpm_mux:Mux3|mux_joc:auto_generated|_~9               ; |dec4to16|lpm_mux:Mux3|mux_joc:auto_generated|_~9               ; out0             ;
; |dec4to16|lpm_mux:Mux3|mux_joc:auto_generated|_~11              ; |dec4to16|lpm_mux:Mux3|mux_joc:auto_generated|_~11              ; out0             ;
; |dec4to16|lpm_mux:Mux3|mux_joc:auto_generated|_~13              ; |dec4to16|lpm_mux:Mux3|mux_joc:auto_generated|_~13              ; out0             ;
; |dec4to16|lpm_mux:Mux3|mux_joc:auto_generated|_~19              ; |dec4to16|lpm_mux:Mux3|mux_joc:auto_generated|_~19              ; out0             ;
; |dec4to16|lpm_mux:Mux3|mux_joc:auto_generated|_~20              ; |dec4to16|lpm_mux:Mux3|mux_joc:auto_generated|_~20              ; out0             ;
; |dec4to16|lpm_mux:Mux3|mux_joc:auto_generated|_~21              ; |dec4to16|lpm_mux:Mux3|mux_joc:auto_generated|_~21              ; out0             ;
; |dec4to16|lpm_mux:Mux3|mux_joc:auto_generated|_~22              ; |dec4to16|lpm_mux:Mux3|mux_joc:auto_generated|_~22              ; out0             ;
; |dec4to16|lpm_mux:Mux3|mux_joc:auto_generated|_~24              ; |dec4to16|lpm_mux:Mux3|mux_joc:auto_generated|_~24              ; out0             ;
; |dec4to16|lpm_mux:Mux3|mux_joc:auto_generated|_~26              ; |dec4to16|lpm_mux:Mux3|mux_joc:auto_generated|_~26              ; out0             ;
; |dec4to16|lpm_mux:Mux3|mux_joc:auto_generated|_~31              ; |dec4to16|lpm_mux:Mux3|mux_joc:auto_generated|_~31              ; out0             ;
; |dec4to16|lpm_mux:Mux3|mux_joc:auto_generated|_~33              ; |dec4to16|lpm_mux:Mux3|mux_joc:auto_generated|_~33              ; out0             ;
; |dec4to16|lpm_mux:Mux3|mux_joc:auto_generated|_~35              ; |dec4to16|lpm_mux:Mux3|mux_joc:auto_generated|_~35              ; out0             ;
; |dec4to16|lpm_mux:Mux3|mux_joc:auto_generated|_~41              ; |dec4to16|lpm_mux:Mux3|mux_joc:auto_generated|_~41              ; out0             ;
; |dec4to16|lpm_mux:Mux3|mux_joc:auto_generated|_~42              ; |dec4to16|lpm_mux:Mux3|mux_joc:auto_generated|_~42              ; out0             ;
; |dec4to16|lpm_mux:Mux3|mux_joc:auto_generated|_~43              ; |dec4to16|lpm_mux:Mux3|mux_joc:auto_generated|_~43              ; out0             ;
; |dec4to16|lpm_mux:Mux3|mux_joc:auto_generated|_~44              ; |dec4to16|lpm_mux:Mux3|mux_joc:auto_generated|_~44              ; out0             ;
; |dec4to16|lpm_mux:Mux3|mux_joc:auto_generated|_~46              ; |dec4to16|lpm_mux:Mux3|mux_joc:auto_generated|_~46              ; out0             ;
; |dec4to16|lpm_mux:Mux3|mux_joc:auto_generated|_~47              ; |dec4to16|lpm_mux:Mux3|mux_joc:auto_generated|_~47              ; out0             ;
; |dec4to16|lpm_mux:Mux3|mux_joc:auto_generated|_~49              ; |dec4to16|lpm_mux:Mux3|mux_joc:auto_generated|_~49              ; out0             ;
; |dec4to16|lpm_mux:Mux3|mux_joc:auto_generated|_~51              ; |dec4to16|lpm_mux:Mux3|mux_joc:auto_generated|_~51              ; out0             ;
; |dec4to16|lpm_mux:Mux3|mux_joc:auto_generated|_~56              ; |dec4to16|lpm_mux:Mux3|mux_joc:auto_generated|_~56              ; out0             ;
; |dec4to16|lpm_mux:Mux3|mux_joc:auto_generated|_~58              ; |dec4to16|lpm_mux:Mux3|mux_joc:auto_generated|_~58              ; out0             ;
; |dec4to16|lpm_mux:Mux3|mux_joc:auto_generated|_~60              ; |dec4to16|lpm_mux:Mux3|mux_joc:auto_generated|_~60              ; out0             ;
; |dec4to16|lpm_mux:Mux3|mux_joc:auto_generated|_~66              ; |dec4to16|lpm_mux:Mux3|mux_joc:auto_generated|_~66              ; out0             ;
; |dec4to16|lpm_mux:Mux3|mux_joc:auto_generated|_~67              ; |dec4to16|lpm_mux:Mux3|mux_joc:auto_generated|_~67              ; out0             ;
; |dec4to16|lpm_mux:Mux3|mux_joc:auto_generated|_~69              ; |dec4to16|lpm_mux:Mux3|mux_joc:auto_generated|_~69              ; out0             ;
; |dec4to16|lpm_mux:Mux3|mux_joc:auto_generated|_~70              ; |dec4to16|lpm_mux:Mux3|mux_joc:auto_generated|_~70              ; out0             ;
; |dec4to16|lpm_mux:Mux3|mux_joc:auto_generated|_~71              ; |dec4to16|lpm_mux:Mux3|mux_joc:auto_generated|_~71              ; out0             ;
; |dec4to16|lpm_mux:Mux3|mux_joc:auto_generated|result_node[0]~0  ; |dec4to16|lpm_mux:Mux3|mux_joc:auto_generated|result_node[0]~0  ; out0             ;
; |dec4to16|lpm_mux:Mux3|mux_joc:auto_generated|_~72              ; |dec4to16|lpm_mux:Mux3|mux_joc:auto_generated|_~72              ; out0             ;
; |dec4to16|lpm_mux:Mux3|mux_joc:auto_generated|_~74              ; |dec4to16|lpm_mux:Mux3|mux_joc:auto_generated|_~74              ; out0             ;
; |dec4to16|lpm_mux:Mux3|mux_joc:auto_generated|_~76              ; |dec4to16|lpm_mux:Mux3|mux_joc:auto_generated|_~76              ; out0             ;
; |dec4to16|lpm_mux:Mux3|mux_joc:auto_generated|_~81              ; |dec4to16|lpm_mux:Mux3|mux_joc:auto_generated|_~81              ; out0             ;
; |dec4to16|lpm_mux:Mux3|mux_joc:auto_generated|_~83              ; |dec4to16|lpm_mux:Mux3|mux_joc:auto_generated|_~83              ; out0             ;
; |dec4to16|lpm_mux:Mux3|mux_joc:auto_generated|_~85              ; |dec4to16|lpm_mux:Mux3|mux_joc:auto_generated|_~85              ; out0             ;
; |dec4to16|lpm_mux:Mux3|mux_joc:auto_generated|_~91              ; |dec4to16|lpm_mux:Mux3|mux_joc:auto_generated|_~91              ; out0             ;
; |dec4to16|lpm_mux:Mux3|mux_joc:auto_generated|_~92              ; |dec4to16|lpm_mux:Mux3|mux_joc:auto_generated|_~92              ; out0             ;
; |dec4to16|lpm_mux:Mux3|mux_joc:auto_generated|_~93              ; |dec4to16|lpm_mux:Mux3|mux_joc:auto_generated|_~93              ; out0             ;
; |dec4to16|lpm_mux:Mux3|mux_joc:auto_generated|_~94              ; |dec4to16|lpm_mux:Mux3|mux_joc:auto_generated|_~94              ; out0             ;
; |dec4to16|lpm_mux:Mux3|mux_joc:auto_generated|_~96              ; |dec4to16|lpm_mux:Mux3|mux_joc:auto_generated|_~96              ; out0             ;
; |dec4to16|lpm_mux:Mux3|mux_joc:auto_generated|_~97              ; |dec4to16|lpm_mux:Mux3|mux_joc:auto_generated|_~97              ; out0             ;
; |dec4to16|lpm_mux:Mux3|mux_joc:auto_generated|_~99              ; |dec4to16|lpm_mux:Mux3|mux_joc:auto_generated|_~99              ; out0             ;
; |dec4to16|lpm_mux:Mux3|mux_joc:auto_generated|_~101             ; |dec4to16|lpm_mux:Mux3|mux_joc:auto_generated|_~101             ; out0             ;
; |dec4to16|lpm_mux:Mux3|mux_joc:auto_generated|_~106             ; |dec4to16|lpm_mux:Mux3|mux_joc:auto_generated|_~106             ; out0             ;
; |dec4to16|lpm_mux:Mux3|mux_joc:auto_generated|_~108             ; |dec4to16|lpm_mux:Mux3|mux_joc:auto_generated|_~108             ; out0             ;
; |dec4to16|lpm_mux:Mux3|mux_joc:auto_generated|_~110             ; |dec4to16|lpm_mux:Mux3|mux_joc:auto_generated|_~110             ; out0             ;
; |dec4to16|lpm_mux:Mux3|mux_joc:auto_generated|_~116             ; |dec4to16|lpm_mux:Mux3|mux_joc:auto_generated|_~116             ; out0             ;
; |dec4to16|lpm_mux:Mux3|mux_joc:auto_generated|_~117             ; |dec4to16|lpm_mux:Mux3|mux_joc:auto_generated|_~117             ; out0             ;
; |dec4to16|lpm_mux:Mux3|mux_joc:auto_generated|_~119             ; |dec4to16|lpm_mux:Mux3|mux_joc:auto_generated|_~119             ; out0             ;
; |dec4to16|lpm_mux:Mux3|mux_joc:auto_generated|_~120             ; |dec4to16|lpm_mux:Mux3|mux_joc:auto_generated|_~120             ; out0             ;
; |dec4to16|lpm_mux:Mux3|mux_joc:auto_generated|_~121             ; |dec4to16|lpm_mux:Mux3|mux_joc:auto_generated|_~121             ; out0             ;
; |dec4to16|lpm_mux:Mux3|mux_joc:auto_generated|_~130             ; |dec4to16|lpm_mux:Mux3|mux_joc:auto_generated|_~130             ; out0             ;
; |dec4to16|lpm_mux:Mux3|mux_joc:auto_generated|result_node[0]~1  ; |dec4to16|lpm_mux:Mux3|mux_joc:auto_generated|result_node[0]~1  ; out0             ;
; |dec4to16|lpm_mux:Mux3|mux_joc:auto_generated|result_node[0]    ; |dec4to16|lpm_mux:Mux3|mux_joc:auto_generated|result_node[0]    ; out0             ;
; |dec4to16|lpm_mux:Mux2|mux_joc:auto_generated|_~0               ; |dec4to16|lpm_mux:Mux2|mux_joc:auto_generated|_~0               ; out0             ;
; |dec4to16|lpm_mux:Mux2|mux_joc:auto_generated|_~2               ; |dec4to16|lpm_mux:Mux2|mux_joc:auto_generated|_~2               ; out0             ;
; |dec4to16|lpm_mux:Mux2|mux_joc:auto_generated|_~4               ; |dec4to16|lpm_mux:Mux2|mux_joc:auto_generated|_~4               ; out0             ;
; |dec4to16|lpm_mux:Mux2|mux_joc:auto_generated|_~9               ; |dec4to16|lpm_mux:Mux2|mux_joc:auto_generated|_~9               ; out0             ;
; |dec4to16|lpm_mux:Mux2|mux_joc:auto_generated|_~11              ; |dec4to16|lpm_mux:Mux2|mux_joc:auto_generated|_~11              ; out0             ;
; |dec4to16|lpm_mux:Mux2|mux_joc:auto_generated|_~13              ; |dec4to16|lpm_mux:Mux2|mux_joc:auto_generated|_~13              ; out0             ;
; |dec4to16|lpm_mux:Mux2|mux_joc:auto_generated|_~19              ; |dec4to16|lpm_mux:Mux2|mux_joc:auto_generated|_~19              ; out0             ;
; |dec4to16|lpm_mux:Mux2|mux_joc:auto_generated|_~20              ; |dec4to16|lpm_mux:Mux2|mux_joc:auto_generated|_~20              ; out0             ;
; |dec4to16|lpm_mux:Mux2|mux_joc:auto_generated|_~21              ; |dec4to16|lpm_mux:Mux2|mux_joc:auto_generated|_~21              ; out0             ;
; |dec4to16|lpm_mux:Mux2|mux_joc:auto_generated|_~22              ; |dec4to16|lpm_mux:Mux2|mux_joc:auto_generated|_~22              ; out0             ;
; |dec4to16|lpm_mux:Mux2|mux_joc:auto_generated|_~24              ; |dec4to16|lpm_mux:Mux2|mux_joc:auto_generated|_~24              ; out0             ;
; |dec4to16|lpm_mux:Mux2|mux_joc:auto_generated|_~26              ; |dec4to16|lpm_mux:Mux2|mux_joc:auto_generated|_~26              ; out0             ;
; |dec4to16|lpm_mux:Mux2|mux_joc:auto_generated|_~31              ; |dec4to16|lpm_mux:Mux2|mux_joc:auto_generated|_~31              ; out0             ;
; |dec4to16|lpm_mux:Mux2|mux_joc:auto_generated|_~33              ; |dec4to16|lpm_mux:Mux2|mux_joc:auto_generated|_~33              ; out0             ;
; |dec4to16|lpm_mux:Mux2|mux_joc:auto_generated|_~35              ; |dec4to16|lpm_mux:Mux2|mux_joc:auto_generated|_~35              ; out0             ;
; |dec4to16|lpm_mux:Mux2|mux_joc:auto_generated|_~41              ; |dec4to16|lpm_mux:Mux2|mux_joc:auto_generated|_~41              ; out0             ;
; |dec4to16|lpm_mux:Mux2|mux_joc:auto_generated|_~42              ; |dec4to16|lpm_mux:Mux2|mux_joc:auto_generated|_~42              ; out0             ;
; |dec4to16|lpm_mux:Mux2|mux_joc:auto_generated|_~43              ; |dec4to16|lpm_mux:Mux2|mux_joc:auto_generated|_~43              ; out0             ;
; |dec4to16|lpm_mux:Mux2|mux_joc:auto_generated|_~44              ; |dec4to16|lpm_mux:Mux2|mux_joc:auto_generated|_~44              ; out0             ;
; |dec4to16|lpm_mux:Mux2|mux_joc:auto_generated|_~46              ; |dec4to16|lpm_mux:Mux2|mux_joc:auto_generated|_~46              ; out0             ;
; |dec4to16|lpm_mux:Mux2|mux_joc:auto_generated|_~47              ; |dec4to16|lpm_mux:Mux2|mux_joc:auto_generated|_~47              ; out0             ;
; |dec4to16|lpm_mux:Mux2|mux_joc:auto_generated|_~49              ; |dec4to16|lpm_mux:Mux2|mux_joc:auto_generated|_~49              ; out0             ;
; |dec4to16|lpm_mux:Mux2|mux_joc:auto_generated|_~51              ; |dec4to16|lpm_mux:Mux2|mux_joc:auto_generated|_~51              ; out0             ;
; |dec4to16|lpm_mux:Mux2|mux_joc:auto_generated|_~56              ; |dec4to16|lpm_mux:Mux2|mux_joc:auto_generated|_~56              ; out0             ;
; |dec4to16|lpm_mux:Mux2|mux_joc:auto_generated|_~58              ; |dec4to16|lpm_mux:Mux2|mux_joc:auto_generated|_~58              ; out0             ;
; |dec4to16|lpm_mux:Mux2|mux_joc:auto_generated|_~60              ; |dec4to16|lpm_mux:Mux2|mux_joc:auto_generated|_~60              ; out0             ;
; |dec4to16|lpm_mux:Mux2|mux_joc:auto_generated|_~66              ; |dec4to16|lpm_mux:Mux2|mux_joc:auto_generated|_~66              ; out0             ;
; |dec4to16|lpm_mux:Mux2|mux_joc:auto_generated|_~67              ; |dec4to16|lpm_mux:Mux2|mux_joc:auto_generated|_~67              ; out0             ;
; |dec4to16|lpm_mux:Mux2|mux_joc:auto_generated|_~69              ; |dec4to16|lpm_mux:Mux2|mux_joc:auto_generated|_~69              ; out0             ;
; |dec4to16|lpm_mux:Mux2|mux_joc:auto_generated|_~70              ; |dec4to16|lpm_mux:Mux2|mux_joc:auto_generated|_~70              ; out0             ;
; |dec4to16|lpm_mux:Mux2|mux_joc:auto_generated|_~71              ; |dec4to16|lpm_mux:Mux2|mux_joc:auto_generated|_~71              ; out0             ;
; |dec4to16|lpm_mux:Mux2|mux_joc:auto_generated|result_node[0]~0  ; |dec4to16|lpm_mux:Mux2|mux_joc:auto_generated|result_node[0]~0  ; out0             ;
; |dec4to16|lpm_mux:Mux2|mux_joc:auto_generated|_~72              ; |dec4to16|lpm_mux:Mux2|mux_joc:auto_generated|_~72              ; out0             ;
; |dec4to16|lpm_mux:Mux2|mux_joc:auto_generated|_~74              ; |dec4to16|lpm_mux:Mux2|mux_joc:auto_generated|_~74              ; out0             ;
; |dec4to16|lpm_mux:Mux2|mux_joc:auto_generated|_~76              ; |dec4to16|lpm_mux:Mux2|mux_joc:auto_generated|_~76              ; out0             ;
; |dec4to16|lpm_mux:Mux2|mux_joc:auto_generated|_~81              ; |dec4to16|lpm_mux:Mux2|mux_joc:auto_generated|_~81              ; out0             ;
; |dec4to16|lpm_mux:Mux2|mux_joc:auto_generated|_~83              ; |dec4to16|lpm_mux:Mux2|mux_joc:auto_generated|_~83              ; out0             ;
; |dec4to16|lpm_mux:Mux2|mux_joc:auto_generated|_~85              ; |dec4to16|lpm_mux:Mux2|mux_joc:auto_generated|_~85              ; out0             ;
; |dec4to16|lpm_mux:Mux2|mux_joc:auto_generated|_~91              ; |dec4to16|lpm_mux:Mux2|mux_joc:auto_generated|_~91              ; out0             ;
; |dec4to16|lpm_mux:Mux2|mux_joc:auto_generated|_~92              ; |dec4to16|lpm_mux:Mux2|mux_joc:auto_generated|_~92              ; out0             ;
; |dec4to16|lpm_mux:Mux2|mux_joc:auto_generated|_~93              ; |dec4to16|lpm_mux:Mux2|mux_joc:auto_generated|_~93              ; out0             ;
; |dec4to16|lpm_mux:Mux2|mux_joc:auto_generated|_~94              ; |dec4to16|lpm_mux:Mux2|mux_joc:auto_generated|_~94              ; out0             ;
; |dec4to16|lpm_mux:Mux2|mux_joc:auto_generated|_~96              ; |dec4to16|lpm_mux:Mux2|mux_joc:auto_generated|_~96              ; out0             ;
; |dec4to16|lpm_mux:Mux2|mux_joc:auto_generated|_~97              ; |dec4to16|lpm_mux:Mux2|mux_joc:auto_generated|_~97              ; out0             ;
; |dec4to16|lpm_mux:Mux2|mux_joc:auto_generated|_~99              ; |dec4to16|lpm_mux:Mux2|mux_joc:auto_generated|_~99              ; out0             ;
; |dec4to16|lpm_mux:Mux2|mux_joc:auto_generated|_~101             ; |dec4to16|lpm_mux:Mux2|mux_joc:auto_generated|_~101             ; out0             ;
; |dec4to16|lpm_mux:Mux2|mux_joc:auto_generated|_~106             ; |dec4to16|lpm_mux:Mux2|mux_joc:auto_generated|_~106             ; out0             ;
; |dec4to16|lpm_mux:Mux2|mux_joc:auto_generated|_~108             ; |dec4to16|lpm_mux:Mux2|mux_joc:auto_generated|_~108             ; out0             ;
; |dec4to16|lpm_mux:Mux2|mux_joc:auto_generated|_~110             ; |dec4to16|lpm_mux:Mux2|mux_joc:auto_generated|_~110             ; out0             ;
; |dec4to16|lpm_mux:Mux2|mux_joc:auto_generated|_~116             ; |dec4to16|lpm_mux:Mux2|mux_joc:auto_generated|_~116             ; out0             ;
; |dec4to16|lpm_mux:Mux2|mux_joc:auto_generated|_~117             ; |dec4to16|lpm_mux:Mux2|mux_joc:auto_generated|_~117             ; out0             ;
; |dec4to16|lpm_mux:Mux2|mux_joc:auto_generated|_~119             ; |dec4to16|lpm_mux:Mux2|mux_joc:auto_generated|_~119             ; out0             ;
; |dec4to16|lpm_mux:Mux2|mux_joc:auto_generated|_~120             ; |dec4to16|lpm_mux:Mux2|mux_joc:auto_generated|_~120             ; out0             ;
; |dec4to16|lpm_mux:Mux2|mux_joc:auto_generated|_~123             ; |dec4to16|lpm_mux:Mux2|mux_joc:auto_generated|_~123             ; out0             ;
; |dec4to16|lpm_mux:Mux2|mux_joc:auto_generated|_~125             ; |dec4to16|lpm_mux:Mux2|mux_joc:auto_generated|_~125             ; out0             ;
; |dec4to16|lpm_mux:Mux2|mux_joc:auto_generated|_~132             ; |dec4to16|lpm_mux:Mux2|mux_joc:auto_generated|_~132             ; out0             ;
; |dec4to16|lpm_mux:Mux2|mux_joc:auto_generated|_~134             ; |dec4to16|lpm_mux:Mux2|mux_joc:auto_generated|_~134             ; out0             ;
; |dec4to16|lpm_mux:Mux2|mux_joc:auto_generated|_~140             ; |dec4to16|lpm_mux:Mux2|mux_joc:auto_generated|_~140             ; out0             ;
; |dec4to16|lpm_mux:Mux2|mux_joc:auto_generated|result_node[0]~1  ; |dec4to16|lpm_mux:Mux2|mux_joc:auto_generated|result_node[0]~1  ; out0             ;
; |dec4to16|lpm_mux:Mux2|mux_joc:auto_generated|result_node[0]    ; |dec4to16|lpm_mux:Mux2|mux_joc:auto_generated|result_node[0]    ; out0             ;
; |dec4to16|lpm_mux:Mux1|mux_joc:auto_generated|_~0               ; |dec4to16|lpm_mux:Mux1|mux_joc:auto_generated|_~0               ; out0             ;
; |dec4to16|lpm_mux:Mux1|mux_joc:auto_generated|_~2               ; |dec4to16|lpm_mux:Mux1|mux_joc:auto_generated|_~2               ; out0             ;
; |dec4to16|lpm_mux:Mux1|mux_joc:auto_generated|_~4               ; |dec4to16|lpm_mux:Mux1|mux_joc:auto_generated|_~4               ; out0             ;
; |dec4to16|lpm_mux:Mux1|mux_joc:auto_generated|_~9               ; |dec4to16|lpm_mux:Mux1|mux_joc:auto_generated|_~9               ; out0             ;
; |dec4to16|lpm_mux:Mux1|mux_joc:auto_generated|_~11              ; |dec4to16|lpm_mux:Mux1|mux_joc:auto_generated|_~11              ; out0             ;
; |dec4to16|lpm_mux:Mux1|mux_joc:auto_generated|_~13              ; |dec4to16|lpm_mux:Mux1|mux_joc:auto_generated|_~13              ; out0             ;
; |dec4to16|lpm_mux:Mux1|mux_joc:auto_generated|_~19              ; |dec4to16|lpm_mux:Mux1|mux_joc:auto_generated|_~19              ; out0             ;
; |dec4to16|lpm_mux:Mux1|mux_joc:auto_generated|_~20              ; |dec4to16|lpm_mux:Mux1|mux_joc:auto_generated|_~20              ; out0             ;
; |dec4to16|lpm_mux:Mux1|mux_joc:auto_generated|_~21              ; |dec4to16|lpm_mux:Mux1|mux_joc:auto_generated|_~21              ; out0             ;
; |dec4to16|lpm_mux:Mux1|mux_joc:auto_generated|_~22              ; |dec4to16|lpm_mux:Mux1|mux_joc:auto_generated|_~22              ; out0             ;
; |dec4to16|lpm_mux:Mux1|mux_joc:auto_generated|_~24              ; |dec4to16|lpm_mux:Mux1|mux_joc:auto_generated|_~24              ; out0             ;
; |dec4to16|lpm_mux:Mux1|mux_joc:auto_generated|_~26              ; |dec4to16|lpm_mux:Mux1|mux_joc:auto_generated|_~26              ; out0             ;
; |dec4to16|lpm_mux:Mux1|mux_joc:auto_generated|_~31              ; |dec4to16|lpm_mux:Mux1|mux_joc:auto_generated|_~31              ; out0             ;
; |dec4to16|lpm_mux:Mux1|mux_joc:auto_generated|_~33              ; |dec4to16|lpm_mux:Mux1|mux_joc:auto_generated|_~33              ; out0             ;
; |dec4to16|lpm_mux:Mux1|mux_joc:auto_generated|_~35              ; |dec4to16|lpm_mux:Mux1|mux_joc:auto_generated|_~35              ; out0             ;
; |dec4to16|lpm_mux:Mux1|mux_joc:auto_generated|_~41              ; |dec4to16|lpm_mux:Mux1|mux_joc:auto_generated|_~41              ; out0             ;
; |dec4to16|lpm_mux:Mux1|mux_joc:auto_generated|_~42              ; |dec4to16|lpm_mux:Mux1|mux_joc:auto_generated|_~42              ; out0             ;
; |dec4to16|lpm_mux:Mux1|mux_joc:auto_generated|_~43              ; |dec4to16|lpm_mux:Mux1|mux_joc:auto_generated|_~43              ; out0             ;
; |dec4to16|lpm_mux:Mux1|mux_joc:auto_generated|_~44              ; |dec4to16|lpm_mux:Mux1|mux_joc:auto_generated|_~44              ; out0             ;
; |dec4to16|lpm_mux:Mux1|mux_joc:auto_generated|_~46              ; |dec4to16|lpm_mux:Mux1|mux_joc:auto_generated|_~46              ; out0             ;
; |dec4to16|lpm_mux:Mux1|mux_joc:auto_generated|_~47              ; |dec4to16|lpm_mux:Mux1|mux_joc:auto_generated|_~47              ; out0             ;
; |dec4to16|lpm_mux:Mux1|mux_joc:auto_generated|_~49              ; |dec4to16|lpm_mux:Mux1|mux_joc:auto_generated|_~49              ; out0             ;
; |dec4to16|lpm_mux:Mux1|mux_joc:auto_generated|_~51              ; |dec4to16|lpm_mux:Mux1|mux_joc:auto_generated|_~51              ; out0             ;
; |dec4to16|lpm_mux:Mux1|mux_joc:auto_generated|_~56              ; |dec4to16|lpm_mux:Mux1|mux_joc:auto_generated|_~56              ; out0             ;
; |dec4to16|lpm_mux:Mux1|mux_joc:auto_generated|_~58              ; |dec4to16|lpm_mux:Mux1|mux_joc:auto_generated|_~58              ; out0             ;
; |dec4to16|lpm_mux:Mux1|mux_joc:auto_generated|_~60              ; |dec4to16|lpm_mux:Mux1|mux_joc:auto_generated|_~60              ; out0             ;
; |dec4to16|lpm_mux:Mux1|mux_joc:auto_generated|_~66              ; |dec4to16|lpm_mux:Mux1|mux_joc:auto_generated|_~66              ; out0             ;
; |dec4to16|lpm_mux:Mux1|mux_joc:auto_generated|_~67              ; |dec4to16|lpm_mux:Mux1|mux_joc:auto_generated|_~67              ; out0             ;
; |dec4to16|lpm_mux:Mux1|mux_joc:auto_generated|_~69              ; |dec4to16|lpm_mux:Mux1|mux_joc:auto_generated|_~69              ; out0             ;
; |dec4to16|lpm_mux:Mux1|mux_joc:auto_generated|_~70              ; |dec4to16|lpm_mux:Mux1|mux_joc:auto_generated|_~70              ; out0             ;
; |dec4to16|lpm_mux:Mux1|mux_joc:auto_generated|_~71              ; |dec4to16|lpm_mux:Mux1|mux_joc:auto_generated|_~71              ; out0             ;
; |dec4to16|lpm_mux:Mux1|mux_joc:auto_generated|result_node[0]~0  ; |dec4to16|lpm_mux:Mux1|mux_joc:auto_generated|result_node[0]~0  ; out0             ;
; |dec4to16|lpm_mux:Mux1|mux_joc:auto_generated|_~72              ; |dec4to16|lpm_mux:Mux1|mux_joc:auto_generated|_~72              ; out0             ;
; |dec4to16|lpm_mux:Mux1|mux_joc:auto_generated|_~74              ; |dec4to16|lpm_mux:Mux1|mux_joc:auto_generated|_~74              ; out0             ;
; |dec4to16|lpm_mux:Mux1|mux_joc:auto_generated|_~76              ; |dec4to16|lpm_mux:Mux1|mux_joc:auto_generated|_~76              ; out0             ;
; |dec4to16|lpm_mux:Mux1|mux_joc:auto_generated|_~81              ; |dec4to16|lpm_mux:Mux1|mux_joc:auto_generated|_~81              ; out0             ;
; |dec4to16|lpm_mux:Mux1|mux_joc:auto_generated|_~83              ; |dec4to16|lpm_mux:Mux1|mux_joc:auto_generated|_~83              ; out0             ;
; |dec4to16|lpm_mux:Mux1|mux_joc:auto_generated|_~85              ; |dec4to16|lpm_mux:Mux1|mux_joc:auto_generated|_~85              ; out0             ;
; |dec4to16|lpm_mux:Mux1|mux_joc:auto_generated|_~91              ; |dec4to16|lpm_mux:Mux1|mux_joc:auto_generated|_~91              ; out0             ;
; |dec4to16|lpm_mux:Mux1|mux_joc:auto_generated|_~92              ; |dec4to16|lpm_mux:Mux1|mux_joc:auto_generated|_~92              ; out0             ;
; |dec4to16|lpm_mux:Mux1|mux_joc:auto_generated|_~93              ; |dec4to16|lpm_mux:Mux1|mux_joc:auto_generated|_~93              ; out0             ;
; |dec4to16|lpm_mux:Mux1|mux_joc:auto_generated|_~94              ; |dec4to16|lpm_mux:Mux1|mux_joc:auto_generated|_~94              ; out0             ;
; |dec4to16|lpm_mux:Mux1|mux_joc:auto_generated|_~96              ; |dec4to16|lpm_mux:Mux1|mux_joc:auto_generated|_~96              ; out0             ;
; |dec4to16|lpm_mux:Mux1|mux_joc:auto_generated|_~97              ; |dec4to16|lpm_mux:Mux1|mux_joc:auto_generated|_~97              ; out0             ;
; |dec4to16|lpm_mux:Mux1|mux_joc:auto_generated|_~99              ; |dec4to16|lpm_mux:Mux1|mux_joc:auto_generated|_~99              ; out0             ;
; |dec4to16|lpm_mux:Mux1|mux_joc:auto_generated|_~101             ; |dec4to16|lpm_mux:Mux1|mux_joc:auto_generated|_~101             ; out0             ;
; |dec4to16|lpm_mux:Mux1|mux_joc:auto_generated|_~106             ; |dec4to16|lpm_mux:Mux1|mux_joc:auto_generated|_~106             ; out0             ;
; |dec4to16|lpm_mux:Mux1|mux_joc:auto_generated|_~108             ; |dec4to16|lpm_mux:Mux1|mux_joc:auto_generated|_~108             ; out0             ;
; |dec4to16|lpm_mux:Mux1|mux_joc:auto_generated|_~110             ; |dec4to16|lpm_mux:Mux1|mux_joc:auto_generated|_~110             ; out0             ;
; |dec4to16|lpm_mux:Mux1|mux_joc:auto_generated|_~116             ; |dec4to16|lpm_mux:Mux1|mux_joc:auto_generated|_~116             ; out0             ;
; |dec4to16|lpm_mux:Mux1|mux_joc:auto_generated|_~117             ; |dec4to16|lpm_mux:Mux1|mux_joc:auto_generated|_~117             ; out0             ;
; |dec4to16|lpm_mux:Mux1|mux_joc:auto_generated|_~119             ; |dec4to16|lpm_mux:Mux1|mux_joc:auto_generated|_~119             ; out0             ;
; |dec4to16|lpm_mux:Mux1|mux_joc:auto_generated|_~120             ; |dec4to16|lpm_mux:Mux1|mux_joc:auto_generated|_~120             ; out0             ;
; |dec4to16|lpm_mux:Mux1|mux_joc:auto_generated|_~121             ; |dec4to16|lpm_mux:Mux1|mux_joc:auto_generated|_~121             ; out0             ;
; |dec4to16|lpm_mux:Mux1|mux_joc:auto_generated|_~123             ; |dec4to16|lpm_mux:Mux1|mux_joc:auto_generated|_~123             ; out0             ;
; |dec4to16|lpm_mux:Mux1|mux_joc:auto_generated|_~125             ; |dec4to16|lpm_mux:Mux1|mux_joc:auto_generated|_~125             ; out0             ;
; |dec4to16|lpm_mux:Mux1|mux_joc:auto_generated|_~126             ; |dec4to16|lpm_mux:Mux1|mux_joc:auto_generated|_~126             ; out0             ;
; |dec4to16|lpm_mux:Mux1|mux_joc:auto_generated|_~130             ; |dec4to16|lpm_mux:Mux1|mux_joc:auto_generated|_~130             ; out0             ;
; |dec4to16|lpm_mux:Mux1|mux_joc:auto_generated|_~132             ; |dec4to16|lpm_mux:Mux1|mux_joc:auto_generated|_~132             ; out0             ;
; |dec4to16|lpm_mux:Mux1|mux_joc:auto_generated|_~134             ; |dec4to16|lpm_mux:Mux1|mux_joc:auto_generated|_~134             ; out0             ;
; |dec4to16|lpm_mux:Mux1|mux_joc:auto_generated|_~135             ; |dec4to16|lpm_mux:Mux1|mux_joc:auto_generated|_~135             ; out0             ;
; |dec4to16|lpm_mux:Mux1|mux_joc:auto_generated|result_node[0]~1  ; |dec4to16|lpm_mux:Mux1|mux_joc:auto_generated|result_node[0]~1  ; out0             ;
; |dec4to16|lpm_mux:Mux1|mux_joc:auto_generated|result_node[0]    ; |dec4to16|lpm_mux:Mux1|mux_joc:auto_generated|result_node[0]    ; out0             ;
; |dec4to16|lpm_mux:Mux0|mux_joc:auto_generated|_~0               ; |dec4to16|lpm_mux:Mux0|mux_joc:auto_generated|_~0               ; out0             ;
; |dec4to16|lpm_mux:Mux0|mux_joc:auto_generated|_~2               ; |dec4to16|lpm_mux:Mux0|mux_joc:auto_generated|_~2               ; out0             ;
; |dec4to16|lpm_mux:Mux0|mux_joc:auto_generated|_~4               ; |dec4to16|lpm_mux:Mux0|mux_joc:auto_generated|_~4               ; out0             ;
; |dec4to16|lpm_mux:Mux0|mux_joc:auto_generated|_~9               ; |dec4to16|lpm_mux:Mux0|mux_joc:auto_generated|_~9               ; out0             ;
; |dec4to16|lpm_mux:Mux0|mux_joc:auto_generated|_~11              ; |dec4to16|lpm_mux:Mux0|mux_joc:auto_generated|_~11              ; out0             ;
; |dec4to16|lpm_mux:Mux0|mux_joc:auto_generated|_~13              ; |dec4to16|lpm_mux:Mux0|mux_joc:auto_generated|_~13              ; out0             ;
; |dec4to16|lpm_mux:Mux0|mux_joc:auto_generated|_~19              ; |dec4to16|lpm_mux:Mux0|mux_joc:auto_generated|_~19              ; out0             ;
; |dec4to16|lpm_mux:Mux0|mux_joc:auto_generated|_~20              ; |dec4to16|lpm_mux:Mux0|mux_joc:auto_generated|_~20              ; out0             ;
; |dec4to16|lpm_mux:Mux0|mux_joc:auto_generated|_~21              ; |dec4to16|lpm_mux:Mux0|mux_joc:auto_generated|_~21              ; out0             ;
; |dec4to16|lpm_mux:Mux0|mux_joc:auto_generated|_~22              ; |dec4to16|lpm_mux:Mux0|mux_joc:auto_generated|_~22              ; out0             ;
; |dec4to16|lpm_mux:Mux0|mux_joc:auto_generated|_~24              ; |dec4to16|lpm_mux:Mux0|mux_joc:auto_generated|_~24              ; out0             ;
; |dec4to16|lpm_mux:Mux0|mux_joc:auto_generated|_~26              ; |dec4to16|lpm_mux:Mux0|mux_joc:auto_generated|_~26              ; out0             ;
; |dec4to16|lpm_mux:Mux0|mux_joc:auto_generated|_~31              ; |dec4to16|lpm_mux:Mux0|mux_joc:auto_generated|_~31              ; out0             ;
; |dec4to16|lpm_mux:Mux0|mux_joc:auto_generated|_~33              ; |dec4to16|lpm_mux:Mux0|mux_joc:auto_generated|_~33              ; out0             ;
; |dec4to16|lpm_mux:Mux0|mux_joc:auto_generated|_~35              ; |dec4to16|lpm_mux:Mux0|mux_joc:auto_generated|_~35              ; out0             ;
; |dec4to16|lpm_mux:Mux0|mux_joc:auto_generated|_~41              ; |dec4to16|lpm_mux:Mux0|mux_joc:auto_generated|_~41              ; out0             ;
; |dec4to16|lpm_mux:Mux0|mux_joc:auto_generated|_~42              ; |dec4to16|lpm_mux:Mux0|mux_joc:auto_generated|_~42              ; out0             ;
; |dec4to16|lpm_mux:Mux0|mux_joc:auto_generated|_~43              ; |dec4to16|lpm_mux:Mux0|mux_joc:auto_generated|_~43              ; out0             ;
; |dec4to16|lpm_mux:Mux0|mux_joc:auto_generated|_~44              ; |dec4to16|lpm_mux:Mux0|mux_joc:auto_generated|_~44              ; out0             ;
; |dec4to16|lpm_mux:Mux0|mux_joc:auto_generated|_~46              ; |dec4to16|lpm_mux:Mux0|mux_joc:auto_generated|_~46              ; out0             ;
; |dec4to16|lpm_mux:Mux0|mux_joc:auto_generated|_~47              ; |dec4to16|lpm_mux:Mux0|mux_joc:auto_generated|_~47              ; out0             ;
; |dec4to16|lpm_mux:Mux0|mux_joc:auto_generated|_~49              ; |dec4to16|lpm_mux:Mux0|mux_joc:auto_generated|_~49              ; out0             ;
; |dec4to16|lpm_mux:Mux0|mux_joc:auto_generated|_~51              ; |dec4to16|lpm_mux:Mux0|mux_joc:auto_generated|_~51              ; out0             ;
; |dec4to16|lpm_mux:Mux0|mux_joc:auto_generated|_~56              ; |dec4to16|lpm_mux:Mux0|mux_joc:auto_generated|_~56              ; out0             ;
; |dec4to16|lpm_mux:Mux0|mux_joc:auto_generated|_~58              ; |dec4to16|lpm_mux:Mux0|mux_joc:auto_generated|_~58              ; out0             ;
; |dec4to16|lpm_mux:Mux0|mux_joc:auto_generated|_~60              ; |dec4to16|lpm_mux:Mux0|mux_joc:auto_generated|_~60              ; out0             ;
; |dec4to16|lpm_mux:Mux0|mux_joc:auto_generated|_~66              ; |dec4to16|lpm_mux:Mux0|mux_joc:auto_generated|_~66              ; out0             ;
; |dec4to16|lpm_mux:Mux0|mux_joc:auto_generated|_~67              ; |dec4to16|lpm_mux:Mux0|mux_joc:auto_generated|_~67              ; out0             ;
; |dec4to16|lpm_mux:Mux0|mux_joc:auto_generated|_~69              ; |dec4to16|lpm_mux:Mux0|mux_joc:auto_generated|_~69              ; out0             ;
; |dec4to16|lpm_mux:Mux0|mux_joc:auto_generated|_~70              ; |dec4to16|lpm_mux:Mux0|mux_joc:auto_generated|_~70              ; out0             ;
; |dec4to16|lpm_mux:Mux0|mux_joc:auto_generated|_~71              ; |dec4to16|lpm_mux:Mux0|mux_joc:auto_generated|_~71              ; out0             ;
; |dec4to16|lpm_mux:Mux0|mux_joc:auto_generated|result_node[0]~0  ; |dec4to16|lpm_mux:Mux0|mux_joc:auto_generated|result_node[0]~0  ; out0             ;
; |dec4to16|lpm_mux:Mux0|mux_joc:auto_generated|_~72              ; |dec4to16|lpm_mux:Mux0|mux_joc:auto_generated|_~72              ; out0             ;
; |dec4to16|lpm_mux:Mux0|mux_joc:auto_generated|_~74              ; |dec4to16|lpm_mux:Mux0|mux_joc:auto_generated|_~74              ; out0             ;
; |dec4to16|lpm_mux:Mux0|mux_joc:auto_generated|_~76              ; |dec4to16|lpm_mux:Mux0|mux_joc:auto_generated|_~76              ; out0             ;
; |dec4to16|lpm_mux:Mux0|mux_joc:auto_generated|_~81              ; |dec4to16|lpm_mux:Mux0|mux_joc:auto_generated|_~81              ; out0             ;
; |dec4to16|lpm_mux:Mux0|mux_joc:auto_generated|_~83              ; |dec4to16|lpm_mux:Mux0|mux_joc:auto_generated|_~83              ; out0             ;
; |dec4to16|lpm_mux:Mux0|mux_joc:auto_generated|_~85              ; |dec4to16|lpm_mux:Mux0|mux_joc:auto_generated|_~85              ; out0             ;
; |dec4to16|lpm_mux:Mux0|mux_joc:auto_generated|_~91              ; |dec4to16|lpm_mux:Mux0|mux_joc:auto_generated|_~91              ; out0             ;
; |dec4to16|lpm_mux:Mux0|mux_joc:auto_generated|_~92              ; |dec4to16|lpm_mux:Mux0|mux_joc:auto_generated|_~92              ; out0             ;
; |dec4to16|lpm_mux:Mux0|mux_joc:auto_generated|_~93              ; |dec4to16|lpm_mux:Mux0|mux_joc:auto_generated|_~93              ; out0             ;
; |dec4to16|lpm_mux:Mux0|mux_joc:auto_generated|_~94              ; |dec4to16|lpm_mux:Mux0|mux_joc:auto_generated|_~94              ; out0             ;
; |dec4to16|lpm_mux:Mux0|mux_joc:auto_generated|_~96              ; |dec4to16|lpm_mux:Mux0|mux_joc:auto_generated|_~96              ; out0             ;
; |dec4to16|lpm_mux:Mux0|mux_joc:auto_generated|_~97              ; |dec4to16|lpm_mux:Mux0|mux_joc:auto_generated|_~97              ; out0             ;
; |dec4to16|lpm_mux:Mux0|mux_joc:auto_generated|_~99              ; |dec4to16|lpm_mux:Mux0|mux_joc:auto_generated|_~99              ; out0             ;
; |dec4to16|lpm_mux:Mux0|mux_joc:auto_generated|_~101             ; |dec4to16|lpm_mux:Mux0|mux_joc:auto_generated|_~101             ; out0             ;
; |dec4to16|lpm_mux:Mux0|mux_joc:auto_generated|_~106             ; |dec4to16|lpm_mux:Mux0|mux_joc:auto_generated|_~106             ; out0             ;
; |dec4to16|lpm_mux:Mux0|mux_joc:auto_generated|_~108             ; |dec4to16|lpm_mux:Mux0|mux_joc:auto_generated|_~108             ; out0             ;
; |dec4to16|lpm_mux:Mux0|mux_joc:auto_generated|_~110             ; |dec4to16|lpm_mux:Mux0|mux_joc:auto_generated|_~110             ; out0             ;
; |dec4to16|lpm_mux:Mux0|mux_joc:auto_generated|_~116             ; |dec4to16|lpm_mux:Mux0|mux_joc:auto_generated|_~116             ; out0             ;
; |dec4to16|lpm_mux:Mux0|mux_joc:auto_generated|_~117             ; |dec4to16|lpm_mux:Mux0|mux_joc:auto_generated|_~117             ; out0             ;
; |dec4to16|lpm_mux:Mux0|mux_joc:auto_generated|_~119             ; |dec4to16|lpm_mux:Mux0|mux_joc:auto_generated|_~119             ; out0             ;
; |dec4to16|lpm_mux:Mux0|mux_joc:auto_generated|_~120             ; |dec4to16|lpm_mux:Mux0|mux_joc:auto_generated|_~120             ; out0             ;
; |dec4to16|lpm_mux:Mux0|mux_joc:auto_generated|_~121             ; |dec4to16|lpm_mux:Mux0|mux_joc:auto_generated|_~121             ; out0             ;
; |dec4to16|lpm_mux:Mux0|mux_joc:auto_generated|_~123             ; |dec4to16|lpm_mux:Mux0|mux_joc:auto_generated|_~123             ; out0             ;
; |dec4to16|lpm_mux:Mux0|mux_joc:auto_generated|_~125             ; |dec4to16|lpm_mux:Mux0|mux_joc:auto_generated|_~125             ; out0             ;
; |dec4to16|lpm_mux:Mux0|mux_joc:auto_generated|_~130             ; |dec4to16|lpm_mux:Mux0|mux_joc:auto_generated|_~130             ; out0             ;
; |dec4to16|lpm_mux:Mux0|mux_joc:auto_generated|_~132             ; |dec4to16|lpm_mux:Mux0|mux_joc:auto_generated|_~132             ; out0             ;
; |dec4to16|lpm_mux:Mux0|mux_joc:auto_generated|_~134             ; |dec4to16|lpm_mux:Mux0|mux_joc:auto_generated|_~134             ; out0             ;
; |dec4to16|lpm_mux:Mux0|mux_joc:auto_generated|_~139             ; |dec4to16|lpm_mux:Mux0|mux_joc:auto_generated|_~139             ; out0             ;
; |dec4to16|lpm_mux:Mux0|mux_joc:auto_generated|result_node[0]~1  ; |dec4to16|lpm_mux:Mux0|mux_joc:auto_generated|result_node[0]~1  ; out0             ;
; |dec4to16|lpm_mux:Mux0|mux_joc:auto_generated|result_node[0]    ; |dec4to16|lpm_mux:Mux0|mux_joc:auto_generated|result_node[0]    ; out0             ;
+-----------------------------------------------------------------+-----------------------------------------------------------------+------------------+


The following table displays output ports that do not toggle to 0 during simulation.
+------------------------------------------------------------------------------------------------------------------------------------------------------+
; Missing 0-Value Coverage                                                                                                                             ;
+-----------------------------------------------------------------+-----------------------------------------------------------------+------------------+
; Node Name                                                       ; Output Port Name                                                ; Output Port Type ;
+-----------------------------------------------------------------+-----------------------------------------------------------------+------------------+
; |dec4to16|Y~0                                                   ; |dec4to16|Y~0                                                   ; out              ;
; |dec4to16|Y~1                                                   ; |dec4to16|Y~1                                                   ; out              ;
; |dec4to16|Y~2                                                   ; |dec4to16|Y~2                                                   ; out              ;
; |dec4to16|Y~3                                                   ; |dec4to16|Y~3                                                   ; out              ;
; |dec4to16|Y~5                                                   ; |dec4to16|Y~5                                                   ; out              ;
; |dec4to16|Y~6                                                   ; |dec4to16|Y~6                                                   ; out              ;
; |dec4to16|Y~7                                                   ; |dec4to16|Y~7                                                   ; out              ;
; |dec4to16|A[3]                                                  ; |dec4to16|A[3]                                                  ; out              ;
; |dec4to16|En                                                    ; |dec4to16|En                                                    ; out              ;
; |dec4to16|Y[8]                                                  ; |dec4to16|Y[8]                                                  ; pin_out          ;
; |dec4to16|Y[9]                                                  ; |dec4to16|Y[9]                                                  ; pin_out          ;
; |dec4to16|Y[10]                                                 ; |dec4to16|Y[10]                                                 ; pin_out          ;
; |dec4to16|Y[12]                                                 ; |dec4to16|Y[12]                                                 ; pin_out          ;
; |dec4to16|Y[13]                                                 ; |dec4to16|Y[13]                                                 ; pin_out          ;
; |dec4to16|Y[14]                                                 ; |dec4to16|Y[14]                                                 ; pin_out          ;
; |dec4to16|Y[15]                                                 ; |dec4to16|Y[15]                                                 ; pin_out          ;
; |dec4to16|lpm_mux:Mux15|mux_joc:auto_generated|_~0              ; |dec4to16|lpm_mux:Mux15|mux_joc:auto_generated|_~0              ; out0             ;
; |dec4to16|lpm_mux:Mux15|mux_joc:auto_generated|_~2              ; |dec4to16|lpm_mux:Mux15|mux_joc:auto_generated|_~2              ; out0             ;
; |dec4to16|lpm_mux:Mux15|mux_joc:auto_generated|_~4              ; |dec4to16|lpm_mux:Mux15|mux_joc:auto_generated|_~4              ; out0             ;
; |dec4to16|lpm_mux:Mux15|mux_joc:auto_generated|_~9              ; |dec4to16|lpm_mux:Mux15|mux_joc:auto_generated|_~9              ; out0             ;
; |dec4to16|lpm_mux:Mux15|mux_joc:auto_generated|_~11             ; |dec4to16|lpm_mux:Mux15|mux_joc:auto_generated|_~11             ; out0             ;
; |dec4to16|lpm_mux:Mux15|mux_joc:auto_generated|_~13             ; |dec4to16|lpm_mux:Mux15|mux_joc:auto_generated|_~13             ; out0             ;
; |dec4to16|lpm_mux:Mux15|mux_joc:auto_generated|_~19             ; |dec4to16|lpm_mux:Mux15|mux_joc:auto_generated|_~19             ; out0             ;
; |dec4to16|lpm_mux:Mux15|mux_joc:auto_generated|_~20             ; |dec4to16|lpm_mux:Mux15|mux_joc:auto_generated|_~20             ; out0             ;
; |dec4to16|lpm_mux:Mux15|mux_joc:auto_generated|_~21             ; |dec4to16|lpm_mux:Mux15|mux_joc:auto_generated|_~21             ; out0             ;
; |dec4to16|lpm_mux:Mux15|mux_joc:auto_generated|_~22             ; |dec4to16|lpm_mux:Mux15|mux_joc:auto_generated|_~22             ; out0             ;
; |dec4to16|lpm_mux:Mux15|mux_joc:auto_generated|_~31             ; |dec4to16|lpm_mux:Mux15|mux_joc:auto_generated|_~31             ; out0             ;
; |dec4to16|lpm_mux:Mux15|mux_joc:auto_generated|_~47             ; |dec4to16|lpm_mux:Mux15|mux_joc:auto_generated|_~47             ; out0             ;
; |dec4to16|lpm_mux:Mux15|mux_joc:auto_generated|_~49             ; |dec4to16|lpm_mux:Mux15|mux_joc:auto_generated|_~49             ; out0             ;
; |dec4to16|lpm_mux:Mux15|mux_joc:auto_generated|_~51             ; |dec4to16|lpm_mux:Mux15|mux_joc:auto_generated|_~51             ; out0             ;
; |dec4to16|lpm_mux:Mux15|mux_joc:auto_generated|_~56             ; |dec4to16|lpm_mux:Mux15|mux_joc:auto_generated|_~56             ; out0             ;
; |dec4to16|lpm_mux:Mux15|mux_joc:auto_generated|_~58             ; |dec4to16|lpm_mux:Mux15|mux_joc:auto_generated|_~58             ; out0             ;
; |dec4to16|lpm_mux:Mux15|mux_joc:auto_generated|_~60             ; |dec4to16|lpm_mux:Mux15|mux_joc:auto_generated|_~60             ; out0             ;
; |dec4to16|lpm_mux:Mux15|mux_joc:auto_generated|_~66             ; |dec4to16|lpm_mux:Mux15|mux_joc:auto_generated|_~66             ; out0             ;
; |dec4to16|lpm_mux:Mux15|mux_joc:auto_generated|_~67             ; |dec4to16|lpm_mux:Mux15|mux_joc:auto_generated|_~67             ; out0             ;
; |dec4to16|lpm_mux:Mux15|mux_joc:auto_generated|_~69             ; |dec4to16|lpm_mux:Mux15|mux_joc:auto_generated|_~69             ; out0             ;
; |dec4to16|lpm_mux:Mux15|mux_joc:auto_generated|result_node[0]~0 ; |dec4to16|lpm_mux:Mux15|mux_joc:auto_generated|result_node[0]~0 ; out0             ;
; |dec4to16|lpm_mux:Mux15|mux_joc:auto_generated|_~72             ; |dec4to16|lpm_mux:Mux15|mux_joc:auto_generated|_~72             ; out0             ;
; |dec4to16|lpm_mux:Mux15|mux_joc:auto_generated|_~81             ; |dec4to16|lpm_mux:Mux15|mux_joc:auto_generated|_~81             ; out0             ;
; |dec4to16|lpm_mux:Mux15|mux_joc:auto_generated|_~97             ; |dec4to16|lpm_mux:Mux15|mux_joc:auto_generated|_~97             ; out0             ;
; |dec4to16|lpm_mux:Mux15|mux_joc:auto_generated|_~99             ; |dec4to16|lpm_mux:Mux15|mux_joc:auto_generated|_~99             ; out0             ;
; |dec4to16|lpm_mux:Mux15|mux_joc:auto_generated|_~101            ; |dec4to16|lpm_mux:Mux15|mux_joc:auto_generated|_~101            ; out0             ;
; |dec4to16|lpm_mux:Mux15|mux_joc:auto_generated|_~106            ; |dec4to16|lpm_mux:Mux15|mux_joc:auto_generated|_~106            ; out0             ;
; |dec4to16|lpm_mux:Mux15|mux_joc:auto_generated|_~108            ; |dec4to16|lpm_mux:Mux15|mux_joc:auto_generated|_~108            ; out0             ;
; |dec4to16|lpm_mux:Mux15|mux_joc:auto_generated|_~110            ; |dec4to16|lpm_mux:Mux15|mux_joc:auto_generated|_~110            ; out0             ;
; |dec4to16|lpm_mux:Mux15|mux_joc:auto_generated|_~116            ; |dec4to16|lpm_mux:Mux15|mux_joc:auto_generated|_~116            ; out0             ;
; |dec4to16|lpm_mux:Mux15|mux_joc:auto_generated|_~117            ; |dec4to16|lpm_mux:Mux15|mux_joc:auto_generated|_~117            ; out0             ;
; |dec4to16|lpm_mux:Mux15|mux_joc:auto_generated|_~119            ; |dec4to16|lpm_mux:Mux15|mux_joc:auto_generated|_~119            ; out0             ;
; |dec4to16|lpm_mux:Mux15|mux_joc:auto_generated|_~121            ; |dec4to16|lpm_mux:Mux15|mux_joc:auto_generated|_~121            ; out0             ;
; |dec4to16|lpm_mux:Mux15|mux_joc:auto_generated|_~123            ; |dec4to16|lpm_mux:Mux15|mux_joc:auto_generated|_~123            ; out0             ;
; |dec4to16|lpm_mux:Mux15|mux_joc:auto_generated|_~125            ; |dec4to16|lpm_mux:Mux15|mux_joc:auto_generated|_~125            ; out0             ;
; |dec4to16|lpm_mux:Mux15|mux_joc:auto_generated|_~130            ; |dec4to16|lpm_mux:Mux15|mux_joc:auto_generated|_~130            ; out0             ;
; |dec4to16|lpm_mux:Mux15|mux_joc:auto_generated|_~132            ; |dec4to16|lpm_mux:Mux15|mux_joc:auto_generated|_~132            ; out0             ;
; |dec4to16|lpm_mux:Mux15|mux_joc:auto_generated|_~134            ; |dec4to16|lpm_mux:Mux15|mux_joc:auto_generated|_~134            ; out0             ;
; |dec4to16|lpm_mux:Mux15|mux_joc:auto_generated|_~140            ; |dec4to16|lpm_mux:Mux15|mux_joc:auto_generated|_~140            ; out0             ;
; |dec4to16|lpm_mux:Mux15|mux_joc:auto_generated|_~141            ; |dec4to16|lpm_mux:Mux15|mux_joc:auto_generated|_~141            ; out0             ;
; |dec4to16|lpm_mux:Mux14|mux_joc:auto_generated|_~0              ; |dec4to16|lpm_mux:Mux14|mux_joc:auto_generated|_~0              ; out0             ;
; |dec4to16|lpm_mux:Mux14|mux_joc:auto_generated|_~2              ; |dec4to16|lpm_mux:Mux14|mux_joc:auto_generated|_~2              ; out0             ;
; |dec4to16|lpm_mux:Mux14|mux_joc:auto_generated|_~4              ; |dec4to16|lpm_mux:Mux14|mux_joc:auto_generated|_~4              ; out0             ;
; |dec4to16|lpm_mux:Mux14|mux_joc:auto_generated|_~9              ; |dec4to16|lpm_mux:Mux14|mux_joc:auto_generated|_~9              ; out0             ;
; |dec4to16|lpm_mux:Mux14|mux_joc:auto_generated|_~11             ; |dec4to16|lpm_mux:Mux14|mux_joc:auto_generated|_~11             ; out0             ;
; |dec4to16|lpm_mux:Mux14|mux_joc:auto_generated|_~13             ; |dec4to16|lpm_mux:Mux14|mux_joc:auto_generated|_~13             ; out0             ;
; |dec4to16|lpm_mux:Mux14|mux_joc:auto_generated|_~19             ; |dec4to16|lpm_mux:Mux14|mux_joc:auto_generated|_~19             ; out0             ;
; |dec4to16|lpm_mux:Mux14|mux_joc:auto_generated|_~20             ; |dec4to16|lpm_mux:Mux14|mux_joc:auto_generated|_~20             ; out0             ;
; |dec4to16|lpm_mux:Mux14|mux_joc:auto_generated|_~21             ; |dec4to16|lpm_mux:Mux14|mux_joc:auto_generated|_~21             ; out0             ;
; |dec4to16|lpm_mux:Mux14|mux_joc:auto_generated|_~24             ; |dec4to16|lpm_mux:Mux14|mux_joc:auto_generated|_~24             ; out0             ;
; |dec4to16|lpm_mux:Mux14|mux_joc:auto_generated|_~26             ; |dec4to16|lpm_mux:Mux14|mux_joc:auto_generated|_~26             ; out0             ;
; |dec4to16|lpm_mux:Mux14|mux_joc:auto_generated|_~33             ; |dec4to16|lpm_mux:Mux14|mux_joc:auto_generated|_~33             ; out0             ;
; |dec4to16|lpm_mux:Mux14|mux_joc:auto_generated|_~35             ; |dec4to16|lpm_mux:Mux14|mux_joc:auto_generated|_~35             ; out0             ;
; |dec4to16|lpm_mux:Mux14|mux_joc:auto_generated|_~41             ; |dec4to16|lpm_mux:Mux14|mux_joc:auto_generated|_~41             ; out0             ;
; |dec4to16|lpm_mux:Mux14|mux_joc:auto_generated|_~47             ; |dec4to16|lpm_mux:Mux14|mux_joc:auto_generated|_~47             ; out0             ;
; |dec4to16|lpm_mux:Mux14|mux_joc:auto_generated|_~49             ; |dec4to16|lpm_mux:Mux14|mux_joc:auto_generated|_~49             ; out0             ;
; |dec4to16|lpm_mux:Mux14|mux_joc:auto_generated|_~51             ; |dec4to16|lpm_mux:Mux14|mux_joc:auto_generated|_~51             ; out0             ;
; |dec4to16|lpm_mux:Mux14|mux_joc:auto_generated|_~56             ; |dec4to16|lpm_mux:Mux14|mux_joc:auto_generated|_~56             ; out0             ;
; |dec4to16|lpm_mux:Mux14|mux_joc:auto_generated|_~58             ; |dec4to16|lpm_mux:Mux14|mux_joc:auto_generated|_~58             ; out0             ;
; |dec4to16|lpm_mux:Mux14|mux_joc:auto_generated|_~60             ; |dec4to16|lpm_mux:Mux14|mux_joc:auto_generated|_~60             ; out0             ;
; |dec4to16|lpm_mux:Mux14|mux_joc:auto_generated|_~66             ; |dec4to16|lpm_mux:Mux14|mux_joc:auto_generated|_~66             ; out0             ;
; |dec4to16|lpm_mux:Mux14|mux_joc:auto_generated|_~67             ; |dec4to16|lpm_mux:Mux14|mux_joc:auto_generated|_~67             ; out0             ;
; |dec4to16|lpm_mux:Mux14|mux_joc:auto_generated|_~69             ; |dec4to16|lpm_mux:Mux14|mux_joc:auto_generated|_~69             ; out0             ;
; |dec4to16|lpm_mux:Mux14|mux_joc:auto_generated|result_node[0]~0 ; |dec4to16|lpm_mux:Mux14|mux_joc:auto_generated|result_node[0]~0 ; out0             ;
; |dec4to16|lpm_mux:Mux14|mux_joc:auto_generated|_~74             ; |dec4to16|lpm_mux:Mux14|mux_joc:auto_generated|_~74             ; out0             ;
; |dec4to16|lpm_mux:Mux14|mux_joc:auto_generated|_~76             ; |dec4to16|lpm_mux:Mux14|mux_joc:auto_generated|_~76             ; out0             ;
; |dec4to16|lpm_mux:Mux14|mux_joc:auto_generated|_~83             ; |dec4to16|lpm_mux:Mux14|mux_joc:auto_generated|_~83             ; out0             ;
; |dec4to16|lpm_mux:Mux14|mux_joc:auto_generated|_~85             ; |dec4to16|lpm_mux:Mux14|mux_joc:auto_generated|_~85             ; out0             ;
; |dec4to16|lpm_mux:Mux14|mux_joc:auto_generated|_~91             ; |dec4to16|lpm_mux:Mux14|mux_joc:auto_generated|_~91             ; out0             ;
; |dec4to16|lpm_mux:Mux14|mux_joc:auto_generated|_~97             ; |dec4to16|lpm_mux:Mux14|mux_joc:auto_generated|_~97             ; out0             ;
; |dec4to16|lpm_mux:Mux14|mux_joc:auto_generated|_~99             ; |dec4to16|lpm_mux:Mux14|mux_joc:auto_generated|_~99             ; out0             ;
; |dec4to16|lpm_mux:Mux14|mux_joc:auto_generated|_~101            ; |dec4to16|lpm_mux:Mux14|mux_joc:auto_generated|_~101            ; out0             ;
; |dec4to16|lpm_mux:Mux14|mux_joc:auto_generated|_~106            ; |dec4to16|lpm_mux:Mux14|mux_joc:auto_generated|_~106            ; out0             ;
; |dec4to16|lpm_mux:Mux14|mux_joc:auto_generated|_~108            ; |dec4to16|lpm_mux:Mux14|mux_joc:auto_generated|_~108            ; out0             ;
; |dec4to16|lpm_mux:Mux14|mux_joc:auto_generated|_~110            ; |dec4to16|lpm_mux:Mux14|mux_joc:auto_generated|_~110            ; out0             ;
; |dec4to16|lpm_mux:Mux14|mux_joc:auto_generated|_~116            ; |dec4to16|lpm_mux:Mux14|mux_joc:auto_generated|_~116            ; out0             ;
; |dec4to16|lpm_mux:Mux14|mux_joc:auto_generated|_~117            ; |dec4to16|lpm_mux:Mux14|mux_joc:auto_generated|_~117            ; out0             ;
; |dec4to16|lpm_mux:Mux14|mux_joc:auto_generated|_~119            ; |dec4to16|lpm_mux:Mux14|mux_joc:auto_generated|_~119            ; out0             ;
; |dec4to16|lpm_mux:Mux14|mux_joc:auto_generated|_~121            ; |dec4to16|lpm_mux:Mux14|mux_joc:auto_generated|_~121            ; out0             ;
; |dec4to16|lpm_mux:Mux14|mux_joc:auto_generated|_~123            ; |dec4to16|lpm_mux:Mux14|mux_joc:auto_generated|_~123            ; out0             ;
; |dec4to16|lpm_mux:Mux14|mux_joc:auto_generated|_~125            ; |dec4to16|lpm_mux:Mux14|mux_joc:auto_generated|_~125            ; out0             ;
; |dec4to16|lpm_mux:Mux14|mux_joc:auto_generated|_~130            ; |dec4to16|lpm_mux:Mux14|mux_joc:auto_generated|_~130            ; out0             ;
; |dec4to16|lpm_mux:Mux14|mux_joc:auto_generated|_~132            ; |dec4to16|lpm_mux:Mux14|mux_joc:auto_generated|_~132            ; out0             ;
; |dec4to16|lpm_mux:Mux14|mux_joc:auto_generated|_~134            ; |dec4to16|lpm_mux:Mux14|mux_joc:auto_generated|_~134            ; out0             ;
; |dec4to16|lpm_mux:Mux14|mux_joc:auto_generated|_~140            ; |dec4to16|lpm_mux:Mux14|mux_joc:auto_generated|_~140            ; out0             ;
; |dec4to16|lpm_mux:Mux14|mux_joc:auto_generated|_~141            ; |dec4to16|lpm_mux:Mux14|mux_joc:auto_generated|_~141            ; out0             ;
; |dec4to16|lpm_mux:Mux13|mux_joc:auto_generated|_~0              ; |dec4to16|lpm_mux:Mux13|mux_joc:auto_generated|_~0              ; out0             ;
; |dec4to16|lpm_mux:Mux13|mux_joc:auto_generated|_~2              ; |dec4to16|lpm_mux:Mux13|mux_joc:auto_generated|_~2              ; out0             ;
; |dec4to16|lpm_mux:Mux13|mux_joc:auto_generated|_~4              ; |dec4to16|lpm_mux:Mux13|mux_joc:auto_generated|_~4              ; out0             ;
; |dec4to16|lpm_mux:Mux13|mux_joc:auto_generated|_~9              ; |dec4to16|lpm_mux:Mux13|mux_joc:auto_generated|_~9              ; out0             ;
; |dec4to16|lpm_mux:Mux13|mux_joc:auto_generated|_~11             ; |dec4to16|lpm_mux:Mux13|mux_joc:auto_generated|_~11             ; out0             ;
; |dec4to16|lpm_mux:Mux13|mux_joc:auto_generated|_~13             ; |dec4to16|lpm_mux:Mux13|mux_joc:auto_generated|_~13             ; out0             ;
; |dec4to16|lpm_mux:Mux13|mux_joc:auto_generated|_~19             ; |dec4to16|lpm_mux:Mux13|mux_joc:auto_generated|_~19             ; out0             ;
; |dec4to16|lpm_mux:Mux13|mux_joc:auto_generated|_~20             ; |dec4to16|lpm_mux:Mux13|mux_joc:auto_generated|_~20             ; out0             ;
; |dec4to16|lpm_mux:Mux13|mux_joc:auto_generated|_~21             ; |dec4to16|lpm_mux:Mux13|mux_joc:auto_generated|_~21             ; out0             ;
; |dec4to16|lpm_mux:Mux13|mux_joc:auto_generated|_~22             ; |dec4to16|lpm_mux:Mux13|mux_joc:auto_generated|_~22             ; out0             ;
; |dec4to16|lpm_mux:Mux13|mux_joc:auto_generated|_~24             ; |dec4to16|lpm_mux:Mux13|mux_joc:auto_generated|_~24             ; out0             ;
; |dec4to16|lpm_mux:Mux13|mux_joc:auto_generated|_~26             ; |dec4to16|lpm_mux:Mux13|mux_joc:auto_generated|_~26             ; out0             ;
; |dec4to16|lpm_mux:Mux13|mux_joc:auto_generated|_~27             ; |dec4to16|lpm_mux:Mux13|mux_joc:auto_generated|_~27             ; out0             ;
; |dec4to16|lpm_mux:Mux13|mux_joc:auto_generated|_~31             ; |dec4to16|lpm_mux:Mux13|mux_joc:auto_generated|_~31             ; out0             ;
; |dec4to16|lpm_mux:Mux13|mux_joc:auto_generated|_~33             ; |dec4to16|lpm_mux:Mux13|mux_joc:auto_generated|_~33             ; out0             ;
; |dec4to16|lpm_mux:Mux13|mux_joc:auto_generated|_~35             ; |dec4to16|lpm_mux:Mux13|mux_joc:auto_generated|_~35             ; out0             ;
; |dec4to16|lpm_mux:Mux13|mux_joc:auto_generated|_~36             ; |dec4to16|lpm_mux:Mux13|mux_joc:auto_generated|_~36             ; out0             ;
; |dec4to16|lpm_mux:Mux13|mux_joc:auto_generated|_~47             ; |dec4to16|lpm_mux:Mux13|mux_joc:auto_generated|_~47             ; out0             ;
; |dec4to16|lpm_mux:Mux13|mux_joc:auto_generated|_~49             ; |dec4to16|lpm_mux:Mux13|mux_joc:auto_generated|_~49             ; out0             ;
; |dec4to16|lpm_mux:Mux13|mux_joc:auto_generated|_~51             ; |dec4to16|lpm_mux:Mux13|mux_joc:auto_generated|_~51             ; out0             ;
; |dec4to16|lpm_mux:Mux13|mux_joc:auto_generated|_~56             ; |dec4to16|lpm_mux:Mux13|mux_joc:auto_generated|_~56             ; out0             ;
; |dec4to16|lpm_mux:Mux13|mux_joc:auto_generated|_~58             ; |dec4to16|lpm_mux:Mux13|mux_joc:auto_generated|_~58             ; out0             ;
; |dec4to16|lpm_mux:Mux13|mux_joc:auto_generated|_~60             ; |dec4to16|lpm_mux:Mux13|mux_joc:auto_generated|_~60             ; out0             ;
; |dec4to16|lpm_mux:Mux13|mux_joc:auto_generated|_~66             ; |dec4to16|lpm_mux:Mux13|mux_joc:auto_generated|_~66             ; out0             ;
; |dec4to16|lpm_mux:Mux13|mux_joc:auto_generated|_~67             ; |dec4to16|lpm_mux:Mux13|mux_joc:auto_generated|_~67             ; out0             ;
; |dec4to16|lpm_mux:Mux13|mux_joc:auto_generated|_~69             ; |dec4to16|lpm_mux:Mux13|mux_joc:auto_generated|_~69             ; out0             ;
; |dec4to16|lpm_mux:Mux13|mux_joc:auto_generated|result_node[0]~0 ; |dec4to16|lpm_mux:Mux13|mux_joc:auto_generated|result_node[0]~0 ; out0             ;
; |dec4to16|lpm_mux:Mux13|mux_joc:auto_generated|_~72             ; |dec4to16|lpm_mux:Mux13|mux_joc:auto_generated|_~72             ; out0             ;
; |dec4to16|lpm_mux:Mux13|mux_joc:auto_generated|_~74             ; |dec4to16|lpm_mux:Mux13|mux_joc:auto_generated|_~74             ; out0             ;
; |dec4to16|lpm_mux:Mux13|mux_joc:auto_generated|_~76             ; |dec4to16|lpm_mux:Mux13|mux_joc:auto_generated|_~76             ; out0             ;
; |dec4to16|lpm_mux:Mux13|mux_joc:auto_generated|_~77             ; |dec4to16|lpm_mux:Mux13|mux_joc:auto_generated|_~77             ; out0             ;
; |dec4to16|lpm_mux:Mux13|mux_joc:auto_generated|_~81             ; |dec4to16|lpm_mux:Mux13|mux_joc:auto_generated|_~81             ; out0             ;
; |dec4to16|lpm_mux:Mux13|mux_joc:auto_generated|_~83             ; |dec4to16|lpm_mux:Mux13|mux_joc:auto_generated|_~83             ; out0             ;
; |dec4to16|lpm_mux:Mux13|mux_joc:auto_generated|_~85             ; |dec4to16|lpm_mux:Mux13|mux_joc:auto_generated|_~85             ; out0             ;
; |dec4to16|lpm_mux:Mux13|mux_joc:auto_generated|_~86             ; |dec4to16|lpm_mux:Mux13|mux_joc:auto_generated|_~86             ; out0             ;
; |dec4to16|lpm_mux:Mux13|mux_joc:auto_generated|_~97             ; |dec4to16|lpm_mux:Mux13|mux_joc:auto_generated|_~97             ; out0             ;
; |dec4to16|lpm_mux:Mux13|mux_joc:auto_generated|_~99             ; |dec4to16|lpm_mux:Mux13|mux_joc:auto_generated|_~99             ; out0             ;
; |dec4to16|lpm_mux:Mux13|mux_joc:auto_generated|_~101            ; |dec4to16|lpm_mux:Mux13|mux_joc:auto_generated|_~101            ; out0             ;
; |dec4to16|lpm_mux:Mux13|mux_joc:auto_generated|_~106            ; |dec4to16|lpm_mux:Mux13|mux_joc:auto_generated|_~106            ; out0             ;
; |dec4to16|lpm_mux:Mux13|mux_joc:auto_generated|_~108            ; |dec4to16|lpm_mux:Mux13|mux_joc:auto_generated|_~108            ; out0             ;
; |dec4to16|lpm_mux:Mux13|mux_joc:auto_generated|_~110            ; |dec4to16|lpm_mux:Mux13|mux_joc:auto_generated|_~110            ; out0             ;
; |dec4to16|lpm_mux:Mux13|mux_joc:auto_generated|_~116            ; |dec4to16|lpm_mux:Mux13|mux_joc:auto_generated|_~116            ; out0             ;
; |dec4to16|lpm_mux:Mux13|mux_joc:auto_generated|_~117            ; |dec4to16|lpm_mux:Mux13|mux_joc:auto_generated|_~117            ; out0             ;
; |dec4to16|lpm_mux:Mux13|mux_joc:auto_generated|_~119            ; |dec4to16|lpm_mux:Mux13|mux_joc:auto_generated|_~119            ; out0             ;
; |dec4to16|lpm_mux:Mux13|mux_joc:auto_generated|_~121            ; |dec4to16|lpm_mux:Mux13|mux_joc:auto_generated|_~121            ; out0             ;
; |dec4to16|lpm_mux:Mux13|mux_joc:auto_generated|_~123            ; |dec4to16|lpm_mux:Mux13|mux_joc:auto_generated|_~123            ; out0             ;
; |dec4to16|lpm_mux:Mux13|mux_joc:auto_generated|_~125            ; |dec4to16|lpm_mux:Mux13|mux_joc:auto_generated|_~125            ; out0             ;
; |dec4to16|lpm_mux:Mux13|mux_joc:auto_generated|_~130            ; |dec4to16|lpm_mux:Mux13|mux_joc:auto_generated|_~130            ; out0             ;
; |dec4to16|lpm_mux:Mux13|mux_joc:auto_generated|_~132            ; |dec4to16|lpm_mux:Mux13|mux_joc:auto_generated|_~132            ; out0             ;
; |dec4to16|lpm_mux:Mux13|mux_joc:auto_generated|_~134            ; |dec4to16|lpm_mux:Mux13|mux_joc:auto_generated|_~134            ; out0             ;
; |dec4to16|lpm_mux:Mux13|mux_joc:auto_generated|_~140            ; |dec4to16|lpm_mux:Mux13|mux_joc:auto_generated|_~140            ; out0             ;
; |dec4to16|lpm_mux:Mux13|mux_joc:auto_generated|_~141            ; |dec4to16|lpm_mux:Mux13|mux_joc:auto_generated|_~141            ; out0             ;
; |dec4to16|lpm_mux:Mux12|mux_joc:auto_generated|_~0              ; |dec4to16|lpm_mux:Mux12|mux_joc:auto_generated|_~0              ; out0             ;
; |dec4to16|lpm_mux:Mux12|mux_joc:auto_generated|_~2              ; |dec4to16|lpm_mux:Mux12|mux_joc:auto_generated|_~2              ; out0             ;
; |dec4to16|lpm_mux:Mux12|mux_joc:auto_generated|_~4              ; |dec4to16|lpm_mux:Mux12|mux_joc:auto_generated|_~4              ; out0             ;
; |dec4to16|lpm_mux:Mux12|mux_joc:auto_generated|_~9              ; |dec4to16|lpm_mux:Mux12|mux_joc:auto_generated|_~9              ; out0             ;
; |dec4to16|lpm_mux:Mux12|mux_joc:auto_generated|_~11             ; |dec4to16|lpm_mux:Mux12|mux_joc:auto_generated|_~11             ; out0             ;
; |dec4to16|lpm_mux:Mux12|mux_joc:auto_generated|_~13             ; |dec4to16|lpm_mux:Mux12|mux_joc:auto_generated|_~13             ; out0             ;
; |dec4to16|lpm_mux:Mux12|mux_joc:auto_generated|_~19             ; |dec4to16|lpm_mux:Mux12|mux_joc:auto_generated|_~19             ; out0             ;
; |dec4to16|lpm_mux:Mux12|mux_joc:auto_generated|_~20             ; |dec4to16|lpm_mux:Mux12|mux_joc:auto_generated|_~20             ; out0             ;
; |dec4to16|lpm_mux:Mux12|mux_joc:auto_generated|_~21             ; |dec4to16|lpm_mux:Mux12|mux_joc:auto_generated|_~21             ; out0             ;
; |dec4to16|lpm_mux:Mux12|mux_joc:auto_generated|_~22             ; |dec4to16|lpm_mux:Mux12|mux_joc:auto_generated|_~22             ; out0             ;
; |dec4to16|lpm_mux:Mux12|mux_joc:auto_generated|_~24             ; |dec4to16|lpm_mux:Mux12|mux_joc:auto_generated|_~24             ; out0             ;
; |dec4to16|lpm_mux:Mux12|mux_joc:auto_generated|_~26             ; |dec4to16|lpm_mux:Mux12|mux_joc:auto_generated|_~26             ; out0             ;
; |dec4to16|lpm_mux:Mux12|mux_joc:auto_generated|_~31             ; |dec4to16|lpm_mux:Mux12|mux_joc:auto_generated|_~31             ; out0             ;
; |dec4to16|lpm_mux:Mux12|mux_joc:auto_generated|_~33             ; |dec4to16|lpm_mux:Mux12|mux_joc:auto_generated|_~33             ; out0             ;
; |dec4to16|lpm_mux:Mux12|mux_joc:auto_generated|_~35             ; |dec4to16|lpm_mux:Mux12|mux_joc:auto_generated|_~35             ; out0             ;
; |dec4to16|lpm_mux:Mux12|mux_joc:auto_generated|_~40             ; |dec4to16|lpm_mux:Mux12|mux_joc:auto_generated|_~40             ; out0             ;
; |dec4to16|lpm_mux:Mux12|mux_joc:auto_generated|_~47             ; |dec4to16|lpm_mux:Mux12|mux_joc:auto_generated|_~47             ; out0             ;
; |dec4to16|lpm_mux:Mux12|mux_joc:auto_generated|_~49             ; |dec4to16|lpm_mux:Mux12|mux_joc:auto_generated|_~49             ; out0             ;
; |dec4to16|lpm_mux:Mux12|mux_joc:auto_generated|_~51             ; |dec4to16|lpm_mux:Mux12|mux_joc:auto_generated|_~51             ; out0             ;
; |dec4to16|lpm_mux:Mux12|mux_joc:auto_generated|_~56             ; |dec4to16|lpm_mux:Mux12|mux_joc:auto_generated|_~56             ; out0             ;
; |dec4to16|lpm_mux:Mux12|mux_joc:auto_generated|_~58             ; |dec4to16|lpm_mux:Mux12|mux_joc:auto_generated|_~58             ; out0             ;
; |dec4to16|lpm_mux:Mux12|mux_joc:auto_generated|_~60             ; |dec4to16|lpm_mux:Mux12|mux_joc:auto_generated|_~60             ; out0             ;
; |dec4to16|lpm_mux:Mux12|mux_joc:auto_generated|_~66             ; |dec4to16|lpm_mux:Mux12|mux_joc:auto_generated|_~66             ; out0             ;
; |dec4to16|lpm_mux:Mux12|mux_joc:auto_generated|_~67             ; |dec4to16|lpm_mux:Mux12|mux_joc:auto_generated|_~67             ; out0             ;
; |dec4to16|lpm_mux:Mux12|mux_joc:auto_generated|_~69             ; |dec4to16|lpm_mux:Mux12|mux_joc:auto_generated|_~69             ; out0             ;
; |dec4to16|lpm_mux:Mux12|mux_joc:auto_generated|result_node[0]~0 ; |dec4to16|lpm_mux:Mux12|mux_joc:auto_generated|result_node[0]~0 ; out0             ;
; |dec4to16|lpm_mux:Mux12|mux_joc:auto_generated|_~72             ; |dec4to16|lpm_mux:Mux12|mux_joc:auto_generated|_~72             ; out0             ;
; |dec4to16|lpm_mux:Mux12|mux_joc:auto_generated|_~74             ; |dec4to16|lpm_mux:Mux12|mux_joc:auto_generated|_~74             ; out0             ;
; |dec4to16|lpm_mux:Mux12|mux_joc:auto_generated|_~76             ; |dec4to16|lpm_mux:Mux12|mux_joc:auto_generated|_~76             ; out0             ;
; |dec4to16|lpm_mux:Mux12|mux_joc:auto_generated|_~81             ; |dec4to16|lpm_mux:Mux12|mux_joc:auto_generated|_~81             ; out0             ;
; |dec4to16|lpm_mux:Mux12|mux_joc:auto_generated|_~83             ; |dec4to16|lpm_mux:Mux12|mux_joc:auto_generated|_~83             ; out0             ;
; |dec4to16|lpm_mux:Mux12|mux_joc:auto_generated|_~85             ; |dec4to16|lpm_mux:Mux12|mux_joc:auto_generated|_~85             ; out0             ;
; |dec4to16|lpm_mux:Mux12|mux_joc:auto_generated|_~90             ; |dec4to16|lpm_mux:Mux12|mux_joc:auto_generated|_~90             ; out0             ;
; |dec4to16|lpm_mux:Mux12|mux_joc:auto_generated|_~97             ; |dec4to16|lpm_mux:Mux12|mux_joc:auto_generated|_~97             ; out0             ;
; |dec4to16|lpm_mux:Mux12|mux_joc:auto_generated|_~99             ; |dec4to16|lpm_mux:Mux12|mux_joc:auto_generated|_~99             ; out0             ;
; |dec4to16|lpm_mux:Mux12|mux_joc:auto_generated|_~101            ; |dec4to16|lpm_mux:Mux12|mux_joc:auto_generated|_~101            ; out0             ;
; |dec4to16|lpm_mux:Mux12|mux_joc:auto_generated|_~106            ; |dec4to16|lpm_mux:Mux12|mux_joc:auto_generated|_~106            ; out0             ;
; |dec4to16|lpm_mux:Mux12|mux_joc:auto_generated|_~108            ; |dec4to16|lpm_mux:Mux12|mux_joc:auto_generated|_~108            ; out0             ;
; |dec4to16|lpm_mux:Mux12|mux_joc:auto_generated|_~110            ; |dec4to16|lpm_mux:Mux12|mux_joc:auto_generated|_~110            ; out0             ;
; |dec4to16|lpm_mux:Mux12|mux_joc:auto_generated|_~116            ; |dec4to16|lpm_mux:Mux12|mux_joc:auto_generated|_~116            ; out0             ;
; |dec4to16|lpm_mux:Mux12|mux_joc:auto_generated|_~117            ; |dec4to16|lpm_mux:Mux12|mux_joc:auto_generated|_~117            ; out0             ;
; |dec4to16|lpm_mux:Mux12|mux_joc:auto_generated|_~119            ; |dec4to16|lpm_mux:Mux12|mux_joc:auto_generated|_~119            ; out0             ;
; |dec4to16|lpm_mux:Mux12|mux_joc:auto_generated|_~121            ; |dec4to16|lpm_mux:Mux12|mux_joc:auto_generated|_~121            ; out0             ;
; |dec4to16|lpm_mux:Mux12|mux_joc:auto_generated|_~123            ; |dec4to16|lpm_mux:Mux12|mux_joc:auto_generated|_~123            ; out0             ;
; |dec4to16|lpm_mux:Mux12|mux_joc:auto_generated|_~125            ; |dec4to16|lpm_mux:Mux12|mux_joc:auto_generated|_~125            ; out0             ;
; |dec4to16|lpm_mux:Mux12|mux_joc:auto_generated|_~130            ; |dec4to16|lpm_mux:Mux12|mux_joc:auto_generated|_~130            ; out0             ;
; |dec4to16|lpm_mux:Mux12|mux_joc:auto_generated|_~132            ; |dec4to16|lpm_mux:Mux12|mux_joc:auto_generated|_~132            ; out0             ;
; |dec4to16|lpm_mux:Mux12|mux_joc:auto_generated|_~134            ; |dec4to16|lpm_mux:Mux12|mux_joc:auto_generated|_~134            ; out0             ;
; |dec4to16|lpm_mux:Mux12|mux_joc:auto_generated|_~140            ; |dec4to16|lpm_mux:Mux12|mux_joc:auto_generated|_~140            ; out0             ;
; |dec4to16|lpm_mux:Mux12|mux_joc:auto_generated|_~141            ; |dec4to16|lpm_mux:Mux12|mux_joc:auto_generated|_~141            ; out0             ;
; |dec4to16|lpm_mux:Mux11|mux_joc:auto_generated|_~0              ; |dec4to16|lpm_mux:Mux11|mux_joc:auto_generated|_~0              ; out0             ;
; |dec4to16|lpm_mux:Mux11|mux_joc:auto_generated|_~9              ; |dec4to16|lpm_mux:Mux11|mux_joc:auto_generated|_~9              ; out0             ;
; |dec4to16|lpm_mux:Mux11|mux_joc:auto_generated|_~22             ; |dec4to16|lpm_mux:Mux11|mux_joc:auto_generated|_~22             ; out0             ;
; |dec4to16|lpm_mux:Mux11|mux_joc:auto_generated|_~24             ; |dec4to16|lpm_mux:Mux11|mux_joc:auto_generated|_~24             ; out0             ;
; |dec4to16|lpm_mux:Mux11|mux_joc:auto_generated|_~26             ; |dec4to16|lpm_mux:Mux11|mux_joc:auto_generated|_~26             ; out0             ;
; |dec4to16|lpm_mux:Mux11|mux_joc:auto_generated|_~31             ; |dec4to16|lpm_mux:Mux11|mux_joc:auto_generated|_~31             ; out0             ;
; |dec4to16|lpm_mux:Mux11|mux_joc:auto_generated|_~33             ; |dec4to16|lpm_mux:Mux11|mux_joc:auto_generated|_~33             ; out0             ;
; |dec4to16|lpm_mux:Mux11|mux_joc:auto_generated|_~35             ; |dec4to16|lpm_mux:Mux11|mux_joc:auto_generated|_~35             ; out0             ;
; |dec4to16|lpm_mux:Mux11|mux_joc:auto_generated|_~41             ; |dec4to16|lpm_mux:Mux11|mux_joc:auto_generated|_~41             ; out0             ;
; |dec4to16|lpm_mux:Mux11|mux_joc:auto_generated|_~42             ; |dec4to16|lpm_mux:Mux11|mux_joc:auto_generated|_~42             ; out0             ;
; |dec4to16|lpm_mux:Mux11|mux_joc:auto_generated|_~44             ; |dec4to16|lpm_mux:Mux11|mux_joc:auto_generated|_~44             ; out0             ;
; |dec4to16|lpm_mux:Mux11|mux_joc:auto_generated|_~46             ; |dec4to16|lpm_mux:Mux11|mux_joc:auto_generated|_~46             ; out0             ;
; |dec4to16|lpm_mux:Mux11|mux_joc:auto_generated|_~47             ; |dec4to16|lpm_mux:Mux11|mux_joc:auto_generated|_~47             ; out0             ;
; |dec4to16|lpm_mux:Mux11|mux_joc:auto_generated|_~49             ; |dec4to16|lpm_mux:Mux11|mux_joc:auto_generated|_~49             ; out0             ;
; |dec4to16|lpm_mux:Mux11|mux_joc:auto_generated|_~51             ; |dec4to16|lpm_mux:Mux11|mux_joc:auto_generated|_~51             ; out0             ;
; |dec4to16|lpm_mux:Mux11|mux_joc:auto_generated|_~56             ; |dec4to16|lpm_mux:Mux11|mux_joc:auto_generated|_~56             ; out0             ;
; |dec4to16|lpm_mux:Mux11|mux_joc:auto_generated|_~58             ; |dec4to16|lpm_mux:Mux11|mux_joc:auto_generated|_~58             ; out0             ;
; |dec4to16|lpm_mux:Mux11|mux_joc:auto_generated|_~60             ; |dec4to16|lpm_mux:Mux11|mux_joc:auto_generated|_~60             ; out0             ;
; |dec4to16|lpm_mux:Mux11|mux_joc:auto_generated|_~66             ; |dec4to16|lpm_mux:Mux11|mux_joc:auto_generated|_~66             ; out0             ;
; |dec4to16|lpm_mux:Mux11|mux_joc:auto_generated|_~67             ; |dec4to16|lpm_mux:Mux11|mux_joc:auto_generated|_~67             ; out0             ;
; |dec4to16|lpm_mux:Mux11|mux_joc:auto_generated|_~69             ; |dec4to16|lpm_mux:Mux11|mux_joc:auto_generated|_~69             ; out0             ;
; |dec4to16|lpm_mux:Mux11|mux_joc:auto_generated|_~70             ; |dec4to16|lpm_mux:Mux11|mux_joc:auto_generated|_~70             ; out0             ;
; |dec4to16|lpm_mux:Mux11|mux_joc:auto_generated|_~71             ; |dec4to16|lpm_mux:Mux11|mux_joc:auto_generated|_~71             ; out0             ;
; |dec4to16|lpm_mux:Mux11|mux_joc:auto_generated|_~72             ; |dec4to16|lpm_mux:Mux11|mux_joc:auto_generated|_~72             ; out0             ;
; |dec4to16|lpm_mux:Mux11|mux_joc:auto_generated|_~74             ; |dec4to16|lpm_mux:Mux11|mux_joc:auto_generated|_~74             ; out0             ;
; |dec4to16|lpm_mux:Mux11|mux_joc:auto_generated|_~76             ; |dec4to16|lpm_mux:Mux11|mux_joc:auto_generated|_~76             ; out0             ;
; |dec4to16|lpm_mux:Mux11|mux_joc:auto_generated|_~81             ; |dec4to16|lpm_mux:Mux11|mux_joc:auto_generated|_~81             ; out0             ;
; |dec4to16|lpm_mux:Mux11|mux_joc:auto_generated|_~83             ; |dec4to16|lpm_mux:Mux11|mux_joc:auto_generated|_~83             ; out0             ;
; |dec4to16|lpm_mux:Mux11|mux_joc:auto_generated|_~85             ; |dec4to16|lpm_mux:Mux11|mux_joc:auto_generated|_~85             ; out0             ;
; |dec4to16|lpm_mux:Mux11|mux_joc:auto_generated|_~91             ; |dec4to16|lpm_mux:Mux11|mux_joc:auto_generated|_~91             ; out0             ;
; |dec4to16|lpm_mux:Mux11|mux_joc:auto_generated|_~92             ; |dec4to16|lpm_mux:Mux11|mux_joc:auto_generated|_~92             ; out0             ;
; |dec4to16|lpm_mux:Mux11|mux_joc:auto_generated|_~94             ; |dec4to16|lpm_mux:Mux11|mux_joc:auto_generated|_~94             ; out0             ;
; |dec4to16|lpm_mux:Mux11|mux_joc:auto_generated|_~96             ; |dec4to16|lpm_mux:Mux11|mux_joc:auto_generated|_~96             ; out0             ;
; |dec4to16|lpm_mux:Mux11|mux_joc:auto_generated|_~97             ; |dec4to16|lpm_mux:Mux11|mux_joc:auto_generated|_~97             ; out0             ;
; |dec4to16|lpm_mux:Mux11|mux_joc:auto_generated|_~99             ; |dec4to16|lpm_mux:Mux11|mux_joc:auto_generated|_~99             ; out0             ;
; |dec4to16|lpm_mux:Mux11|mux_joc:auto_generated|_~101            ; |dec4to16|lpm_mux:Mux11|mux_joc:auto_generated|_~101            ; out0             ;
; |dec4to16|lpm_mux:Mux11|mux_joc:auto_generated|_~106            ; |dec4to16|lpm_mux:Mux11|mux_joc:auto_generated|_~106            ; out0             ;
; |dec4to16|lpm_mux:Mux11|mux_joc:auto_generated|_~108            ; |dec4to16|lpm_mux:Mux11|mux_joc:auto_generated|_~108            ; out0             ;
; |dec4to16|lpm_mux:Mux11|mux_joc:auto_generated|_~110            ; |dec4to16|lpm_mux:Mux11|mux_joc:auto_generated|_~110            ; out0             ;
; |dec4to16|lpm_mux:Mux11|mux_joc:auto_generated|_~116            ; |dec4to16|lpm_mux:Mux11|mux_joc:auto_generated|_~116            ; out0             ;
; |dec4to16|lpm_mux:Mux11|mux_joc:auto_generated|_~117            ; |dec4to16|lpm_mux:Mux11|mux_joc:auto_generated|_~117            ; out0             ;
; |dec4to16|lpm_mux:Mux11|mux_joc:auto_generated|_~119            ; |dec4to16|lpm_mux:Mux11|mux_joc:auto_generated|_~119            ; out0             ;
; |dec4to16|lpm_mux:Mux11|mux_joc:auto_generated|_~120            ; |dec4to16|lpm_mux:Mux11|mux_joc:auto_generated|_~120            ; out0             ;
; |dec4to16|lpm_mux:Mux11|mux_joc:auto_generated|_~121            ; |dec4to16|lpm_mux:Mux11|mux_joc:auto_generated|_~121            ; out0             ;
; |dec4to16|lpm_mux:Mux11|mux_joc:auto_generated|_~123            ; |dec4to16|lpm_mux:Mux11|mux_joc:auto_generated|_~123            ; out0             ;
; |dec4to16|lpm_mux:Mux11|mux_joc:auto_generated|_~125            ; |dec4to16|lpm_mux:Mux11|mux_joc:auto_generated|_~125            ; out0             ;
; |dec4to16|lpm_mux:Mux11|mux_joc:auto_generated|_~130            ; |dec4to16|lpm_mux:Mux11|mux_joc:auto_generated|_~130            ; out0             ;
; |dec4to16|lpm_mux:Mux11|mux_joc:auto_generated|_~132            ; |dec4to16|lpm_mux:Mux11|mux_joc:auto_generated|_~132            ; out0             ;
; |dec4to16|lpm_mux:Mux11|mux_joc:auto_generated|_~134            ; |dec4to16|lpm_mux:Mux11|mux_joc:auto_generated|_~134            ; out0             ;
; |dec4to16|lpm_mux:Mux11|mux_joc:auto_generated|_~140            ; |dec4to16|lpm_mux:Mux11|mux_joc:auto_generated|_~140            ; out0             ;
; |dec4to16|lpm_mux:Mux11|mux_joc:auto_generated|_~141            ; |dec4to16|lpm_mux:Mux11|mux_joc:auto_generated|_~141            ; out0             ;
; |dec4to16|lpm_mux:Mux11|mux_joc:auto_generated|result_node[0]~1 ; |dec4to16|lpm_mux:Mux11|mux_joc:auto_generated|result_node[0]~1 ; out0             ;
; |dec4to16|lpm_mux:Mux10|mux_joc:auto_generated|_~2              ; |dec4to16|lpm_mux:Mux10|mux_joc:auto_generated|_~2              ; out0             ;
; |dec4to16|lpm_mux:Mux10|mux_joc:auto_generated|_~4              ; |dec4to16|lpm_mux:Mux10|mux_joc:auto_generated|_~4              ; out0             ;
; |dec4to16|lpm_mux:Mux10|mux_joc:auto_generated|_~11             ; |dec4to16|lpm_mux:Mux10|mux_joc:auto_generated|_~11             ; out0             ;
; |dec4to16|lpm_mux:Mux10|mux_joc:auto_generated|_~13             ; |dec4to16|lpm_mux:Mux10|mux_joc:auto_generated|_~13             ; out0             ;
; |dec4to16|lpm_mux:Mux10|mux_joc:auto_generated|_~19             ; |dec4to16|lpm_mux:Mux10|mux_joc:auto_generated|_~19             ; out0             ;
; |dec4to16|lpm_mux:Mux10|mux_joc:auto_generated|_~22             ; |dec4to16|lpm_mux:Mux10|mux_joc:auto_generated|_~22             ; out0             ;
; |dec4to16|lpm_mux:Mux10|mux_joc:auto_generated|_~24             ; |dec4to16|lpm_mux:Mux10|mux_joc:auto_generated|_~24             ; out0             ;
; |dec4to16|lpm_mux:Mux10|mux_joc:auto_generated|_~26             ; |dec4to16|lpm_mux:Mux10|mux_joc:auto_generated|_~26             ; out0             ;
; |dec4to16|lpm_mux:Mux10|mux_joc:auto_generated|_~31             ; |dec4to16|lpm_mux:Mux10|mux_joc:auto_generated|_~31             ; out0             ;
; |dec4to16|lpm_mux:Mux10|mux_joc:auto_generated|_~33             ; |dec4to16|lpm_mux:Mux10|mux_joc:auto_generated|_~33             ; out0             ;
; |dec4to16|lpm_mux:Mux10|mux_joc:auto_generated|_~35             ; |dec4to16|lpm_mux:Mux10|mux_joc:auto_generated|_~35             ; out0             ;
; |dec4to16|lpm_mux:Mux10|mux_joc:auto_generated|_~41             ; |dec4to16|lpm_mux:Mux10|mux_joc:auto_generated|_~41             ; out0             ;
; |dec4to16|lpm_mux:Mux10|mux_joc:auto_generated|_~42             ; |dec4to16|lpm_mux:Mux10|mux_joc:auto_generated|_~42             ; out0             ;
; |dec4to16|lpm_mux:Mux10|mux_joc:auto_generated|_~44             ; |dec4to16|lpm_mux:Mux10|mux_joc:auto_generated|_~44             ; out0             ;
; |dec4to16|lpm_mux:Mux10|mux_joc:auto_generated|_~46             ; |dec4to16|lpm_mux:Mux10|mux_joc:auto_generated|_~46             ; out0             ;
; |dec4to16|lpm_mux:Mux10|mux_joc:auto_generated|_~47             ; |dec4to16|lpm_mux:Mux10|mux_joc:auto_generated|_~47             ; out0             ;
; |dec4to16|lpm_mux:Mux10|mux_joc:auto_generated|_~49             ; |dec4to16|lpm_mux:Mux10|mux_joc:auto_generated|_~49             ; out0             ;
; |dec4to16|lpm_mux:Mux10|mux_joc:auto_generated|_~51             ; |dec4to16|lpm_mux:Mux10|mux_joc:auto_generated|_~51             ; out0             ;
; |dec4to16|lpm_mux:Mux10|mux_joc:auto_generated|_~56             ; |dec4to16|lpm_mux:Mux10|mux_joc:auto_generated|_~56             ; out0             ;
; |dec4to16|lpm_mux:Mux10|mux_joc:auto_generated|_~58             ; |dec4to16|lpm_mux:Mux10|mux_joc:auto_generated|_~58             ; out0             ;
; |dec4to16|lpm_mux:Mux10|mux_joc:auto_generated|_~60             ; |dec4to16|lpm_mux:Mux10|mux_joc:auto_generated|_~60             ; out0             ;
; |dec4to16|lpm_mux:Mux10|mux_joc:auto_generated|_~66             ; |dec4to16|lpm_mux:Mux10|mux_joc:auto_generated|_~66             ; out0             ;
; |dec4to16|lpm_mux:Mux10|mux_joc:auto_generated|_~67             ; |dec4to16|lpm_mux:Mux10|mux_joc:auto_generated|_~67             ; out0             ;
; |dec4to16|lpm_mux:Mux10|mux_joc:auto_generated|_~69             ; |dec4to16|lpm_mux:Mux10|mux_joc:auto_generated|_~69             ; out0             ;
; |dec4to16|lpm_mux:Mux10|mux_joc:auto_generated|_~70             ; |dec4to16|lpm_mux:Mux10|mux_joc:auto_generated|_~70             ; out0             ;
; |dec4to16|lpm_mux:Mux10|mux_joc:auto_generated|_~71             ; |dec4to16|lpm_mux:Mux10|mux_joc:auto_generated|_~71             ; out0             ;
; |dec4to16|lpm_mux:Mux10|mux_joc:auto_generated|_~72             ; |dec4to16|lpm_mux:Mux10|mux_joc:auto_generated|_~72             ; out0             ;
; |dec4to16|lpm_mux:Mux10|mux_joc:auto_generated|_~74             ; |dec4to16|lpm_mux:Mux10|mux_joc:auto_generated|_~74             ; out0             ;
; |dec4to16|lpm_mux:Mux10|mux_joc:auto_generated|_~76             ; |dec4to16|lpm_mux:Mux10|mux_joc:auto_generated|_~76             ; out0             ;
; |dec4to16|lpm_mux:Mux10|mux_joc:auto_generated|_~81             ; |dec4to16|lpm_mux:Mux10|mux_joc:auto_generated|_~81             ; out0             ;
; |dec4to16|lpm_mux:Mux10|mux_joc:auto_generated|_~83             ; |dec4to16|lpm_mux:Mux10|mux_joc:auto_generated|_~83             ; out0             ;
; |dec4to16|lpm_mux:Mux10|mux_joc:auto_generated|_~85             ; |dec4to16|lpm_mux:Mux10|mux_joc:auto_generated|_~85             ; out0             ;
; |dec4to16|lpm_mux:Mux10|mux_joc:auto_generated|_~91             ; |dec4to16|lpm_mux:Mux10|mux_joc:auto_generated|_~91             ; out0             ;
; |dec4to16|lpm_mux:Mux10|mux_joc:auto_generated|_~92             ; |dec4to16|lpm_mux:Mux10|mux_joc:auto_generated|_~92             ; out0             ;
; |dec4to16|lpm_mux:Mux10|mux_joc:auto_generated|_~94             ; |dec4to16|lpm_mux:Mux10|mux_joc:auto_generated|_~94             ; out0             ;
; |dec4to16|lpm_mux:Mux10|mux_joc:auto_generated|_~96             ; |dec4to16|lpm_mux:Mux10|mux_joc:auto_generated|_~96             ; out0             ;
; |dec4to16|lpm_mux:Mux10|mux_joc:auto_generated|_~97             ; |dec4to16|lpm_mux:Mux10|mux_joc:auto_generated|_~97             ; out0             ;
; |dec4to16|lpm_mux:Mux10|mux_joc:auto_generated|_~99             ; |dec4to16|lpm_mux:Mux10|mux_joc:auto_generated|_~99             ; out0             ;
; |dec4to16|lpm_mux:Mux10|mux_joc:auto_generated|_~101            ; |dec4to16|lpm_mux:Mux10|mux_joc:auto_generated|_~101            ; out0             ;
; |dec4to16|lpm_mux:Mux10|mux_joc:auto_generated|_~106            ; |dec4to16|lpm_mux:Mux10|mux_joc:auto_generated|_~106            ; out0             ;
; |dec4to16|lpm_mux:Mux10|mux_joc:auto_generated|_~108            ; |dec4to16|lpm_mux:Mux10|mux_joc:auto_generated|_~108            ; out0             ;
; |dec4to16|lpm_mux:Mux10|mux_joc:auto_generated|_~110            ; |dec4to16|lpm_mux:Mux10|mux_joc:auto_generated|_~110            ; out0             ;
; |dec4to16|lpm_mux:Mux10|mux_joc:auto_generated|_~116            ; |dec4to16|lpm_mux:Mux10|mux_joc:auto_generated|_~116            ; out0             ;
; |dec4to16|lpm_mux:Mux10|mux_joc:auto_generated|_~117            ; |dec4to16|lpm_mux:Mux10|mux_joc:auto_generated|_~117            ; out0             ;
; |dec4to16|lpm_mux:Mux10|mux_joc:auto_generated|_~119            ; |dec4to16|lpm_mux:Mux10|mux_joc:auto_generated|_~119            ; out0             ;
; |dec4to16|lpm_mux:Mux10|mux_joc:auto_generated|_~120            ; |dec4to16|lpm_mux:Mux10|mux_joc:auto_generated|_~120            ; out0             ;
; |dec4to16|lpm_mux:Mux10|mux_joc:auto_generated|_~121            ; |dec4to16|lpm_mux:Mux10|mux_joc:auto_generated|_~121            ; out0             ;
; |dec4to16|lpm_mux:Mux10|mux_joc:auto_generated|_~123            ; |dec4to16|lpm_mux:Mux10|mux_joc:auto_generated|_~123            ; out0             ;
; |dec4to16|lpm_mux:Mux10|mux_joc:auto_generated|_~125            ; |dec4to16|lpm_mux:Mux10|mux_joc:auto_generated|_~125            ; out0             ;
; |dec4to16|lpm_mux:Mux10|mux_joc:auto_generated|_~130            ; |dec4to16|lpm_mux:Mux10|mux_joc:auto_generated|_~130            ; out0             ;
; |dec4to16|lpm_mux:Mux10|mux_joc:auto_generated|_~132            ; |dec4to16|lpm_mux:Mux10|mux_joc:auto_generated|_~132            ; out0             ;
; |dec4to16|lpm_mux:Mux10|mux_joc:auto_generated|_~134            ; |dec4to16|lpm_mux:Mux10|mux_joc:auto_generated|_~134            ; out0             ;
; |dec4to16|lpm_mux:Mux10|mux_joc:auto_generated|_~140            ; |dec4to16|lpm_mux:Mux10|mux_joc:auto_generated|_~140            ; out0             ;
; |dec4to16|lpm_mux:Mux10|mux_joc:auto_generated|_~141            ; |dec4to16|lpm_mux:Mux10|mux_joc:auto_generated|_~141            ; out0             ;
; |dec4to16|lpm_mux:Mux10|mux_joc:auto_generated|result_node[0]~1 ; |dec4to16|lpm_mux:Mux10|mux_joc:auto_generated|result_node[0]~1 ; out0             ;
; |dec4to16|lpm_mux:Mux9|mux_joc:auto_generated|_~0               ; |dec4to16|lpm_mux:Mux9|mux_joc:auto_generated|_~0               ; out0             ;
; |dec4to16|lpm_mux:Mux9|mux_joc:auto_generated|_~2               ; |dec4to16|lpm_mux:Mux9|mux_joc:auto_generated|_~2               ; out0             ;
; |dec4to16|lpm_mux:Mux9|mux_joc:auto_generated|_~4               ; |dec4to16|lpm_mux:Mux9|mux_joc:auto_generated|_~4               ; out0             ;
; |dec4to16|lpm_mux:Mux9|mux_joc:auto_generated|_~5               ; |dec4to16|lpm_mux:Mux9|mux_joc:auto_generated|_~5               ; out0             ;
; |dec4to16|lpm_mux:Mux9|mux_joc:auto_generated|_~9               ; |dec4to16|lpm_mux:Mux9|mux_joc:auto_generated|_~9               ; out0             ;
; |dec4to16|lpm_mux:Mux9|mux_joc:auto_generated|_~11              ; |dec4to16|lpm_mux:Mux9|mux_joc:auto_generated|_~11              ; out0             ;
; |dec4to16|lpm_mux:Mux9|mux_joc:auto_generated|_~13              ; |dec4to16|lpm_mux:Mux9|mux_joc:auto_generated|_~13              ; out0             ;
; |dec4to16|lpm_mux:Mux9|mux_joc:auto_generated|_~14              ; |dec4to16|lpm_mux:Mux9|mux_joc:auto_generated|_~14              ; out0             ;
; |dec4to16|lpm_mux:Mux9|mux_joc:auto_generated|_~22              ; |dec4to16|lpm_mux:Mux9|mux_joc:auto_generated|_~22              ; out0             ;
; |dec4to16|lpm_mux:Mux9|mux_joc:auto_generated|_~24              ; |dec4to16|lpm_mux:Mux9|mux_joc:auto_generated|_~24              ; out0             ;
; |dec4to16|lpm_mux:Mux9|mux_joc:auto_generated|_~26              ; |dec4to16|lpm_mux:Mux9|mux_joc:auto_generated|_~26              ; out0             ;
; |dec4to16|lpm_mux:Mux9|mux_joc:auto_generated|_~31              ; |dec4to16|lpm_mux:Mux9|mux_joc:auto_generated|_~31              ; out0             ;
; |dec4to16|lpm_mux:Mux9|mux_joc:auto_generated|_~33              ; |dec4to16|lpm_mux:Mux9|mux_joc:auto_generated|_~33              ; out0             ;
; |dec4to16|lpm_mux:Mux9|mux_joc:auto_generated|_~35              ; |dec4to16|lpm_mux:Mux9|mux_joc:auto_generated|_~35              ; out0             ;
; |dec4to16|lpm_mux:Mux9|mux_joc:auto_generated|_~41              ; |dec4to16|lpm_mux:Mux9|mux_joc:auto_generated|_~41              ; out0             ;
; |dec4to16|lpm_mux:Mux9|mux_joc:auto_generated|_~42              ; |dec4to16|lpm_mux:Mux9|mux_joc:auto_generated|_~42              ; out0             ;
; |dec4to16|lpm_mux:Mux9|mux_joc:auto_generated|_~44              ; |dec4to16|lpm_mux:Mux9|mux_joc:auto_generated|_~44              ; out0             ;
; |dec4to16|lpm_mux:Mux9|mux_joc:auto_generated|_~46              ; |dec4to16|lpm_mux:Mux9|mux_joc:auto_generated|_~46              ; out0             ;
; |dec4to16|lpm_mux:Mux9|mux_joc:auto_generated|_~47              ; |dec4to16|lpm_mux:Mux9|mux_joc:auto_generated|_~47              ; out0             ;
; |dec4to16|lpm_mux:Mux9|mux_joc:auto_generated|_~49              ; |dec4to16|lpm_mux:Mux9|mux_joc:auto_generated|_~49              ; out0             ;
; |dec4to16|lpm_mux:Mux9|mux_joc:auto_generated|_~51              ; |dec4to16|lpm_mux:Mux9|mux_joc:auto_generated|_~51              ; out0             ;
; |dec4to16|lpm_mux:Mux9|mux_joc:auto_generated|_~56              ; |dec4to16|lpm_mux:Mux9|mux_joc:auto_generated|_~56              ; out0             ;
; |dec4to16|lpm_mux:Mux9|mux_joc:auto_generated|_~58              ; |dec4to16|lpm_mux:Mux9|mux_joc:auto_generated|_~58              ; out0             ;
; |dec4to16|lpm_mux:Mux9|mux_joc:auto_generated|_~60              ; |dec4to16|lpm_mux:Mux9|mux_joc:auto_generated|_~60              ; out0             ;
; |dec4to16|lpm_mux:Mux9|mux_joc:auto_generated|_~66              ; |dec4to16|lpm_mux:Mux9|mux_joc:auto_generated|_~66              ; out0             ;
; |dec4to16|lpm_mux:Mux9|mux_joc:auto_generated|_~67              ; |dec4to16|lpm_mux:Mux9|mux_joc:auto_generated|_~67              ; out0             ;
; |dec4to16|lpm_mux:Mux9|mux_joc:auto_generated|_~69              ; |dec4to16|lpm_mux:Mux9|mux_joc:auto_generated|_~69              ; out0             ;
; |dec4to16|lpm_mux:Mux9|mux_joc:auto_generated|_~70              ; |dec4to16|lpm_mux:Mux9|mux_joc:auto_generated|_~70              ; out0             ;
; |dec4to16|lpm_mux:Mux9|mux_joc:auto_generated|_~71              ; |dec4to16|lpm_mux:Mux9|mux_joc:auto_generated|_~71              ; out0             ;
; |dec4to16|lpm_mux:Mux9|mux_joc:auto_generated|_~72              ; |dec4to16|lpm_mux:Mux9|mux_joc:auto_generated|_~72              ; out0             ;
; |dec4to16|lpm_mux:Mux9|mux_joc:auto_generated|_~74              ; |dec4to16|lpm_mux:Mux9|mux_joc:auto_generated|_~74              ; out0             ;
; |dec4to16|lpm_mux:Mux9|mux_joc:auto_generated|_~76              ; |dec4to16|lpm_mux:Mux9|mux_joc:auto_generated|_~76              ; out0             ;
; |dec4to16|lpm_mux:Mux9|mux_joc:auto_generated|_~81              ; |dec4to16|lpm_mux:Mux9|mux_joc:auto_generated|_~81              ; out0             ;
; |dec4to16|lpm_mux:Mux9|mux_joc:auto_generated|_~83              ; |dec4to16|lpm_mux:Mux9|mux_joc:auto_generated|_~83              ; out0             ;
; |dec4to16|lpm_mux:Mux9|mux_joc:auto_generated|_~85              ; |dec4to16|lpm_mux:Mux9|mux_joc:auto_generated|_~85              ; out0             ;
; |dec4to16|lpm_mux:Mux9|mux_joc:auto_generated|_~91              ; |dec4to16|lpm_mux:Mux9|mux_joc:auto_generated|_~91              ; out0             ;
; |dec4to16|lpm_mux:Mux9|mux_joc:auto_generated|_~92              ; |dec4to16|lpm_mux:Mux9|mux_joc:auto_generated|_~92              ; out0             ;
; |dec4to16|lpm_mux:Mux9|mux_joc:auto_generated|_~94              ; |dec4to16|lpm_mux:Mux9|mux_joc:auto_generated|_~94              ; out0             ;
; |dec4to16|lpm_mux:Mux9|mux_joc:auto_generated|_~96              ; |dec4to16|lpm_mux:Mux9|mux_joc:auto_generated|_~96              ; out0             ;
; |dec4to16|lpm_mux:Mux9|mux_joc:auto_generated|_~97              ; |dec4to16|lpm_mux:Mux9|mux_joc:auto_generated|_~97              ; out0             ;
; |dec4to16|lpm_mux:Mux9|mux_joc:auto_generated|_~99              ; |dec4to16|lpm_mux:Mux9|mux_joc:auto_generated|_~99              ; out0             ;
; |dec4to16|lpm_mux:Mux9|mux_joc:auto_generated|_~101             ; |dec4to16|lpm_mux:Mux9|mux_joc:auto_generated|_~101             ; out0             ;
; |dec4to16|lpm_mux:Mux9|mux_joc:auto_generated|_~106             ; |dec4to16|lpm_mux:Mux9|mux_joc:auto_generated|_~106             ; out0             ;
; |dec4to16|lpm_mux:Mux9|mux_joc:auto_generated|_~108             ; |dec4to16|lpm_mux:Mux9|mux_joc:auto_generated|_~108             ; out0             ;
; |dec4to16|lpm_mux:Mux9|mux_joc:auto_generated|_~110             ; |dec4to16|lpm_mux:Mux9|mux_joc:auto_generated|_~110             ; out0             ;
; |dec4to16|lpm_mux:Mux9|mux_joc:auto_generated|_~116             ; |dec4to16|lpm_mux:Mux9|mux_joc:auto_generated|_~116             ; out0             ;
; |dec4to16|lpm_mux:Mux9|mux_joc:auto_generated|_~117             ; |dec4to16|lpm_mux:Mux9|mux_joc:auto_generated|_~117             ; out0             ;
; |dec4to16|lpm_mux:Mux9|mux_joc:auto_generated|_~119             ; |dec4to16|lpm_mux:Mux9|mux_joc:auto_generated|_~119             ; out0             ;
; |dec4to16|lpm_mux:Mux9|mux_joc:auto_generated|_~120             ; |dec4to16|lpm_mux:Mux9|mux_joc:auto_generated|_~120             ; out0             ;
; |dec4to16|lpm_mux:Mux9|mux_joc:auto_generated|_~121             ; |dec4to16|lpm_mux:Mux9|mux_joc:auto_generated|_~121             ; out0             ;
; |dec4to16|lpm_mux:Mux9|mux_joc:auto_generated|_~123             ; |dec4to16|lpm_mux:Mux9|mux_joc:auto_generated|_~123             ; out0             ;
; |dec4to16|lpm_mux:Mux9|mux_joc:auto_generated|_~125             ; |dec4to16|lpm_mux:Mux9|mux_joc:auto_generated|_~125             ; out0             ;
; |dec4to16|lpm_mux:Mux9|mux_joc:auto_generated|_~130             ; |dec4to16|lpm_mux:Mux9|mux_joc:auto_generated|_~130             ; out0             ;
; |dec4to16|lpm_mux:Mux9|mux_joc:auto_generated|_~132             ; |dec4to16|lpm_mux:Mux9|mux_joc:auto_generated|_~132             ; out0             ;
; |dec4to16|lpm_mux:Mux9|mux_joc:auto_generated|_~134             ; |dec4to16|lpm_mux:Mux9|mux_joc:auto_generated|_~134             ; out0             ;
; |dec4to16|lpm_mux:Mux9|mux_joc:auto_generated|_~140             ; |dec4to16|lpm_mux:Mux9|mux_joc:auto_generated|_~140             ; out0             ;
; |dec4to16|lpm_mux:Mux9|mux_joc:auto_generated|_~141             ; |dec4to16|lpm_mux:Mux9|mux_joc:auto_generated|_~141             ; out0             ;
; |dec4to16|lpm_mux:Mux9|mux_joc:auto_generated|result_node[0]~1  ; |dec4to16|lpm_mux:Mux9|mux_joc:auto_generated|result_node[0]~1  ; out0             ;
; |dec4to16|lpm_mux:Mux8|mux_joc:auto_generated|_~0               ; |dec4to16|lpm_mux:Mux8|mux_joc:auto_generated|_~0               ; out0             ;
; |dec4to16|lpm_mux:Mux8|mux_joc:auto_generated|_~2               ; |dec4to16|lpm_mux:Mux8|mux_joc:auto_generated|_~2               ; out0             ;
; |dec4to16|lpm_mux:Mux8|mux_joc:auto_generated|_~4               ; |dec4to16|lpm_mux:Mux8|mux_joc:auto_generated|_~4               ; out0             ;
; |dec4to16|lpm_mux:Mux8|mux_joc:auto_generated|_~9               ; |dec4to16|lpm_mux:Mux8|mux_joc:auto_generated|_~9               ; out0             ;
; |dec4to16|lpm_mux:Mux8|mux_joc:auto_generated|_~11              ; |dec4to16|lpm_mux:Mux8|mux_joc:auto_generated|_~11              ; out0             ;
; |dec4to16|lpm_mux:Mux8|mux_joc:auto_generated|_~13              ; |dec4to16|lpm_mux:Mux8|mux_joc:auto_generated|_~13              ; out0             ;
; |dec4to16|lpm_mux:Mux8|mux_joc:auto_generated|_~18              ; |dec4to16|lpm_mux:Mux8|mux_joc:auto_generated|_~18              ; out0             ;
; |dec4to16|lpm_mux:Mux8|mux_joc:auto_generated|_~22              ; |dec4to16|lpm_mux:Mux8|mux_joc:auto_generated|_~22              ; out0             ;
; |dec4to16|lpm_mux:Mux8|mux_joc:auto_generated|_~24              ; |dec4to16|lpm_mux:Mux8|mux_joc:auto_generated|_~24              ; out0             ;
; |dec4to16|lpm_mux:Mux8|mux_joc:auto_generated|_~26              ; |dec4to16|lpm_mux:Mux8|mux_joc:auto_generated|_~26              ; out0             ;
; |dec4to16|lpm_mux:Mux8|mux_joc:auto_generated|_~31              ; |dec4to16|lpm_mux:Mux8|mux_joc:auto_generated|_~31              ; out0             ;
; |dec4to16|lpm_mux:Mux8|mux_joc:auto_generated|_~33              ; |dec4to16|lpm_mux:Mux8|mux_joc:auto_generated|_~33              ; out0             ;
; |dec4to16|lpm_mux:Mux8|mux_joc:auto_generated|_~35              ; |dec4to16|lpm_mux:Mux8|mux_joc:auto_generated|_~35              ; out0             ;
; |dec4to16|lpm_mux:Mux8|mux_joc:auto_generated|_~41              ; |dec4to16|lpm_mux:Mux8|mux_joc:auto_generated|_~41              ; out0             ;
; |dec4to16|lpm_mux:Mux8|mux_joc:auto_generated|_~42              ; |dec4to16|lpm_mux:Mux8|mux_joc:auto_generated|_~42              ; out0             ;
; |dec4to16|lpm_mux:Mux8|mux_joc:auto_generated|_~44              ; |dec4to16|lpm_mux:Mux8|mux_joc:auto_generated|_~44              ; out0             ;
; |dec4to16|lpm_mux:Mux8|mux_joc:auto_generated|_~46              ; |dec4to16|lpm_mux:Mux8|mux_joc:auto_generated|_~46              ; out0             ;
; |dec4to16|lpm_mux:Mux8|mux_joc:auto_generated|_~47              ; |dec4to16|lpm_mux:Mux8|mux_joc:auto_generated|_~47              ; out0             ;
; |dec4to16|lpm_mux:Mux8|mux_joc:auto_generated|_~49              ; |dec4to16|lpm_mux:Mux8|mux_joc:auto_generated|_~49              ; out0             ;
; |dec4to16|lpm_mux:Mux8|mux_joc:auto_generated|_~51              ; |dec4to16|lpm_mux:Mux8|mux_joc:auto_generated|_~51              ; out0             ;
; |dec4to16|lpm_mux:Mux8|mux_joc:auto_generated|_~56              ; |dec4to16|lpm_mux:Mux8|mux_joc:auto_generated|_~56              ; out0             ;
; |dec4to16|lpm_mux:Mux8|mux_joc:auto_generated|_~58              ; |dec4to16|lpm_mux:Mux8|mux_joc:auto_generated|_~58              ; out0             ;
; |dec4to16|lpm_mux:Mux8|mux_joc:auto_generated|_~60              ; |dec4to16|lpm_mux:Mux8|mux_joc:auto_generated|_~60              ; out0             ;
; |dec4to16|lpm_mux:Mux8|mux_joc:auto_generated|_~66              ; |dec4to16|lpm_mux:Mux8|mux_joc:auto_generated|_~66              ; out0             ;
; |dec4to16|lpm_mux:Mux8|mux_joc:auto_generated|_~67              ; |dec4to16|lpm_mux:Mux8|mux_joc:auto_generated|_~67              ; out0             ;
; |dec4to16|lpm_mux:Mux8|mux_joc:auto_generated|_~69              ; |dec4to16|lpm_mux:Mux8|mux_joc:auto_generated|_~69              ; out0             ;
; |dec4to16|lpm_mux:Mux8|mux_joc:auto_generated|_~70              ; |dec4to16|lpm_mux:Mux8|mux_joc:auto_generated|_~70              ; out0             ;
; |dec4to16|lpm_mux:Mux8|mux_joc:auto_generated|_~71              ; |dec4to16|lpm_mux:Mux8|mux_joc:auto_generated|_~71              ; out0             ;
; |dec4to16|lpm_mux:Mux8|mux_joc:auto_generated|_~72              ; |dec4to16|lpm_mux:Mux8|mux_joc:auto_generated|_~72              ; out0             ;
; |dec4to16|lpm_mux:Mux8|mux_joc:auto_generated|_~74              ; |dec4to16|lpm_mux:Mux8|mux_joc:auto_generated|_~74              ; out0             ;
; |dec4to16|lpm_mux:Mux8|mux_joc:auto_generated|_~76              ; |dec4to16|lpm_mux:Mux8|mux_joc:auto_generated|_~76              ; out0             ;
; |dec4to16|lpm_mux:Mux8|mux_joc:auto_generated|_~81              ; |dec4to16|lpm_mux:Mux8|mux_joc:auto_generated|_~81              ; out0             ;
; |dec4to16|lpm_mux:Mux8|mux_joc:auto_generated|_~83              ; |dec4to16|lpm_mux:Mux8|mux_joc:auto_generated|_~83              ; out0             ;
; |dec4to16|lpm_mux:Mux8|mux_joc:auto_generated|_~85              ; |dec4to16|lpm_mux:Mux8|mux_joc:auto_generated|_~85              ; out0             ;
; |dec4to16|lpm_mux:Mux8|mux_joc:auto_generated|_~91              ; |dec4to16|lpm_mux:Mux8|mux_joc:auto_generated|_~91              ; out0             ;
; |dec4to16|lpm_mux:Mux8|mux_joc:auto_generated|_~92              ; |dec4to16|lpm_mux:Mux8|mux_joc:auto_generated|_~92              ; out0             ;
; |dec4to16|lpm_mux:Mux8|mux_joc:auto_generated|_~94              ; |dec4to16|lpm_mux:Mux8|mux_joc:auto_generated|_~94              ; out0             ;
; |dec4to16|lpm_mux:Mux8|mux_joc:auto_generated|_~96              ; |dec4to16|lpm_mux:Mux8|mux_joc:auto_generated|_~96              ; out0             ;
; |dec4to16|lpm_mux:Mux8|mux_joc:auto_generated|_~97              ; |dec4to16|lpm_mux:Mux8|mux_joc:auto_generated|_~97              ; out0             ;
; |dec4to16|lpm_mux:Mux8|mux_joc:auto_generated|_~99              ; |dec4to16|lpm_mux:Mux8|mux_joc:auto_generated|_~99              ; out0             ;
; |dec4to16|lpm_mux:Mux8|mux_joc:auto_generated|_~101             ; |dec4to16|lpm_mux:Mux8|mux_joc:auto_generated|_~101             ; out0             ;
; |dec4to16|lpm_mux:Mux8|mux_joc:auto_generated|_~106             ; |dec4to16|lpm_mux:Mux8|mux_joc:auto_generated|_~106             ; out0             ;
; |dec4to16|lpm_mux:Mux8|mux_joc:auto_generated|_~108             ; |dec4to16|lpm_mux:Mux8|mux_joc:auto_generated|_~108             ; out0             ;
; |dec4to16|lpm_mux:Mux8|mux_joc:auto_generated|_~110             ; |dec4to16|lpm_mux:Mux8|mux_joc:auto_generated|_~110             ; out0             ;
; |dec4to16|lpm_mux:Mux8|mux_joc:auto_generated|_~116             ; |dec4to16|lpm_mux:Mux8|mux_joc:auto_generated|_~116             ; out0             ;
; |dec4to16|lpm_mux:Mux8|mux_joc:auto_generated|_~117             ; |dec4to16|lpm_mux:Mux8|mux_joc:auto_generated|_~117             ; out0             ;
; |dec4to16|lpm_mux:Mux8|mux_joc:auto_generated|_~119             ; |dec4to16|lpm_mux:Mux8|mux_joc:auto_generated|_~119             ; out0             ;
; |dec4to16|lpm_mux:Mux8|mux_joc:auto_generated|_~120             ; |dec4to16|lpm_mux:Mux8|mux_joc:auto_generated|_~120             ; out0             ;
; |dec4to16|lpm_mux:Mux8|mux_joc:auto_generated|_~121             ; |dec4to16|lpm_mux:Mux8|mux_joc:auto_generated|_~121             ; out0             ;
; |dec4to16|lpm_mux:Mux8|mux_joc:auto_generated|_~123             ; |dec4to16|lpm_mux:Mux8|mux_joc:auto_generated|_~123             ; out0             ;
; |dec4to16|lpm_mux:Mux8|mux_joc:auto_generated|_~125             ; |dec4to16|lpm_mux:Mux8|mux_joc:auto_generated|_~125             ; out0             ;
; |dec4to16|lpm_mux:Mux8|mux_joc:auto_generated|_~130             ; |dec4to16|lpm_mux:Mux8|mux_joc:auto_generated|_~130             ; out0             ;
; |dec4to16|lpm_mux:Mux8|mux_joc:auto_generated|_~132             ; |dec4to16|lpm_mux:Mux8|mux_joc:auto_generated|_~132             ; out0             ;
; |dec4to16|lpm_mux:Mux8|mux_joc:auto_generated|_~134             ; |dec4to16|lpm_mux:Mux8|mux_joc:auto_generated|_~134             ; out0             ;
; |dec4to16|lpm_mux:Mux8|mux_joc:auto_generated|_~140             ; |dec4to16|lpm_mux:Mux8|mux_joc:auto_generated|_~140             ; out0             ;
; |dec4to16|lpm_mux:Mux8|mux_joc:auto_generated|_~141             ; |dec4to16|lpm_mux:Mux8|mux_joc:auto_generated|_~141             ; out0             ;
; |dec4to16|lpm_mux:Mux8|mux_joc:auto_generated|result_node[0]~1  ; |dec4to16|lpm_mux:Mux8|mux_joc:auto_generated|result_node[0]~1  ; out0             ;
; |dec4to16|lpm_mux:Mux7|mux_joc:auto_generated|_~0               ; |dec4to16|lpm_mux:Mux7|mux_joc:auto_generated|_~0               ; out0             ;
; |dec4to16|lpm_mux:Mux7|mux_joc:auto_generated|_~2               ; |dec4to16|lpm_mux:Mux7|mux_joc:auto_generated|_~2               ; out0             ;
; |dec4to16|lpm_mux:Mux7|mux_joc:auto_generated|_~4               ; |dec4to16|lpm_mux:Mux7|mux_joc:auto_generated|_~4               ; out0             ;
; |dec4to16|lpm_mux:Mux7|mux_joc:auto_generated|_~9               ; |dec4to16|lpm_mux:Mux7|mux_joc:auto_generated|_~9               ; out0             ;
; |dec4to16|lpm_mux:Mux7|mux_joc:auto_generated|_~11              ; |dec4to16|lpm_mux:Mux7|mux_joc:auto_generated|_~11              ; out0             ;
; |dec4to16|lpm_mux:Mux7|mux_joc:auto_generated|_~13              ; |dec4to16|lpm_mux:Mux7|mux_joc:auto_generated|_~13              ; out0             ;
; |dec4to16|lpm_mux:Mux7|mux_joc:auto_generated|_~19              ; |dec4to16|lpm_mux:Mux7|mux_joc:auto_generated|_~19              ; out0             ;
; |dec4to16|lpm_mux:Mux7|mux_joc:auto_generated|_~20              ; |dec4to16|lpm_mux:Mux7|mux_joc:auto_generated|_~20              ; out0             ;
; |dec4to16|lpm_mux:Mux7|mux_joc:auto_generated|_~21              ; |dec4to16|lpm_mux:Mux7|mux_joc:auto_generated|_~21              ; out0             ;
; |dec4to16|lpm_mux:Mux7|mux_joc:auto_generated|_~22              ; |dec4to16|lpm_mux:Mux7|mux_joc:auto_generated|_~22              ; out0             ;
; |dec4to16|lpm_mux:Mux7|mux_joc:auto_generated|_~24              ; |dec4to16|lpm_mux:Mux7|mux_joc:auto_generated|_~24              ; out0             ;
; |dec4to16|lpm_mux:Mux7|mux_joc:auto_generated|_~26              ; |dec4to16|lpm_mux:Mux7|mux_joc:auto_generated|_~26              ; out0             ;
; |dec4to16|lpm_mux:Mux7|mux_joc:auto_generated|_~31              ; |dec4to16|lpm_mux:Mux7|mux_joc:auto_generated|_~31              ; out0             ;
; |dec4to16|lpm_mux:Mux7|mux_joc:auto_generated|_~33              ; |dec4to16|lpm_mux:Mux7|mux_joc:auto_generated|_~33              ; out0             ;
; |dec4to16|lpm_mux:Mux7|mux_joc:auto_generated|_~35              ; |dec4to16|lpm_mux:Mux7|mux_joc:auto_generated|_~35              ; out0             ;
; |dec4to16|lpm_mux:Mux7|mux_joc:auto_generated|_~41              ; |dec4to16|lpm_mux:Mux7|mux_joc:auto_generated|_~41              ; out0             ;
; |dec4to16|lpm_mux:Mux7|mux_joc:auto_generated|_~42              ; |dec4to16|lpm_mux:Mux7|mux_joc:auto_generated|_~42              ; out0             ;
; |dec4to16|lpm_mux:Mux7|mux_joc:auto_generated|_~44              ; |dec4to16|lpm_mux:Mux7|mux_joc:auto_generated|_~44              ; out0             ;
; |dec4to16|lpm_mux:Mux7|mux_joc:auto_generated|_~46              ; |dec4to16|lpm_mux:Mux7|mux_joc:auto_generated|_~46              ; out0             ;
; |dec4to16|lpm_mux:Mux7|mux_joc:auto_generated|_~47              ; |dec4to16|lpm_mux:Mux7|mux_joc:auto_generated|_~47              ; out0             ;
; |dec4to16|lpm_mux:Mux7|mux_joc:auto_generated|_~56              ; |dec4to16|lpm_mux:Mux7|mux_joc:auto_generated|_~56              ; out0             ;
; |dec4to16|lpm_mux:Mux7|mux_joc:auto_generated|_~69              ; |dec4to16|lpm_mux:Mux7|mux_joc:auto_generated|_~69              ; out0             ;
; |dec4to16|lpm_mux:Mux7|mux_joc:auto_generated|_~70              ; |dec4to16|lpm_mux:Mux7|mux_joc:auto_generated|_~70              ; out0             ;
; |dec4to16|lpm_mux:Mux7|mux_joc:auto_generated|result_node[0]~0  ; |dec4to16|lpm_mux:Mux7|mux_joc:auto_generated|result_node[0]~0  ; out0             ;
; |dec4to16|lpm_mux:Mux7|mux_joc:auto_generated|_~72              ; |dec4to16|lpm_mux:Mux7|mux_joc:auto_generated|_~72              ; out0             ;
; |dec4to16|lpm_mux:Mux7|mux_joc:auto_generated|_~74              ; |dec4to16|lpm_mux:Mux7|mux_joc:auto_generated|_~74              ; out0             ;
; |dec4to16|lpm_mux:Mux7|mux_joc:auto_generated|_~76              ; |dec4to16|lpm_mux:Mux7|mux_joc:auto_generated|_~76              ; out0             ;
; |dec4to16|lpm_mux:Mux7|mux_joc:auto_generated|_~81              ; |dec4to16|lpm_mux:Mux7|mux_joc:auto_generated|_~81              ; out0             ;
; |dec4to16|lpm_mux:Mux7|mux_joc:auto_generated|_~83              ; |dec4to16|lpm_mux:Mux7|mux_joc:auto_generated|_~83              ; out0             ;
; |dec4to16|lpm_mux:Mux7|mux_joc:auto_generated|_~85              ; |dec4to16|lpm_mux:Mux7|mux_joc:auto_generated|_~85              ; out0             ;
; |dec4to16|lpm_mux:Mux7|mux_joc:auto_generated|_~91              ; |dec4to16|lpm_mux:Mux7|mux_joc:auto_generated|_~91              ; out0             ;
; |dec4to16|lpm_mux:Mux7|mux_joc:auto_generated|_~92              ; |dec4to16|lpm_mux:Mux7|mux_joc:auto_generated|_~92              ; out0             ;
; |dec4to16|lpm_mux:Mux7|mux_joc:auto_generated|_~94              ; |dec4to16|lpm_mux:Mux7|mux_joc:auto_generated|_~94              ; out0             ;
; |dec4to16|lpm_mux:Mux7|mux_joc:auto_generated|_~96              ; |dec4to16|lpm_mux:Mux7|mux_joc:auto_generated|_~96              ; out0             ;
; |dec4to16|lpm_mux:Mux7|mux_joc:auto_generated|_~97              ; |dec4to16|lpm_mux:Mux7|mux_joc:auto_generated|_~97              ; out0             ;
; |dec4to16|lpm_mux:Mux7|mux_joc:auto_generated|_~106             ; |dec4to16|lpm_mux:Mux7|mux_joc:auto_generated|_~106             ; out0             ;
; |dec4to16|lpm_mux:Mux7|mux_joc:auto_generated|_~119             ; |dec4to16|lpm_mux:Mux7|mux_joc:auto_generated|_~119             ; out0             ;
; |dec4to16|lpm_mux:Mux7|mux_joc:auto_generated|_~120             ; |dec4to16|lpm_mux:Mux7|mux_joc:auto_generated|_~120             ; out0             ;
; |dec4to16|lpm_mux:Mux7|mux_joc:auto_generated|_~121             ; |dec4to16|lpm_mux:Mux7|mux_joc:auto_generated|_~121             ; out0             ;
; |dec4to16|lpm_mux:Mux7|mux_joc:auto_generated|_~123             ; |dec4to16|lpm_mux:Mux7|mux_joc:auto_generated|_~123             ; out0             ;
; |dec4to16|lpm_mux:Mux7|mux_joc:auto_generated|_~125             ; |dec4to16|lpm_mux:Mux7|mux_joc:auto_generated|_~125             ; out0             ;
; |dec4to16|lpm_mux:Mux7|mux_joc:auto_generated|_~130             ; |dec4to16|lpm_mux:Mux7|mux_joc:auto_generated|_~130             ; out0             ;
; |dec4to16|lpm_mux:Mux7|mux_joc:auto_generated|_~132             ; |dec4to16|lpm_mux:Mux7|mux_joc:auto_generated|_~132             ; out0             ;
; |dec4to16|lpm_mux:Mux7|mux_joc:auto_generated|_~134             ; |dec4to16|lpm_mux:Mux7|mux_joc:auto_generated|_~134             ; out0             ;
; |dec4to16|lpm_mux:Mux7|mux_joc:auto_generated|_~140             ; |dec4to16|lpm_mux:Mux7|mux_joc:auto_generated|_~140             ; out0             ;
; |dec4to16|lpm_mux:Mux7|mux_joc:auto_generated|_~141             ; |dec4to16|lpm_mux:Mux7|mux_joc:auto_generated|_~141             ; out0             ;
; |dec4to16|lpm_mux:Mux7|mux_joc:auto_generated|result_node[0]~1  ; |dec4to16|lpm_mux:Mux7|mux_joc:auto_generated|result_node[0]~1  ; out0             ;
; |dec4to16|lpm_mux:Mux7|mux_joc:auto_generated|result_node[0]    ; |dec4to16|lpm_mux:Mux7|mux_joc:auto_generated|result_node[0]    ; out0             ;
; |dec4to16|lpm_mux:Mux6|mux_joc:auto_generated|_~0               ; |dec4to16|lpm_mux:Mux6|mux_joc:auto_generated|_~0               ; out0             ;
; |dec4to16|lpm_mux:Mux6|mux_joc:auto_generated|_~2               ; |dec4to16|lpm_mux:Mux6|mux_joc:auto_generated|_~2               ; out0             ;
; |dec4to16|lpm_mux:Mux6|mux_joc:auto_generated|_~4               ; |dec4to16|lpm_mux:Mux6|mux_joc:auto_generated|_~4               ; out0             ;
; |dec4to16|lpm_mux:Mux6|mux_joc:auto_generated|_~9               ; |dec4to16|lpm_mux:Mux6|mux_joc:auto_generated|_~9               ; out0             ;
; |dec4to16|lpm_mux:Mux6|mux_joc:auto_generated|_~11              ; |dec4to16|lpm_mux:Mux6|mux_joc:auto_generated|_~11              ; out0             ;
; |dec4to16|lpm_mux:Mux6|mux_joc:auto_generated|_~13              ; |dec4to16|lpm_mux:Mux6|mux_joc:auto_generated|_~13              ; out0             ;
; |dec4to16|lpm_mux:Mux6|mux_joc:auto_generated|_~19              ; |dec4to16|lpm_mux:Mux6|mux_joc:auto_generated|_~19              ; out0             ;
; |dec4to16|lpm_mux:Mux6|mux_joc:auto_generated|_~20              ; |dec4to16|lpm_mux:Mux6|mux_joc:auto_generated|_~20              ; out0             ;
; |dec4to16|lpm_mux:Mux6|mux_joc:auto_generated|_~21              ; |dec4to16|lpm_mux:Mux6|mux_joc:auto_generated|_~21              ; out0             ;
; |dec4to16|lpm_mux:Mux6|mux_joc:auto_generated|_~22              ; |dec4to16|lpm_mux:Mux6|mux_joc:auto_generated|_~22              ; out0             ;
; |dec4to16|lpm_mux:Mux6|mux_joc:auto_generated|_~24              ; |dec4to16|lpm_mux:Mux6|mux_joc:auto_generated|_~24              ; out0             ;
; |dec4to16|lpm_mux:Mux6|mux_joc:auto_generated|_~26              ; |dec4to16|lpm_mux:Mux6|mux_joc:auto_generated|_~26              ; out0             ;
; |dec4to16|lpm_mux:Mux6|mux_joc:auto_generated|_~31              ; |dec4to16|lpm_mux:Mux6|mux_joc:auto_generated|_~31              ; out0             ;
; |dec4to16|lpm_mux:Mux6|mux_joc:auto_generated|_~33              ; |dec4to16|lpm_mux:Mux6|mux_joc:auto_generated|_~33              ; out0             ;
; |dec4to16|lpm_mux:Mux6|mux_joc:auto_generated|_~35              ; |dec4to16|lpm_mux:Mux6|mux_joc:auto_generated|_~35              ; out0             ;
; |dec4to16|lpm_mux:Mux6|mux_joc:auto_generated|_~41              ; |dec4to16|lpm_mux:Mux6|mux_joc:auto_generated|_~41              ; out0             ;
; |dec4to16|lpm_mux:Mux6|mux_joc:auto_generated|_~42              ; |dec4to16|lpm_mux:Mux6|mux_joc:auto_generated|_~42              ; out0             ;
; |dec4to16|lpm_mux:Mux6|mux_joc:auto_generated|_~44              ; |dec4to16|lpm_mux:Mux6|mux_joc:auto_generated|_~44              ; out0             ;
; |dec4to16|lpm_mux:Mux6|mux_joc:auto_generated|_~46              ; |dec4to16|lpm_mux:Mux6|mux_joc:auto_generated|_~46              ; out0             ;
; |dec4to16|lpm_mux:Mux6|mux_joc:auto_generated|_~49              ; |dec4to16|lpm_mux:Mux6|mux_joc:auto_generated|_~49              ; out0             ;
; |dec4to16|lpm_mux:Mux6|mux_joc:auto_generated|_~51              ; |dec4to16|lpm_mux:Mux6|mux_joc:auto_generated|_~51              ; out0             ;
; |dec4to16|lpm_mux:Mux6|mux_joc:auto_generated|_~58              ; |dec4to16|lpm_mux:Mux6|mux_joc:auto_generated|_~58              ; out0             ;
; |dec4to16|lpm_mux:Mux6|mux_joc:auto_generated|_~60              ; |dec4to16|lpm_mux:Mux6|mux_joc:auto_generated|_~60              ; out0             ;
; |dec4to16|lpm_mux:Mux6|mux_joc:auto_generated|_~66              ; |dec4to16|lpm_mux:Mux6|mux_joc:auto_generated|_~66              ; out0             ;
; |dec4to16|lpm_mux:Mux6|mux_joc:auto_generated|_~69              ; |dec4to16|lpm_mux:Mux6|mux_joc:auto_generated|_~69              ; out0             ;
; |dec4to16|lpm_mux:Mux6|mux_joc:auto_generated|_~70              ; |dec4to16|lpm_mux:Mux6|mux_joc:auto_generated|_~70              ; out0             ;
; |dec4to16|lpm_mux:Mux6|mux_joc:auto_generated|_~71              ; |dec4to16|lpm_mux:Mux6|mux_joc:auto_generated|_~71              ; out0             ;
; |dec4to16|lpm_mux:Mux6|mux_joc:auto_generated|result_node[0]~0  ; |dec4to16|lpm_mux:Mux6|mux_joc:auto_generated|result_node[0]~0  ; out0             ;
; |dec4to16|lpm_mux:Mux6|mux_joc:auto_generated|_~72              ; |dec4to16|lpm_mux:Mux6|mux_joc:auto_generated|_~72              ; out0             ;
; |dec4to16|lpm_mux:Mux6|mux_joc:auto_generated|_~74              ; |dec4to16|lpm_mux:Mux6|mux_joc:auto_generated|_~74              ; out0             ;
; |dec4to16|lpm_mux:Mux6|mux_joc:auto_generated|_~76              ; |dec4to16|lpm_mux:Mux6|mux_joc:auto_generated|_~76              ; out0             ;
; |dec4to16|lpm_mux:Mux6|mux_joc:auto_generated|_~81              ; |dec4to16|lpm_mux:Mux6|mux_joc:auto_generated|_~81              ; out0             ;
; |dec4to16|lpm_mux:Mux6|mux_joc:auto_generated|_~83              ; |dec4to16|lpm_mux:Mux6|mux_joc:auto_generated|_~83              ; out0             ;
; |dec4to16|lpm_mux:Mux6|mux_joc:auto_generated|_~85              ; |dec4to16|lpm_mux:Mux6|mux_joc:auto_generated|_~85              ; out0             ;
; |dec4to16|lpm_mux:Mux6|mux_joc:auto_generated|_~91              ; |dec4to16|lpm_mux:Mux6|mux_joc:auto_generated|_~91              ; out0             ;
; |dec4to16|lpm_mux:Mux6|mux_joc:auto_generated|_~92              ; |dec4to16|lpm_mux:Mux6|mux_joc:auto_generated|_~92              ; out0             ;
; |dec4to16|lpm_mux:Mux6|mux_joc:auto_generated|_~94              ; |dec4to16|lpm_mux:Mux6|mux_joc:auto_generated|_~94              ; out0             ;
; |dec4to16|lpm_mux:Mux6|mux_joc:auto_generated|_~96              ; |dec4to16|lpm_mux:Mux6|mux_joc:auto_generated|_~96              ; out0             ;
; |dec4to16|lpm_mux:Mux6|mux_joc:auto_generated|_~99              ; |dec4to16|lpm_mux:Mux6|mux_joc:auto_generated|_~99              ; out0             ;
; |dec4to16|lpm_mux:Mux6|mux_joc:auto_generated|_~101             ; |dec4to16|lpm_mux:Mux6|mux_joc:auto_generated|_~101             ; out0             ;
; |dec4to16|lpm_mux:Mux6|mux_joc:auto_generated|_~108             ; |dec4to16|lpm_mux:Mux6|mux_joc:auto_generated|_~108             ; out0             ;
; |dec4to16|lpm_mux:Mux6|mux_joc:auto_generated|_~110             ; |dec4to16|lpm_mux:Mux6|mux_joc:auto_generated|_~110             ; out0             ;
; |dec4to16|lpm_mux:Mux6|mux_joc:auto_generated|_~116             ; |dec4to16|lpm_mux:Mux6|mux_joc:auto_generated|_~116             ; out0             ;
; |dec4to16|lpm_mux:Mux6|mux_joc:auto_generated|_~119             ; |dec4to16|lpm_mux:Mux6|mux_joc:auto_generated|_~119             ; out0             ;
; |dec4to16|lpm_mux:Mux6|mux_joc:auto_generated|_~120             ; |dec4to16|lpm_mux:Mux6|mux_joc:auto_generated|_~120             ; out0             ;
; |dec4to16|lpm_mux:Mux6|mux_joc:auto_generated|_~121             ; |dec4to16|lpm_mux:Mux6|mux_joc:auto_generated|_~121             ; out0             ;
; |dec4to16|lpm_mux:Mux6|mux_joc:auto_generated|_~123             ; |dec4to16|lpm_mux:Mux6|mux_joc:auto_generated|_~123             ; out0             ;
; |dec4to16|lpm_mux:Mux6|mux_joc:auto_generated|_~125             ; |dec4to16|lpm_mux:Mux6|mux_joc:auto_generated|_~125             ; out0             ;
; |dec4to16|lpm_mux:Mux6|mux_joc:auto_generated|_~130             ; |dec4to16|lpm_mux:Mux6|mux_joc:auto_generated|_~130             ; out0             ;
; |dec4to16|lpm_mux:Mux6|mux_joc:auto_generated|_~132             ; |dec4to16|lpm_mux:Mux6|mux_joc:auto_generated|_~132             ; out0             ;
; |dec4to16|lpm_mux:Mux6|mux_joc:auto_generated|_~134             ; |dec4to16|lpm_mux:Mux6|mux_joc:auto_generated|_~134             ; out0             ;
; |dec4to16|lpm_mux:Mux6|mux_joc:auto_generated|_~140             ; |dec4to16|lpm_mux:Mux6|mux_joc:auto_generated|_~140             ; out0             ;
; |dec4to16|lpm_mux:Mux6|mux_joc:auto_generated|_~141             ; |dec4to16|lpm_mux:Mux6|mux_joc:auto_generated|_~141             ; out0             ;
; |dec4to16|lpm_mux:Mux6|mux_joc:auto_generated|result_node[0]~1  ; |dec4to16|lpm_mux:Mux6|mux_joc:auto_generated|result_node[0]~1  ; out0             ;
; |dec4to16|lpm_mux:Mux6|mux_joc:auto_generated|result_node[0]    ; |dec4to16|lpm_mux:Mux6|mux_joc:auto_generated|result_node[0]    ; out0             ;
; |dec4to16|lpm_mux:Mux5|mux_joc:auto_generated|_~0               ; |dec4to16|lpm_mux:Mux5|mux_joc:auto_generated|_~0               ; out0             ;
; |dec4to16|lpm_mux:Mux5|mux_joc:auto_generated|_~2               ; |dec4to16|lpm_mux:Mux5|mux_joc:auto_generated|_~2               ; out0             ;
; |dec4to16|lpm_mux:Mux5|mux_joc:auto_generated|_~4               ; |dec4to16|lpm_mux:Mux5|mux_joc:auto_generated|_~4               ; out0             ;
; |dec4to16|lpm_mux:Mux5|mux_joc:auto_generated|_~9               ; |dec4to16|lpm_mux:Mux5|mux_joc:auto_generated|_~9               ; out0             ;
; |dec4to16|lpm_mux:Mux5|mux_joc:auto_generated|_~11              ; |dec4to16|lpm_mux:Mux5|mux_joc:auto_generated|_~11              ; out0             ;
; |dec4to16|lpm_mux:Mux5|mux_joc:auto_generated|_~13              ; |dec4to16|lpm_mux:Mux5|mux_joc:auto_generated|_~13              ; out0             ;
; |dec4to16|lpm_mux:Mux5|mux_joc:auto_generated|_~19              ; |dec4to16|lpm_mux:Mux5|mux_joc:auto_generated|_~19              ; out0             ;
; |dec4to16|lpm_mux:Mux5|mux_joc:auto_generated|_~20              ; |dec4to16|lpm_mux:Mux5|mux_joc:auto_generated|_~20              ; out0             ;
; |dec4to16|lpm_mux:Mux5|mux_joc:auto_generated|_~21              ; |dec4to16|lpm_mux:Mux5|mux_joc:auto_generated|_~21              ; out0             ;
; |dec4to16|lpm_mux:Mux5|mux_joc:auto_generated|_~22              ; |dec4to16|lpm_mux:Mux5|mux_joc:auto_generated|_~22              ; out0             ;
; |dec4to16|lpm_mux:Mux5|mux_joc:auto_generated|_~24              ; |dec4to16|lpm_mux:Mux5|mux_joc:auto_generated|_~24              ; out0             ;
; |dec4to16|lpm_mux:Mux5|mux_joc:auto_generated|_~26              ; |dec4to16|lpm_mux:Mux5|mux_joc:auto_generated|_~26              ; out0             ;
; |dec4to16|lpm_mux:Mux5|mux_joc:auto_generated|_~31              ; |dec4to16|lpm_mux:Mux5|mux_joc:auto_generated|_~31              ; out0             ;
; |dec4to16|lpm_mux:Mux5|mux_joc:auto_generated|_~33              ; |dec4to16|lpm_mux:Mux5|mux_joc:auto_generated|_~33              ; out0             ;
; |dec4to16|lpm_mux:Mux5|mux_joc:auto_generated|_~35              ; |dec4to16|lpm_mux:Mux5|mux_joc:auto_generated|_~35              ; out0             ;
; |dec4to16|lpm_mux:Mux5|mux_joc:auto_generated|_~41              ; |dec4to16|lpm_mux:Mux5|mux_joc:auto_generated|_~41              ; out0             ;
; |dec4to16|lpm_mux:Mux5|mux_joc:auto_generated|_~42              ; |dec4to16|lpm_mux:Mux5|mux_joc:auto_generated|_~42              ; out0             ;
; |dec4to16|lpm_mux:Mux5|mux_joc:auto_generated|_~44              ; |dec4to16|lpm_mux:Mux5|mux_joc:auto_generated|_~44              ; out0             ;
; |dec4to16|lpm_mux:Mux5|mux_joc:auto_generated|_~46              ; |dec4to16|lpm_mux:Mux5|mux_joc:auto_generated|_~46              ; out0             ;
; |dec4to16|lpm_mux:Mux5|mux_joc:auto_generated|_~47              ; |dec4to16|lpm_mux:Mux5|mux_joc:auto_generated|_~47              ; out0             ;
; |dec4to16|lpm_mux:Mux5|mux_joc:auto_generated|_~49              ; |dec4to16|lpm_mux:Mux5|mux_joc:auto_generated|_~49              ; out0             ;
; |dec4to16|lpm_mux:Mux5|mux_joc:auto_generated|_~51              ; |dec4to16|lpm_mux:Mux5|mux_joc:auto_generated|_~51              ; out0             ;
; |dec4to16|lpm_mux:Mux5|mux_joc:auto_generated|_~52              ; |dec4to16|lpm_mux:Mux5|mux_joc:auto_generated|_~52              ; out0             ;
; |dec4to16|lpm_mux:Mux5|mux_joc:auto_generated|_~56              ; |dec4to16|lpm_mux:Mux5|mux_joc:auto_generated|_~56              ; out0             ;
; |dec4to16|lpm_mux:Mux5|mux_joc:auto_generated|_~58              ; |dec4to16|lpm_mux:Mux5|mux_joc:auto_generated|_~58              ; out0             ;
; |dec4to16|lpm_mux:Mux5|mux_joc:auto_generated|_~60              ; |dec4to16|lpm_mux:Mux5|mux_joc:auto_generated|_~60              ; out0             ;
; |dec4to16|lpm_mux:Mux5|mux_joc:auto_generated|_~61              ; |dec4to16|lpm_mux:Mux5|mux_joc:auto_generated|_~61              ; out0             ;
; |dec4to16|lpm_mux:Mux5|mux_joc:auto_generated|_~69              ; |dec4to16|lpm_mux:Mux5|mux_joc:auto_generated|_~69              ; out0             ;
; |dec4to16|lpm_mux:Mux5|mux_joc:auto_generated|_~70              ; |dec4to16|lpm_mux:Mux5|mux_joc:auto_generated|_~70              ; out0             ;
; |dec4to16|lpm_mux:Mux5|mux_joc:auto_generated|_~71              ; |dec4to16|lpm_mux:Mux5|mux_joc:auto_generated|_~71              ; out0             ;
; |dec4to16|lpm_mux:Mux5|mux_joc:auto_generated|result_node[0]~0  ; |dec4to16|lpm_mux:Mux5|mux_joc:auto_generated|result_node[0]~0  ; out0             ;
; |dec4to16|lpm_mux:Mux5|mux_joc:auto_generated|_~72              ; |dec4to16|lpm_mux:Mux5|mux_joc:auto_generated|_~72              ; out0             ;
; |dec4to16|lpm_mux:Mux5|mux_joc:auto_generated|_~74              ; |dec4to16|lpm_mux:Mux5|mux_joc:auto_generated|_~74              ; out0             ;
; |dec4to16|lpm_mux:Mux5|mux_joc:auto_generated|_~76              ; |dec4to16|lpm_mux:Mux5|mux_joc:auto_generated|_~76              ; out0             ;
; |dec4to16|lpm_mux:Mux5|mux_joc:auto_generated|_~81              ; |dec4to16|lpm_mux:Mux5|mux_joc:auto_generated|_~81              ; out0             ;
; |dec4to16|lpm_mux:Mux5|mux_joc:auto_generated|_~83              ; |dec4to16|lpm_mux:Mux5|mux_joc:auto_generated|_~83              ; out0             ;
; |dec4to16|lpm_mux:Mux5|mux_joc:auto_generated|_~85              ; |dec4to16|lpm_mux:Mux5|mux_joc:auto_generated|_~85              ; out0             ;
; |dec4to16|lpm_mux:Mux5|mux_joc:auto_generated|_~91              ; |dec4to16|lpm_mux:Mux5|mux_joc:auto_generated|_~91              ; out0             ;
; |dec4to16|lpm_mux:Mux5|mux_joc:auto_generated|_~92              ; |dec4to16|lpm_mux:Mux5|mux_joc:auto_generated|_~92              ; out0             ;
; |dec4to16|lpm_mux:Mux5|mux_joc:auto_generated|_~94              ; |dec4to16|lpm_mux:Mux5|mux_joc:auto_generated|_~94              ; out0             ;
; |dec4to16|lpm_mux:Mux5|mux_joc:auto_generated|_~96              ; |dec4to16|lpm_mux:Mux5|mux_joc:auto_generated|_~96              ; out0             ;
; |dec4to16|lpm_mux:Mux5|mux_joc:auto_generated|_~97              ; |dec4to16|lpm_mux:Mux5|mux_joc:auto_generated|_~97              ; out0             ;
; |dec4to16|lpm_mux:Mux5|mux_joc:auto_generated|_~99              ; |dec4to16|lpm_mux:Mux5|mux_joc:auto_generated|_~99              ; out0             ;
; |dec4to16|lpm_mux:Mux5|mux_joc:auto_generated|_~101             ; |dec4to16|lpm_mux:Mux5|mux_joc:auto_generated|_~101             ; out0             ;
; |dec4to16|lpm_mux:Mux5|mux_joc:auto_generated|_~102             ; |dec4to16|lpm_mux:Mux5|mux_joc:auto_generated|_~102             ; out0             ;
; |dec4to16|lpm_mux:Mux5|mux_joc:auto_generated|_~106             ; |dec4to16|lpm_mux:Mux5|mux_joc:auto_generated|_~106             ; out0             ;
; |dec4to16|lpm_mux:Mux5|mux_joc:auto_generated|_~108             ; |dec4to16|lpm_mux:Mux5|mux_joc:auto_generated|_~108             ; out0             ;
; |dec4to16|lpm_mux:Mux5|mux_joc:auto_generated|_~110             ; |dec4to16|lpm_mux:Mux5|mux_joc:auto_generated|_~110             ; out0             ;
; |dec4to16|lpm_mux:Mux5|mux_joc:auto_generated|_~111             ; |dec4to16|lpm_mux:Mux5|mux_joc:auto_generated|_~111             ; out0             ;
; |dec4to16|lpm_mux:Mux5|mux_joc:auto_generated|_~119             ; |dec4to16|lpm_mux:Mux5|mux_joc:auto_generated|_~119             ; out0             ;
; |dec4to16|lpm_mux:Mux5|mux_joc:auto_generated|_~120             ; |dec4to16|lpm_mux:Mux5|mux_joc:auto_generated|_~120             ; out0             ;
; |dec4to16|lpm_mux:Mux5|mux_joc:auto_generated|_~121             ; |dec4to16|lpm_mux:Mux5|mux_joc:auto_generated|_~121             ; out0             ;
; |dec4to16|lpm_mux:Mux5|mux_joc:auto_generated|_~123             ; |dec4to16|lpm_mux:Mux5|mux_joc:auto_generated|_~123             ; out0             ;
; |dec4to16|lpm_mux:Mux5|mux_joc:auto_generated|_~125             ; |dec4to16|lpm_mux:Mux5|mux_joc:auto_generated|_~125             ; out0             ;
; |dec4to16|lpm_mux:Mux5|mux_joc:auto_generated|_~130             ; |dec4to16|lpm_mux:Mux5|mux_joc:auto_generated|_~130             ; out0             ;
; |dec4to16|lpm_mux:Mux5|mux_joc:auto_generated|_~132             ; |dec4to16|lpm_mux:Mux5|mux_joc:auto_generated|_~132             ; out0             ;
; |dec4to16|lpm_mux:Mux5|mux_joc:auto_generated|_~134             ; |dec4to16|lpm_mux:Mux5|mux_joc:auto_generated|_~134             ; out0             ;
; |dec4to16|lpm_mux:Mux5|mux_joc:auto_generated|_~140             ; |dec4to16|lpm_mux:Mux5|mux_joc:auto_generated|_~140             ; out0             ;
; |dec4to16|lpm_mux:Mux5|mux_joc:auto_generated|_~141             ; |dec4to16|lpm_mux:Mux5|mux_joc:auto_generated|_~141             ; out0             ;
; |dec4to16|lpm_mux:Mux5|mux_joc:auto_generated|result_node[0]~1  ; |dec4to16|lpm_mux:Mux5|mux_joc:auto_generated|result_node[0]~1  ; out0             ;
; |dec4to16|lpm_mux:Mux5|mux_joc:auto_generated|result_node[0]    ; |dec4to16|lpm_mux:Mux5|mux_joc:auto_generated|result_node[0]    ; out0             ;
; |dec4to16|lpm_mux:Mux4|mux_joc:auto_generated|_~0               ; |dec4to16|lpm_mux:Mux4|mux_joc:auto_generated|_~0               ; out0             ;
; |dec4to16|lpm_mux:Mux4|mux_joc:auto_generated|_~2               ; |dec4to16|lpm_mux:Mux4|mux_joc:auto_generated|_~2               ; out0             ;
; |dec4to16|lpm_mux:Mux4|mux_joc:auto_generated|_~4               ; |dec4to16|lpm_mux:Mux4|mux_joc:auto_generated|_~4               ; out0             ;
; |dec4to16|lpm_mux:Mux4|mux_joc:auto_generated|_~9               ; |dec4to16|lpm_mux:Mux4|mux_joc:auto_generated|_~9               ; out0             ;
; |dec4to16|lpm_mux:Mux4|mux_joc:auto_generated|_~11              ; |dec4to16|lpm_mux:Mux4|mux_joc:auto_generated|_~11              ; out0             ;
; |dec4to16|lpm_mux:Mux4|mux_joc:auto_generated|_~13              ; |dec4to16|lpm_mux:Mux4|mux_joc:auto_generated|_~13              ; out0             ;
; |dec4to16|lpm_mux:Mux4|mux_joc:auto_generated|_~19              ; |dec4to16|lpm_mux:Mux4|mux_joc:auto_generated|_~19              ; out0             ;
; |dec4to16|lpm_mux:Mux4|mux_joc:auto_generated|_~20              ; |dec4to16|lpm_mux:Mux4|mux_joc:auto_generated|_~20              ; out0             ;
; |dec4to16|lpm_mux:Mux4|mux_joc:auto_generated|_~21              ; |dec4to16|lpm_mux:Mux4|mux_joc:auto_generated|_~21              ; out0             ;
; |dec4to16|lpm_mux:Mux4|mux_joc:auto_generated|_~22              ; |dec4to16|lpm_mux:Mux4|mux_joc:auto_generated|_~22              ; out0             ;
; |dec4to16|lpm_mux:Mux4|mux_joc:auto_generated|_~24              ; |dec4to16|lpm_mux:Mux4|mux_joc:auto_generated|_~24              ; out0             ;
; |dec4to16|lpm_mux:Mux4|mux_joc:auto_generated|_~26              ; |dec4to16|lpm_mux:Mux4|mux_joc:auto_generated|_~26              ; out0             ;
; |dec4to16|lpm_mux:Mux4|mux_joc:auto_generated|_~31              ; |dec4to16|lpm_mux:Mux4|mux_joc:auto_generated|_~31              ; out0             ;
; |dec4to16|lpm_mux:Mux4|mux_joc:auto_generated|_~33              ; |dec4to16|lpm_mux:Mux4|mux_joc:auto_generated|_~33              ; out0             ;
; |dec4to16|lpm_mux:Mux4|mux_joc:auto_generated|_~35              ; |dec4to16|lpm_mux:Mux4|mux_joc:auto_generated|_~35              ; out0             ;
; |dec4to16|lpm_mux:Mux4|mux_joc:auto_generated|_~41              ; |dec4to16|lpm_mux:Mux4|mux_joc:auto_generated|_~41              ; out0             ;
; |dec4to16|lpm_mux:Mux4|mux_joc:auto_generated|_~42              ; |dec4to16|lpm_mux:Mux4|mux_joc:auto_generated|_~42              ; out0             ;
; |dec4to16|lpm_mux:Mux4|mux_joc:auto_generated|_~44              ; |dec4to16|lpm_mux:Mux4|mux_joc:auto_generated|_~44              ; out0             ;
; |dec4to16|lpm_mux:Mux4|mux_joc:auto_generated|_~46              ; |dec4to16|lpm_mux:Mux4|mux_joc:auto_generated|_~46              ; out0             ;
; |dec4to16|lpm_mux:Mux4|mux_joc:auto_generated|_~47              ; |dec4to16|lpm_mux:Mux4|mux_joc:auto_generated|_~47              ; out0             ;
; |dec4to16|lpm_mux:Mux4|mux_joc:auto_generated|_~49              ; |dec4to16|lpm_mux:Mux4|mux_joc:auto_generated|_~49              ; out0             ;
; |dec4to16|lpm_mux:Mux4|mux_joc:auto_generated|_~51              ; |dec4to16|lpm_mux:Mux4|mux_joc:auto_generated|_~51              ; out0             ;
; |dec4to16|lpm_mux:Mux4|mux_joc:auto_generated|_~56              ; |dec4to16|lpm_mux:Mux4|mux_joc:auto_generated|_~56              ; out0             ;
; |dec4to16|lpm_mux:Mux4|mux_joc:auto_generated|_~58              ; |dec4to16|lpm_mux:Mux4|mux_joc:auto_generated|_~58              ; out0             ;
; |dec4to16|lpm_mux:Mux4|mux_joc:auto_generated|_~60              ; |dec4to16|lpm_mux:Mux4|mux_joc:auto_generated|_~60              ; out0             ;
; |dec4to16|lpm_mux:Mux4|mux_joc:auto_generated|_~65              ; |dec4to16|lpm_mux:Mux4|mux_joc:auto_generated|_~65              ; out0             ;
; |dec4to16|lpm_mux:Mux4|mux_joc:auto_generated|result_node[0]~0  ; |dec4to16|lpm_mux:Mux4|mux_joc:auto_generated|result_node[0]~0  ; out0             ;
; |dec4to16|lpm_mux:Mux4|mux_joc:auto_generated|_~72              ; |dec4to16|lpm_mux:Mux4|mux_joc:auto_generated|_~72              ; out0             ;
; |dec4to16|lpm_mux:Mux4|mux_joc:auto_generated|_~74              ; |dec4to16|lpm_mux:Mux4|mux_joc:auto_generated|_~74              ; out0             ;
; |dec4to16|lpm_mux:Mux4|mux_joc:auto_generated|_~76              ; |dec4to16|lpm_mux:Mux4|mux_joc:auto_generated|_~76              ; out0             ;
; |dec4to16|lpm_mux:Mux4|mux_joc:auto_generated|_~81              ; |dec4to16|lpm_mux:Mux4|mux_joc:auto_generated|_~81              ; out0             ;
; |dec4to16|lpm_mux:Mux4|mux_joc:auto_generated|_~83              ; |dec4to16|lpm_mux:Mux4|mux_joc:auto_generated|_~83              ; out0             ;
; |dec4to16|lpm_mux:Mux4|mux_joc:auto_generated|_~85              ; |dec4to16|lpm_mux:Mux4|mux_joc:auto_generated|_~85              ; out0             ;
; |dec4to16|lpm_mux:Mux4|mux_joc:auto_generated|_~91              ; |dec4to16|lpm_mux:Mux4|mux_joc:auto_generated|_~91              ; out0             ;
; |dec4to16|lpm_mux:Mux4|mux_joc:auto_generated|_~92              ; |dec4to16|lpm_mux:Mux4|mux_joc:auto_generated|_~92              ; out0             ;
; |dec4to16|lpm_mux:Mux4|mux_joc:auto_generated|_~94              ; |dec4to16|lpm_mux:Mux4|mux_joc:auto_generated|_~94              ; out0             ;
; |dec4to16|lpm_mux:Mux4|mux_joc:auto_generated|_~96              ; |dec4to16|lpm_mux:Mux4|mux_joc:auto_generated|_~96              ; out0             ;
; |dec4to16|lpm_mux:Mux4|mux_joc:auto_generated|_~97              ; |dec4to16|lpm_mux:Mux4|mux_joc:auto_generated|_~97              ; out0             ;
; |dec4to16|lpm_mux:Mux4|mux_joc:auto_generated|_~99              ; |dec4to16|lpm_mux:Mux4|mux_joc:auto_generated|_~99              ; out0             ;
; |dec4to16|lpm_mux:Mux4|mux_joc:auto_generated|_~101             ; |dec4to16|lpm_mux:Mux4|mux_joc:auto_generated|_~101             ; out0             ;
; |dec4to16|lpm_mux:Mux4|mux_joc:auto_generated|_~106             ; |dec4to16|lpm_mux:Mux4|mux_joc:auto_generated|_~106             ; out0             ;
; |dec4to16|lpm_mux:Mux4|mux_joc:auto_generated|_~108             ; |dec4to16|lpm_mux:Mux4|mux_joc:auto_generated|_~108             ; out0             ;
; |dec4to16|lpm_mux:Mux4|mux_joc:auto_generated|_~110             ; |dec4to16|lpm_mux:Mux4|mux_joc:auto_generated|_~110             ; out0             ;
; |dec4to16|lpm_mux:Mux4|mux_joc:auto_generated|_~115             ; |dec4to16|lpm_mux:Mux4|mux_joc:auto_generated|_~115             ; out0             ;
; |dec4to16|lpm_mux:Mux4|mux_joc:auto_generated|_~121             ; |dec4to16|lpm_mux:Mux4|mux_joc:auto_generated|_~121             ; out0             ;
; |dec4to16|lpm_mux:Mux4|mux_joc:auto_generated|_~123             ; |dec4to16|lpm_mux:Mux4|mux_joc:auto_generated|_~123             ; out0             ;
; |dec4to16|lpm_mux:Mux4|mux_joc:auto_generated|_~125             ; |dec4to16|lpm_mux:Mux4|mux_joc:auto_generated|_~125             ; out0             ;
; |dec4to16|lpm_mux:Mux4|mux_joc:auto_generated|_~130             ; |dec4to16|lpm_mux:Mux4|mux_joc:auto_generated|_~130             ; out0             ;
; |dec4to16|lpm_mux:Mux4|mux_joc:auto_generated|_~132             ; |dec4to16|lpm_mux:Mux4|mux_joc:auto_generated|_~132             ; out0             ;
; |dec4to16|lpm_mux:Mux4|mux_joc:auto_generated|_~134             ; |dec4to16|lpm_mux:Mux4|mux_joc:auto_generated|_~134             ; out0             ;
; |dec4to16|lpm_mux:Mux4|mux_joc:auto_generated|_~140             ; |dec4to16|lpm_mux:Mux4|mux_joc:auto_generated|_~140             ; out0             ;
; |dec4to16|lpm_mux:Mux4|mux_joc:auto_generated|_~141             ; |dec4to16|lpm_mux:Mux4|mux_joc:auto_generated|_~141             ; out0             ;
; |dec4to16|lpm_mux:Mux3|mux_joc:auto_generated|_~0               ; |dec4to16|lpm_mux:Mux3|mux_joc:auto_generated|_~0               ; out0             ;
; |dec4to16|lpm_mux:Mux3|mux_joc:auto_generated|_~2               ; |dec4to16|lpm_mux:Mux3|mux_joc:auto_generated|_~2               ; out0             ;
; |dec4to16|lpm_mux:Mux3|mux_joc:auto_generated|_~4               ; |dec4to16|lpm_mux:Mux3|mux_joc:auto_generated|_~4               ; out0             ;
; |dec4to16|lpm_mux:Mux3|mux_joc:auto_generated|_~9               ; |dec4to16|lpm_mux:Mux3|mux_joc:auto_generated|_~9               ; out0             ;
; |dec4to16|lpm_mux:Mux3|mux_joc:auto_generated|_~11              ; |dec4to16|lpm_mux:Mux3|mux_joc:auto_generated|_~11              ; out0             ;
; |dec4to16|lpm_mux:Mux3|mux_joc:auto_generated|_~13              ; |dec4to16|lpm_mux:Mux3|mux_joc:auto_generated|_~13              ; out0             ;
; |dec4to16|lpm_mux:Mux3|mux_joc:auto_generated|_~19              ; |dec4to16|lpm_mux:Mux3|mux_joc:auto_generated|_~19              ; out0             ;
; |dec4to16|lpm_mux:Mux3|mux_joc:auto_generated|_~20              ; |dec4to16|lpm_mux:Mux3|mux_joc:auto_generated|_~20              ; out0             ;
; |dec4to16|lpm_mux:Mux3|mux_joc:auto_generated|_~21              ; |dec4to16|lpm_mux:Mux3|mux_joc:auto_generated|_~21              ; out0             ;
; |dec4to16|lpm_mux:Mux3|mux_joc:auto_generated|_~22              ; |dec4to16|lpm_mux:Mux3|mux_joc:auto_generated|_~22              ; out0             ;
; |dec4to16|lpm_mux:Mux3|mux_joc:auto_generated|_~24              ; |dec4to16|lpm_mux:Mux3|mux_joc:auto_generated|_~24              ; out0             ;
; |dec4to16|lpm_mux:Mux3|mux_joc:auto_generated|_~26              ; |dec4to16|lpm_mux:Mux3|mux_joc:auto_generated|_~26              ; out0             ;
; |dec4to16|lpm_mux:Mux3|mux_joc:auto_generated|_~31              ; |dec4to16|lpm_mux:Mux3|mux_joc:auto_generated|_~31              ; out0             ;
; |dec4to16|lpm_mux:Mux3|mux_joc:auto_generated|_~33              ; |dec4to16|lpm_mux:Mux3|mux_joc:auto_generated|_~33              ; out0             ;
; |dec4to16|lpm_mux:Mux3|mux_joc:auto_generated|_~35              ; |dec4to16|lpm_mux:Mux3|mux_joc:auto_generated|_~35              ; out0             ;
; |dec4to16|lpm_mux:Mux3|mux_joc:auto_generated|_~41              ; |dec4to16|lpm_mux:Mux3|mux_joc:auto_generated|_~41              ; out0             ;
; |dec4to16|lpm_mux:Mux3|mux_joc:auto_generated|_~42              ; |dec4to16|lpm_mux:Mux3|mux_joc:auto_generated|_~42              ; out0             ;
; |dec4to16|lpm_mux:Mux3|mux_joc:auto_generated|_~44              ; |dec4to16|lpm_mux:Mux3|mux_joc:auto_generated|_~44              ; out0             ;
; |dec4to16|lpm_mux:Mux3|mux_joc:auto_generated|_~46              ; |dec4to16|lpm_mux:Mux3|mux_joc:auto_generated|_~46              ; out0             ;
; |dec4to16|lpm_mux:Mux3|mux_joc:auto_generated|_~47              ; |dec4to16|lpm_mux:Mux3|mux_joc:auto_generated|_~47              ; out0             ;
; |dec4to16|lpm_mux:Mux3|mux_joc:auto_generated|_~49              ; |dec4to16|lpm_mux:Mux3|mux_joc:auto_generated|_~49              ; out0             ;
; |dec4to16|lpm_mux:Mux3|mux_joc:auto_generated|_~51              ; |dec4to16|lpm_mux:Mux3|mux_joc:auto_generated|_~51              ; out0             ;
; |dec4to16|lpm_mux:Mux3|mux_joc:auto_generated|_~56              ; |dec4to16|lpm_mux:Mux3|mux_joc:auto_generated|_~56              ; out0             ;
; |dec4to16|lpm_mux:Mux3|mux_joc:auto_generated|_~58              ; |dec4to16|lpm_mux:Mux3|mux_joc:auto_generated|_~58              ; out0             ;
; |dec4to16|lpm_mux:Mux3|mux_joc:auto_generated|_~60              ; |dec4to16|lpm_mux:Mux3|mux_joc:auto_generated|_~60              ; out0             ;
; |dec4to16|lpm_mux:Mux3|mux_joc:auto_generated|_~66              ; |dec4to16|lpm_mux:Mux3|mux_joc:auto_generated|_~66              ; out0             ;
; |dec4to16|lpm_mux:Mux3|mux_joc:auto_generated|_~67              ; |dec4to16|lpm_mux:Mux3|mux_joc:auto_generated|_~67              ; out0             ;
; |dec4to16|lpm_mux:Mux3|mux_joc:auto_generated|_~69              ; |dec4to16|lpm_mux:Mux3|mux_joc:auto_generated|_~69              ; out0             ;
; |dec4to16|lpm_mux:Mux3|mux_joc:auto_generated|_~70              ; |dec4to16|lpm_mux:Mux3|mux_joc:auto_generated|_~70              ; out0             ;
; |dec4to16|lpm_mux:Mux3|mux_joc:auto_generated|_~71              ; |dec4to16|lpm_mux:Mux3|mux_joc:auto_generated|_~71              ; out0             ;
; |dec4to16|lpm_mux:Mux3|mux_joc:auto_generated|result_node[0]~0  ; |dec4to16|lpm_mux:Mux3|mux_joc:auto_generated|result_node[0]~0  ; out0             ;
; |dec4to16|lpm_mux:Mux3|mux_joc:auto_generated|_~72              ; |dec4to16|lpm_mux:Mux3|mux_joc:auto_generated|_~72              ; out0             ;
; |dec4to16|lpm_mux:Mux3|mux_joc:auto_generated|_~74              ; |dec4to16|lpm_mux:Mux3|mux_joc:auto_generated|_~74              ; out0             ;
; |dec4to16|lpm_mux:Mux3|mux_joc:auto_generated|_~76              ; |dec4to16|lpm_mux:Mux3|mux_joc:auto_generated|_~76              ; out0             ;
; |dec4to16|lpm_mux:Mux3|mux_joc:auto_generated|_~81              ; |dec4to16|lpm_mux:Mux3|mux_joc:auto_generated|_~81              ; out0             ;
; |dec4to16|lpm_mux:Mux3|mux_joc:auto_generated|_~83              ; |dec4to16|lpm_mux:Mux3|mux_joc:auto_generated|_~83              ; out0             ;
; |dec4to16|lpm_mux:Mux3|mux_joc:auto_generated|_~85              ; |dec4to16|lpm_mux:Mux3|mux_joc:auto_generated|_~85              ; out0             ;
; |dec4to16|lpm_mux:Mux3|mux_joc:auto_generated|_~91              ; |dec4to16|lpm_mux:Mux3|mux_joc:auto_generated|_~91              ; out0             ;
; |dec4to16|lpm_mux:Mux3|mux_joc:auto_generated|_~92              ; |dec4to16|lpm_mux:Mux3|mux_joc:auto_generated|_~92              ; out0             ;
; |dec4to16|lpm_mux:Mux3|mux_joc:auto_generated|_~94              ; |dec4to16|lpm_mux:Mux3|mux_joc:auto_generated|_~94              ; out0             ;
; |dec4to16|lpm_mux:Mux3|mux_joc:auto_generated|_~96              ; |dec4to16|lpm_mux:Mux3|mux_joc:auto_generated|_~96              ; out0             ;
; |dec4to16|lpm_mux:Mux3|mux_joc:auto_generated|_~97              ; |dec4to16|lpm_mux:Mux3|mux_joc:auto_generated|_~97              ; out0             ;
; |dec4to16|lpm_mux:Mux3|mux_joc:auto_generated|_~99              ; |dec4to16|lpm_mux:Mux3|mux_joc:auto_generated|_~99              ; out0             ;
; |dec4to16|lpm_mux:Mux3|mux_joc:auto_generated|_~101             ; |dec4to16|lpm_mux:Mux3|mux_joc:auto_generated|_~101             ; out0             ;
; |dec4to16|lpm_mux:Mux3|mux_joc:auto_generated|_~106             ; |dec4to16|lpm_mux:Mux3|mux_joc:auto_generated|_~106             ; out0             ;
; |dec4to16|lpm_mux:Mux3|mux_joc:auto_generated|_~108             ; |dec4to16|lpm_mux:Mux3|mux_joc:auto_generated|_~108             ; out0             ;
; |dec4to16|lpm_mux:Mux3|mux_joc:auto_generated|_~110             ; |dec4to16|lpm_mux:Mux3|mux_joc:auto_generated|_~110             ; out0             ;
; |dec4to16|lpm_mux:Mux3|mux_joc:auto_generated|_~116             ; |dec4to16|lpm_mux:Mux3|mux_joc:auto_generated|_~116             ; out0             ;
; |dec4to16|lpm_mux:Mux3|mux_joc:auto_generated|_~117             ; |dec4to16|lpm_mux:Mux3|mux_joc:auto_generated|_~117             ; out0             ;
; |dec4to16|lpm_mux:Mux3|mux_joc:auto_generated|_~119             ; |dec4to16|lpm_mux:Mux3|mux_joc:auto_generated|_~119             ; out0             ;
; |dec4to16|lpm_mux:Mux3|mux_joc:auto_generated|_~120             ; |dec4to16|lpm_mux:Mux3|mux_joc:auto_generated|_~120             ; out0             ;
; |dec4to16|lpm_mux:Mux3|mux_joc:auto_generated|_~121             ; |dec4to16|lpm_mux:Mux3|mux_joc:auto_generated|_~121             ; out0             ;
; |dec4to16|lpm_mux:Mux3|mux_joc:auto_generated|_~130             ; |dec4to16|lpm_mux:Mux3|mux_joc:auto_generated|_~130             ; out0             ;
; |dec4to16|lpm_mux:Mux3|mux_joc:auto_generated|result_node[0]~1  ; |dec4to16|lpm_mux:Mux3|mux_joc:auto_generated|result_node[0]~1  ; out0             ;
; |dec4to16|lpm_mux:Mux3|mux_joc:auto_generated|result_node[0]    ; |dec4to16|lpm_mux:Mux3|mux_joc:auto_generated|result_node[0]    ; out0             ;
; |dec4to16|lpm_mux:Mux2|mux_joc:auto_generated|_~0               ; |dec4to16|lpm_mux:Mux2|mux_joc:auto_generated|_~0               ; out0             ;
; |dec4to16|lpm_mux:Mux2|mux_joc:auto_generated|_~2               ; |dec4to16|lpm_mux:Mux2|mux_joc:auto_generated|_~2               ; out0             ;
; |dec4to16|lpm_mux:Mux2|mux_joc:auto_generated|_~4               ; |dec4to16|lpm_mux:Mux2|mux_joc:auto_generated|_~4               ; out0             ;
; |dec4to16|lpm_mux:Mux2|mux_joc:auto_generated|_~9               ; |dec4to16|lpm_mux:Mux2|mux_joc:auto_generated|_~9               ; out0             ;
; |dec4to16|lpm_mux:Mux2|mux_joc:auto_generated|_~11              ; |dec4to16|lpm_mux:Mux2|mux_joc:auto_generated|_~11              ; out0             ;
; |dec4to16|lpm_mux:Mux2|mux_joc:auto_generated|_~13              ; |dec4to16|lpm_mux:Mux2|mux_joc:auto_generated|_~13              ; out0             ;
; |dec4to16|lpm_mux:Mux2|mux_joc:auto_generated|_~19              ; |dec4to16|lpm_mux:Mux2|mux_joc:auto_generated|_~19              ; out0             ;
; |dec4to16|lpm_mux:Mux2|mux_joc:auto_generated|_~20              ; |dec4to16|lpm_mux:Mux2|mux_joc:auto_generated|_~20              ; out0             ;
; |dec4to16|lpm_mux:Mux2|mux_joc:auto_generated|_~21              ; |dec4to16|lpm_mux:Mux2|mux_joc:auto_generated|_~21              ; out0             ;
; |dec4to16|lpm_mux:Mux2|mux_joc:auto_generated|_~22              ; |dec4to16|lpm_mux:Mux2|mux_joc:auto_generated|_~22              ; out0             ;
; |dec4to16|lpm_mux:Mux2|mux_joc:auto_generated|_~24              ; |dec4to16|lpm_mux:Mux2|mux_joc:auto_generated|_~24              ; out0             ;
; |dec4to16|lpm_mux:Mux2|mux_joc:auto_generated|_~26              ; |dec4to16|lpm_mux:Mux2|mux_joc:auto_generated|_~26              ; out0             ;
; |dec4to16|lpm_mux:Mux2|mux_joc:auto_generated|_~31              ; |dec4to16|lpm_mux:Mux2|mux_joc:auto_generated|_~31              ; out0             ;
; |dec4to16|lpm_mux:Mux2|mux_joc:auto_generated|_~33              ; |dec4to16|lpm_mux:Mux2|mux_joc:auto_generated|_~33              ; out0             ;
; |dec4to16|lpm_mux:Mux2|mux_joc:auto_generated|_~35              ; |dec4to16|lpm_mux:Mux2|mux_joc:auto_generated|_~35              ; out0             ;
; |dec4to16|lpm_mux:Mux2|mux_joc:auto_generated|_~41              ; |dec4to16|lpm_mux:Mux2|mux_joc:auto_generated|_~41              ; out0             ;
; |dec4to16|lpm_mux:Mux2|mux_joc:auto_generated|_~42              ; |dec4to16|lpm_mux:Mux2|mux_joc:auto_generated|_~42              ; out0             ;
; |dec4to16|lpm_mux:Mux2|mux_joc:auto_generated|_~44              ; |dec4to16|lpm_mux:Mux2|mux_joc:auto_generated|_~44              ; out0             ;
; |dec4to16|lpm_mux:Mux2|mux_joc:auto_generated|_~46              ; |dec4to16|lpm_mux:Mux2|mux_joc:auto_generated|_~46              ; out0             ;
; |dec4to16|lpm_mux:Mux2|mux_joc:auto_generated|_~47              ; |dec4to16|lpm_mux:Mux2|mux_joc:auto_generated|_~47              ; out0             ;
; |dec4to16|lpm_mux:Mux2|mux_joc:auto_generated|_~49              ; |dec4to16|lpm_mux:Mux2|mux_joc:auto_generated|_~49              ; out0             ;
; |dec4to16|lpm_mux:Mux2|mux_joc:auto_generated|_~51              ; |dec4to16|lpm_mux:Mux2|mux_joc:auto_generated|_~51              ; out0             ;
; |dec4to16|lpm_mux:Mux2|mux_joc:auto_generated|_~56              ; |dec4to16|lpm_mux:Mux2|mux_joc:auto_generated|_~56              ; out0             ;
; |dec4to16|lpm_mux:Mux2|mux_joc:auto_generated|_~58              ; |dec4to16|lpm_mux:Mux2|mux_joc:auto_generated|_~58              ; out0             ;
; |dec4to16|lpm_mux:Mux2|mux_joc:auto_generated|_~60              ; |dec4to16|lpm_mux:Mux2|mux_joc:auto_generated|_~60              ; out0             ;
; |dec4to16|lpm_mux:Mux2|mux_joc:auto_generated|_~66              ; |dec4to16|lpm_mux:Mux2|mux_joc:auto_generated|_~66              ; out0             ;
; |dec4to16|lpm_mux:Mux2|mux_joc:auto_generated|_~67              ; |dec4to16|lpm_mux:Mux2|mux_joc:auto_generated|_~67              ; out0             ;
; |dec4to16|lpm_mux:Mux2|mux_joc:auto_generated|_~69              ; |dec4to16|lpm_mux:Mux2|mux_joc:auto_generated|_~69              ; out0             ;
; |dec4to16|lpm_mux:Mux2|mux_joc:auto_generated|_~70              ; |dec4to16|lpm_mux:Mux2|mux_joc:auto_generated|_~70              ; out0             ;
; |dec4to16|lpm_mux:Mux2|mux_joc:auto_generated|_~71              ; |dec4to16|lpm_mux:Mux2|mux_joc:auto_generated|_~71              ; out0             ;
; |dec4to16|lpm_mux:Mux2|mux_joc:auto_generated|result_node[0]~0  ; |dec4to16|lpm_mux:Mux2|mux_joc:auto_generated|result_node[0]~0  ; out0             ;
; |dec4to16|lpm_mux:Mux2|mux_joc:auto_generated|_~72              ; |dec4to16|lpm_mux:Mux2|mux_joc:auto_generated|_~72              ; out0             ;
; |dec4to16|lpm_mux:Mux2|mux_joc:auto_generated|_~74              ; |dec4to16|lpm_mux:Mux2|mux_joc:auto_generated|_~74              ; out0             ;
; |dec4to16|lpm_mux:Mux2|mux_joc:auto_generated|_~76              ; |dec4to16|lpm_mux:Mux2|mux_joc:auto_generated|_~76              ; out0             ;
; |dec4to16|lpm_mux:Mux2|mux_joc:auto_generated|_~81              ; |dec4to16|lpm_mux:Mux2|mux_joc:auto_generated|_~81              ; out0             ;
; |dec4to16|lpm_mux:Mux2|mux_joc:auto_generated|_~83              ; |dec4to16|lpm_mux:Mux2|mux_joc:auto_generated|_~83              ; out0             ;
; |dec4to16|lpm_mux:Mux2|mux_joc:auto_generated|_~85              ; |dec4to16|lpm_mux:Mux2|mux_joc:auto_generated|_~85              ; out0             ;
; |dec4to16|lpm_mux:Mux2|mux_joc:auto_generated|_~91              ; |dec4to16|lpm_mux:Mux2|mux_joc:auto_generated|_~91              ; out0             ;
; |dec4to16|lpm_mux:Mux2|mux_joc:auto_generated|_~92              ; |dec4to16|lpm_mux:Mux2|mux_joc:auto_generated|_~92              ; out0             ;
; |dec4to16|lpm_mux:Mux2|mux_joc:auto_generated|_~94              ; |dec4to16|lpm_mux:Mux2|mux_joc:auto_generated|_~94              ; out0             ;
; |dec4to16|lpm_mux:Mux2|mux_joc:auto_generated|_~96              ; |dec4to16|lpm_mux:Mux2|mux_joc:auto_generated|_~96              ; out0             ;
; |dec4to16|lpm_mux:Mux2|mux_joc:auto_generated|_~97              ; |dec4to16|lpm_mux:Mux2|mux_joc:auto_generated|_~97              ; out0             ;
; |dec4to16|lpm_mux:Mux2|mux_joc:auto_generated|_~99              ; |dec4to16|lpm_mux:Mux2|mux_joc:auto_generated|_~99              ; out0             ;
; |dec4to16|lpm_mux:Mux2|mux_joc:auto_generated|_~101             ; |dec4to16|lpm_mux:Mux2|mux_joc:auto_generated|_~101             ; out0             ;
; |dec4to16|lpm_mux:Mux2|mux_joc:auto_generated|_~106             ; |dec4to16|lpm_mux:Mux2|mux_joc:auto_generated|_~106             ; out0             ;
; |dec4to16|lpm_mux:Mux2|mux_joc:auto_generated|_~108             ; |dec4to16|lpm_mux:Mux2|mux_joc:auto_generated|_~108             ; out0             ;
; |dec4to16|lpm_mux:Mux2|mux_joc:auto_generated|_~110             ; |dec4to16|lpm_mux:Mux2|mux_joc:auto_generated|_~110             ; out0             ;
; |dec4to16|lpm_mux:Mux2|mux_joc:auto_generated|_~116             ; |dec4to16|lpm_mux:Mux2|mux_joc:auto_generated|_~116             ; out0             ;
; |dec4to16|lpm_mux:Mux2|mux_joc:auto_generated|_~117             ; |dec4to16|lpm_mux:Mux2|mux_joc:auto_generated|_~117             ; out0             ;
; |dec4to16|lpm_mux:Mux2|mux_joc:auto_generated|_~119             ; |dec4to16|lpm_mux:Mux2|mux_joc:auto_generated|_~119             ; out0             ;
; |dec4to16|lpm_mux:Mux2|mux_joc:auto_generated|_~120             ; |dec4to16|lpm_mux:Mux2|mux_joc:auto_generated|_~120             ; out0             ;
; |dec4to16|lpm_mux:Mux2|mux_joc:auto_generated|_~123             ; |dec4to16|lpm_mux:Mux2|mux_joc:auto_generated|_~123             ; out0             ;
; |dec4to16|lpm_mux:Mux2|mux_joc:auto_generated|_~125             ; |dec4to16|lpm_mux:Mux2|mux_joc:auto_generated|_~125             ; out0             ;
; |dec4to16|lpm_mux:Mux2|mux_joc:auto_generated|_~132             ; |dec4to16|lpm_mux:Mux2|mux_joc:auto_generated|_~132             ; out0             ;
; |dec4to16|lpm_mux:Mux2|mux_joc:auto_generated|_~134             ; |dec4to16|lpm_mux:Mux2|mux_joc:auto_generated|_~134             ; out0             ;
; |dec4to16|lpm_mux:Mux2|mux_joc:auto_generated|_~140             ; |dec4to16|lpm_mux:Mux2|mux_joc:auto_generated|_~140             ; out0             ;
; |dec4to16|lpm_mux:Mux2|mux_joc:auto_generated|result_node[0]~1  ; |dec4to16|lpm_mux:Mux2|mux_joc:auto_generated|result_node[0]~1  ; out0             ;
; |dec4to16|lpm_mux:Mux2|mux_joc:auto_generated|result_node[0]    ; |dec4to16|lpm_mux:Mux2|mux_joc:auto_generated|result_node[0]    ; out0             ;
; |dec4to16|lpm_mux:Mux1|mux_joc:auto_generated|_~0               ; |dec4to16|lpm_mux:Mux1|mux_joc:auto_generated|_~0               ; out0             ;
; |dec4to16|lpm_mux:Mux1|mux_joc:auto_generated|_~2               ; |dec4to16|lpm_mux:Mux1|mux_joc:auto_generated|_~2               ; out0             ;
; |dec4to16|lpm_mux:Mux1|mux_joc:auto_generated|_~4               ; |dec4to16|lpm_mux:Mux1|mux_joc:auto_generated|_~4               ; out0             ;
; |dec4to16|lpm_mux:Mux1|mux_joc:auto_generated|_~9               ; |dec4to16|lpm_mux:Mux1|mux_joc:auto_generated|_~9               ; out0             ;
; |dec4to16|lpm_mux:Mux1|mux_joc:auto_generated|_~11              ; |dec4to16|lpm_mux:Mux1|mux_joc:auto_generated|_~11              ; out0             ;
; |dec4to16|lpm_mux:Mux1|mux_joc:auto_generated|_~13              ; |dec4to16|lpm_mux:Mux1|mux_joc:auto_generated|_~13              ; out0             ;
; |dec4to16|lpm_mux:Mux1|mux_joc:auto_generated|_~19              ; |dec4to16|lpm_mux:Mux1|mux_joc:auto_generated|_~19              ; out0             ;
; |dec4to16|lpm_mux:Mux1|mux_joc:auto_generated|_~20              ; |dec4to16|lpm_mux:Mux1|mux_joc:auto_generated|_~20              ; out0             ;
; |dec4to16|lpm_mux:Mux1|mux_joc:auto_generated|_~21              ; |dec4to16|lpm_mux:Mux1|mux_joc:auto_generated|_~21              ; out0             ;
; |dec4to16|lpm_mux:Mux1|mux_joc:auto_generated|_~22              ; |dec4to16|lpm_mux:Mux1|mux_joc:auto_generated|_~22              ; out0             ;
; |dec4to16|lpm_mux:Mux1|mux_joc:auto_generated|_~24              ; |dec4to16|lpm_mux:Mux1|mux_joc:auto_generated|_~24              ; out0             ;
; |dec4to16|lpm_mux:Mux1|mux_joc:auto_generated|_~26              ; |dec4to16|lpm_mux:Mux1|mux_joc:auto_generated|_~26              ; out0             ;
; |dec4to16|lpm_mux:Mux1|mux_joc:auto_generated|_~31              ; |dec4to16|lpm_mux:Mux1|mux_joc:auto_generated|_~31              ; out0             ;
; |dec4to16|lpm_mux:Mux1|mux_joc:auto_generated|_~33              ; |dec4to16|lpm_mux:Mux1|mux_joc:auto_generated|_~33              ; out0             ;
; |dec4to16|lpm_mux:Mux1|mux_joc:auto_generated|_~35              ; |dec4to16|lpm_mux:Mux1|mux_joc:auto_generated|_~35              ; out0             ;
; |dec4to16|lpm_mux:Mux1|mux_joc:auto_generated|_~41              ; |dec4to16|lpm_mux:Mux1|mux_joc:auto_generated|_~41              ; out0             ;
; |dec4to16|lpm_mux:Mux1|mux_joc:auto_generated|_~42              ; |dec4to16|lpm_mux:Mux1|mux_joc:auto_generated|_~42              ; out0             ;
; |dec4to16|lpm_mux:Mux1|mux_joc:auto_generated|_~44              ; |dec4to16|lpm_mux:Mux1|mux_joc:auto_generated|_~44              ; out0             ;
; |dec4to16|lpm_mux:Mux1|mux_joc:auto_generated|_~46              ; |dec4to16|lpm_mux:Mux1|mux_joc:auto_generated|_~46              ; out0             ;
; |dec4to16|lpm_mux:Mux1|mux_joc:auto_generated|_~47              ; |dec4to16|lpm_mux:Mux1|mux_joc:auto_generated|_~47              ; out0             ;
; |dec4to16|lpm_mux:Mux1|mux_joc:auto_generated|_~49              ; |dec4to16|lpm_mux:Mux1|mux_joc:auto_generated|_~49              ; out0             ;
; |dec4to16|lpm_mux:Mux1|mux_joc:auto_generated|_~51              ; |dec4to16|lpm_mux:Mux1|mux_joc:auto_generated|_~51              ; out0             ;
; |dec4to16|lpm_mux:Mux1|mux_joc:auto_generated|_~56              ; |dec4to16|lpm_mux:Mux1|mux_joc:auto_generated|_~56              ; out0             ;
; |dec4to16|lpm_mux:Mux1|mux_joc:auto_generated|_~58              ; |dec4to16|lpm_mux:Mux1|mux_joc:auto_generated|_~58              ; out0             ;
; |dec4to16|lpm_mux:Mux1|mux_joc:auto_generated|_~60              ; |dec4to16|lpm_mux:Mux1|mux_joc:auto_generated|_~60              ; out0             ;
; |dec4to16|lpm_mux:Mux1|mux_joc:auto_generated|_~66              ; |dec4to16|lpm_mux:Mux1|mux_joc:auto_generated|_~66              ; out0             ;
; |dec4to16|lpm_mux:Mux1|mux_joc:auto_generated|_~67              ; |dec4to16|lpm_mux:Mux1|mux_joc:auto_generated|_~67              ; out0             ;
; |dec4to16|lpm_mux:Mux1|mux_joc:auto_generated|_~69              ; |dec4to16|lpm_mux:Mux1|mux_joc:auto_generated|_~69              ; out0             ;
; |dec4to16|lpm_mux:Mux1|mux_joc:auto_generated|_~70              ; |dec4to16|lpm_mux:Mux1|mux_joc:auto_generated|_~70              ; out0             ;
; |dec4to16|lpm_mux:Mux1|mux_joc:auto_generated|_~71              ; |dec4to16|lpm_mux:Mux1|mux_joc:auto_generated|_~71              ; out0             ;
; |dec4to16|lpm_mux:Mux1|mux_joc:auto_generated|result_node[0]~0  ; |dec4to16|lpm_mux:Mux1|mux_joc:auto_generated|result_node[0]~0  ; out0             ;
; |dec4to16|lpm_mux:Mux1|mux_joc:auto_generated|_~72              ; |dec4to16|lpm_mux:Mux1|mux_joc:auto_generated|_~72              ; out0             ;
; |dec4to16|lpm_mux:Mux1|mux_joc:auto_generated|_~74              ; |dec4to16|lpm_mux:Mux1|mux_joc:auto_generated|_~74              ; out0             ;
; |dec4to16|lpm_mux:Mux1|mux_joc:auto_generated|_~76              ; |dec4to16|lpm_mux:Mux1|mux_joc:auto_generated|_~76              ; out0             ;
; |dec4to16|lpm_mux:Mux1|mux_joc:auto_generated|_~81              ; |dec4to16|lpm_mux:Mux1|mux_joc:auto_generated|_~81              ; out0             ;
; |dec4to16|lpm_mux:Mux1|mux_joc:auto_generated|_~83              ; |dec4to16|lpm_mux:Mux1|mux_joc:auto_generated|_~83              ; out0             ;
; |dec4to16|lpm_mux:Mux1|mux_joc:auto_generated|_~85              ; |dec4to16|lpm_mux:Mux1|mux_joc:auto_generated|_~85              ; out0             ;
; |dec4to16|lpm_mux:Mux1|mux_joc:auto_generated|_~91              ; |dec4to16|lpm_mux:Mux1|mux_joc:auto_generated|_~91              ; out0             ;
; |dec4to16|lpm_mux:Mux1|mux_joc:auto_generated|_~92              ; |dec4to16|lpm_mux:Mux1|mux_joc:auto_generated|_~92              ; out0             ;
; |dec4to16|lpm_mux:Mux1|mux_joc:auto_generated|_~94              ; |dec4to16|lpm_mux:Mux1|mux_joc:auto_generated|_~94              ; out0             ;
; |dec4to16|lpm_mux:Mux1|mux_joc:auto_generated|_~96              ; |dec4to16|lpm_mux:Mux1|mux_joc:auto_generated|_~96              ; out0             ;
; |dec4to16|lpm_mux:Mux1|mux_joc:auto_generated|_~97              ; |dec4to16|lpm_mux:Mux1|mux_joc:auto_generated|_~97              ; out0             ;
; |dec4to16|lpm_mux:Mux1|mux_joc:auto_generated|_~99              ; |dec4to16|lpm_mux:Mux1|mux_joc:auto_generated|_~99              ; out0             ;
; |dec4to16|lpm_mux:Mux1|mux_joc:auto_generated|_~101             ; |dec4to16|lpm_mux:Mux1|mux_joc:auto_generated|_~101             ; out0             ;
; |dec4to16|lpm_mux:Mux1|mux_joc:auto_generated|_~106             ; |dec4to16|lpm_mux:Mux1|mux_joc:auto_generated|_~106             ; out0             ;
; |dec4to16|lpm_mux:Mux1|mux_joc:auto_generated|_~108             ; |dec4to16|lpm_mux:Mux1|mux_joc:auto_generated|_~108             ; out0             ;
; |dec4to16|lpm_mux:Mux1|mux_joc:auto_generated|_~110             ; |dec4to16|lpm_mux:Mux1|mux_joc:auto_generated|_~110             ; out0             ;
; |dec4to16|lpm_mux:Mux1|mux_joc:auto_generated|_~116             ; |dec4to16|lpm_mux:Mux1|mux_joc:auto_generated|_~116             ; out0             ;
; |dec4to16|lpm_mux:Mux1|mux_joc:auto_generated|_~117             ; |dec4to16|lpm_mux:Mux1|mux_joc:auto_generated|_~117             ; out0             ;
; |dec4to16|lpm_mux:Mux1|mux_joc:auto_generated|_~119             ; |dec4to16|lpm_mux:Mux1|mux_joc:auto_generated|_~119             ; out0             ;
; |dec4to16|lpm_mux:Mux1|mux_joc:auto_generated|_~120             ; |dec4to16|lpm_mux:Mux1|mux_joc:auto_generated|_~120             ; out0             ;
; |dec4to16|lpm_mux:Mux1|mux_joc:auto_generated|_~121             ; |dec4to16|lpm_mux:Mux1|mux_joc:auto_generated|_~121             ; out0             ;
; |dec4to16|lpm_mux:Mux1|mux_joc:auto_generated|_~123             ; |dec4to16|lpm_mux:Mux1|mux_joc:auto_generated|_~123             ; out0             ;
; |dec4to16|lpm_mux:Mux1|mux_joc:auto_generated|_~125             ; |dec4to16|lpm_mux:Mux1|mux_joc:auto_generated|_~125             ; out0             ;
; |dec4to16|lpm_mux:Mux1|mux_joc:auto_generated|_~126             ; |dec4to16|lpm_mux:Mux1|mux_joc:auto_generated|_~126             ; out0             ;
; |dec4to16|lpm_mux:Mux1|mux_joc:auto_generated|_~130             ; |dec4to16|lpm_mux:Mux1|mux_joc:auto_generated|_~130             ; out0             ;
; |dec4to16|lpm_mux:Mux1|mux_joc:auto_generated|_~132             ; |dec4to16|lpm_mux:Mux1|mux_joc:auto_generated|_~132             ; out0             ;
; |dec4to16|lpm_mux:Mux1|mux_joc:auto_generated|_~134             ; |dec4to16|lpm_mux:Mux1|mux_joc:auto_generated|_~134             ; out0             ;
; |dec4to16|lpm_mux:Mux1|mux_joc:auto_generated|_~135             ; |dec4to16|lpm_mux:Mux1|mux_joc:auto_generated|_~135             ; out0             ;
; |dec4to16|lpm_mux:Mux1|mux_joc:auto_generated|result_node[0]~1  ; |dec4to16|lpm_mux:Mux1|mux_joc:auto_generated|result_node[0]~1  ; out0             ;
; |dec4to16|lpm_mux:Mux1|mux_joc:auto_generated|result_node[0]    ; |dec4to16|lpm_mux:Mux1|mux_joc:auto_generated|result_node[0]    ; out0             ;
; |dec4to16|lpm_mux:Mux0|mux_joc:auto_generated|_~0               ; |dec4to16|lpm_mux:Mux0|mux_joc:auto_generated|_~0               ; out0             ;
; |dec4to16|lpm_mux:Mux0|mux_joc:auto_generated|_~2               ; |dec4to16|lpm_mux:Mux0|mux_joc:auto_generated|_~2               ; out0             ;
; |dec4to16|lpm_mux:Mux0|mux_joc:auto_generated|_~4               ; |dec4to16|lpm_mux:Mux0|mux_joc:auto_generated|_~4               ; out0             ;
; |dec4to16|lpm_mux:Mux0|mux_joc:auto_generated|_~9               ; |dec4to16|lpm_mux:Mux0|mux_joc:auto_generated|_~9               ; out0             ;
; |dec4to16|lpm_mux:Mux0|mux_joc:auto_generated|_~11              ; |dec4to16|lpm_mux:Mux0|mux_joc:auto_generated|_~11              ; out0             ;
; |dec4to16|lpm_mux:Mux0|mux_joc:auto_generated|_~13              ; |dec4to16|lpm_mux:Mux0|mux_joc:auto_generated|_~13              ; out0             ;
; |dec4to16|lpm_mux:Mux0|mux_joc:auto_generated|_~19              ; |dec4to16|lpm_mux:Mux0|mux_joc:auto_generated|_~19              ; out0             ;
; |dec4to16|lpm_mux:Mux0|mux_joc:auto_generated|_~20              ; |dec4to16|lpm_mux:Mux0|mux_joc:auto_generated|_~20              ; out0             ;
; |dec4to16|lpm_mux:Mux0|mux_joc:auto_generated|_~21              ; |dec4to16|lpm_mux:Mux0|mux_joc:auto_generated|_~21              ; out0             ;
; |dec4to16|lpm_mux:Mux0|mux_joc:auto_generated|_~22              ; |dec4to16|lpm_mux:Mux0|mux_joc:auto_generated|_~22              ; out0             ;
; |dec4to16|lpm_mux:Mux0|mux_joc:auto_generated|_~24              ; |dec4to16|lpm_mux:Mux0|mux_joc:auto_generated|_~24              ; out0             ;
; |dec4to16|lpm_mux:Mux0|mux_joc:auto_generated|_~26              ; |dec4to16|lpm_mux:Mux0|mux_joc:auto_generated|_~26              ; out0             ;
; |dec4to16|lpm_mux:Mux0|mux_joc:auto_generated|_~31              ; |dec4to16|lpm_mux:Mux0|mux_joc:auto_generated|_~31              ; out0             ;
; |dec4to16|lpm_mux:Mux0|mux_joc:auto_generated|_~33              ; |dec4to16|lpm_mux:Mux0|mux_joc:auto_generated|_~33              ; out0             ;
; |dec4to16|lpm_mux:Mux0|mux_joc:auto_generated|_~35              ; |dec4to16|lpm_mux:Mux0|mux_joc:auto_generated|_~35              ; out0             ;
; |dec4to16|lpm_mux:Mux0|mux_joc:auto_generated|_~41              ; |dec4to16|lpm_mux:Mux0|mux_joc:auto_generated|_~41              ; out0             ;
; |dec4to16|lpm_mux:Mux0|mux_joc:auto_generated|_~42              ; |dec4to16|lpm_mux:Mux0|mux_joc:auto_generated|_~42              ; out0             ;
; |dec4to16|lpm_mux:Mux0|mux_joc:auto_generated|_~44              ; |dec4to16|lpm_mux:Mux0|mux_joc:auto_generated|_~44              ; out0             ;
; |dec4to16|lpm_mux:Mux0|mux_joc:auto_generated|_~46              ; |dec4to16|lpm_mux:Mux0|mux_joc:auto_generated|_~46              ; out0             ;
; |dec4to16|lpm_mux:Mux0|mux_joc:auto_generated|_~47              ; |dec4to16|lpm_mux:Mux0|mux_joc:auto_generated|_~47              ; out0             ;
; |dec4to16|lpm_mux:Mux0|mux_joc:auto_generated|_~49              ; |dec4to16|lpm_mux:Mux0|mux_joc:auto_generated|_~49              ; out0             ;
; |dec4to16|lpm_mux:Mux0|mux_joc:auto_generated|_~51              ; |dec4to16|lpm_mux:Mux0|mux_joc:auto_generated|_~51              ; out0             ;
; |dec4to16|lpm_mux:Mux0|mux_joc:auto_generated|_~56              ; |dec4to16|lpm_mux:Mux0|mux_joc:auto_generated|_~56              ; out0             ;
; |dec4to16|lpm_mux:Mux0|mux_joc:auto_generated|_~58              ; |dec4to16|lpm_mux:Mux0|mux_joc:auto_generated|_~58              ; out0             ;
; |dec4to16|lpm_mux:Mux0|mux_joc:auto_generated|_~60              ; |dec4to16|lpm_mux:Mux0|mux_joc:auto_generated|_~60              ; out0             ;
; |dec4to16|lpm_mux:Mux0|mux_joc:auto_generated|_~66              ; |dec4to16|lpm_mux:Mux0|mux_joc:auto_generated|_~66              ; out0             ;
; |dec4to16|lpm_mux:Mux0|mux_joc:auto_generated|_~67              ; |dec4to16|lpm_mux:Mux0|mux_joc:auto_generated|_~67              ; out0             ;
; |dec4to16|lpm_mux:Mux0|mux_joc:auto_generated|_~69              ; |dec4to16|lpm_mux:Mux0|mux_joc:auto_generated|_~69              ; out0             ;
; |dec4to16|lpm_mux:Mux0|mux_joc:auto_generated|_~70              ; |dec4to16|lpm_mux:Mux0|mux_joc:auto_generated|_~70              ; out0             ;
; |dec4to16|lpm_mux:Mux0|mux_joc:auto_generated|_~71              ; |dec4to16|lpm_mux:Mux0|mux_joc:auto_generated|_~71              ; out0             ;
; |dec4to16|lpm_mux:Mux0|mux_joc:auto_generated|result_node[0]~0  ; |dec4to16|lpm_mux:Mux0|mux_joc:auto_generated|result_node[0]~0  ; out0             ;
; |dec4to16|lpm_mux:Mux0|mux_joc:auto_generated|_~72              ; |dec4to16|lpm_mux:Mux0|mux_joc:auto_generated|_~72              ; out0             ;
; |dec4to16|lpm_mux:Mux0|mux_joc:auto_generated|_~74              ; |dec4to16|lpm_mux:Mux0|mux_joc:auto_generated|_~74              ; out0             ;
; |dec4to16|lpm_mux:Mux0|mux_joc:auto_generated|_~76              ; |dec4to16|lpm_mux:Mux0|mux_joc:auto_generated|_~76              ; out0             ;
; |dec4to16|lpm_mux:Mux0|mux_joc:auto_generated|_~81              ; |dec4to16|lpm_mux:Mux0|mux_joc:auto_generated|_~81              ; out0             ;
; |dec4to16|lpm_mux:Mux0|mux_joc:auto_generated|_~83              ; |dec4to16|lpm_mux:Mux0|mux_joc:auto_generated|_~83              ; out0             ;
; |dec4to16|lpm_mux:Mux0|mux_joc:auto_generated|_~85              ; |dec4to16|lpm_mux:Mux0|mux_joc:auto_generated|_~85              ; out0             ;
; |dec4to16|lpm_mux:Mux0|mux_joc:auto_generated|_~91              ; |dec4to16|lpm_mux:Mux0|mux_joc:auto_generated|_~91              ; out0             ;
; |dec4to16|lpm_mux:Mux0|mux_joc:auto_generated|_~92              ; |dec4to16|lpm_mux:Mux0|mux_joc:auto_generated|_~92              ; out0             ;
; |dec4to16|lpm_mux:Mux0|mux_joc:auto_generated|_~94              ; |dec4to16|lpm_mux:Mux0|mux_joc:auto_generated|_~94              ; out0             ;
; |dec4to16|lpm_mux:Mux0|mux_joc:auto_generated|_~96              ; |dec4to16|lpm_mux:Mux0|mux_joc:auto_generated|_~96              ; out0             ;
; |dec4to16|lpm_mux:Mux0|mux_joc:auto_generated|_~97              ; |dec4to16|lpm_mux:Mux0|mux_joc:auto_generated|_~97              ; out0             ;
; |dec4to16|lpm_mux:Mux0|mux_joc:auto_generated|_~99              ; |dec4to16|lpm_mux:Mux0|mux_joc:auto_generated|_~99              ; out0             ;
; |dec4to16|lpm_mux:Mux0|mux_joc:auto_generated|_~101             ; |dec4to16|lpm_mux:Mux0|mux_joc:auto_generated|_~101             ; out0             ;
; |dec4to16|lpm_mux:Mux0|mux_joc:auto_generated|_~106             ; |dec4to16|lpm_mux:Mux0|mux_joc:auto_generated|_~106             ; out0             ;
; |dec4to16|lpm_mux:Mux0|mux_joc:auto_generated|_~108             ; |dec4to16|lpm_mux:Mux0|mux_joc:auto_generated|_~108             ; out0             ;
; |dec4to16|lpm_mux:Mux0|mux_joc:auto_generated|_~110             ; |dec4to16|lpm_mux:Mux0|mux_joc:auto_generated|_~110             ; out0             ;
; |dec4to16|lpm_mux:Mux0|mux_joc:auto_generated|_~116             ; |dec4to16|lpm_mux:Mux0|mux_joc:auto_generated|_~116             ; out0             ;
; |dec4to16|lpm_mux:Mux0|mux_joc:auto_generated|_~117             ; |dec4to16|lpm_mux:Mux0|mux_joc:auto_generated|_~117             ; out0             ;
; |dec4to16|lpm_mux:Mux0|mux_joc:auto_generated|_~119             ; |dec4to16|lpm_mux:Mux0|mux_joc:auto_generated|_~119             ; out0             ;
; |dec4to16|lpm_mux:Mux0|mux_joc:auto_generated|_~120             ; |dec4to16|lpm_mux:Mux0|mux_joc:auto_generated|_~120             ; out0             ;
; |dec4to16|lpm_mux:Mux0|mux_joc:auto_generated|_~121             ; |dec4to16|lpm_mux:Mux0|mux_joc:auto_generated|_~121             ; out0             ;
; |dec4to16|lpm_mux:Mux0|mux_joc:auto_generated|_~123             ; |dec4to16|lpm_mux:Mux0|mux_joc:auto_generated|_~123             ; out0             ;
; |dec4to16|lpm_mux:Mux0|mux_joc:auto_generated|_~125             ; |dec4to16|lpm_mux:Mux0|mux_joc:auto_generated|_~125             ; out0             ;
; |dec4to16|lpm_mux:Mux0|mux_joc:auto_generated|_~130             ; |dec4to16|lpm_mux:Mux0|mux_joc:auto_generated|_~130             ; out0             ;
; |dec4to16|lpm_mux:Mux0|mux_joc:auto_generated|_~132             ; |dec4to16|lpm_mux:Mux0|mux_joc:auto_generated|_~132             ; out0             ;
; |dec4to16|lpm_mux:Mux0|mux_joc:auto_generated|_~134             ; |dec4to16|lpm_mux:Mux0|mux_joc:auto_generated|_~134             ; out0             ;
; |dec4to16|lpm_mux:Mux0|mux_joc:auto_generated|_~139             ; |dec4to16|lpm_mux:Mux0|mux_joc:auto_generated|_~139             ; out0             ;
; |dec4to16|lpm_mux:Mux0|mux_joc:auto_generated|result_node[0]~1  ; |dec4to16|lpm_mux:Mux0|mux_joc:auto_generated|result_node[0]~1  ; out0             ;
; |dec4to16|lpm_mux:Mux0|mux_joc:auto_generated|result_node[0]    ; |dec4to16|lpm_mux:Mux0|mux_joc:auto_generated|result_node[0]    ; out0             ;
+-----------------------------------------------------------------+-----------------------------------------------------------------+------------------+


+---------------------+
; Simulator INI Usage ;
+--------+------------+
; Option ; Usage      ;
+--------+------------+


+--------------------+
; Simulator Messages ;
+--------------------+
Info: *******************************************************************
Info: Running Quartus II 32-bit Simulator
    Info: Version 13.0.1 Build 232 06/12/2013 Service Pack 1 SJ Web Edition
    Info: Processing started: Sat Nov 29 15:52:41 2025
Info: Command: quartus_sim --simulation_results_format=VWF finalproject -c finalproject
Info (324025): Using vector source file "C:/altera/13.0sp1/Projects/COE328/LAB 6 final/LAB 6/final project/decwaveform.vwf"
Info (310003): Option to preserve fewer signal transitions to reduce memory requirements is enabled
    Info (310004): Simulation has been partitioned into sub-simulations according to the maximum transition count determined by the engine. Transitions from memory will be flushed out to disk at the end of each sub-simulation to reduce memory requirements.
Info (310002): Simulation partitioned into 1 sub-simulations
Info (328053): Simulation coverage is      61.95 %
Info (328052): Number of transitions in simulation is 9448
Info (324045): Vector file finalproject.sim.vwf is saved in VWF text format. You can compress it into CVWF format in order to reduce file size. For more details please refer to the Quartus II Help.
Info: Quartus II 32-bit Simulator was successful. 0 errors, 0 warnings
    Info: Peak virtual memory: 272 megabytes
    Info: Processing ended: Sat Nov 29 15:52:41 2025
    Info: Elapsed time: 00:00:00
    Info: Total CPU time (on all processors): 00:00:00


